-- phpMyAdmin SQL Dump
-- version 4.8.5
-- https://www.phpmyadmin.net/
--
-- Host: 127.0.0.1
-- Generation Time: Mar 17, 2021 at 08:41 AM
-- Server version: 10.1.38-MariaDB
-- PHP Version: 7.3.2

SET SQL_MODE = "NO_AUTO_VALUE_ON_ZERO";
SET AUTOCOMMIT = 0;
START TRANSACTION;
SET time_zone = "+00:00";


/*!40101 SET @OLD_CHARACTER_SET_CLIENT=@@CHARACTER_SET_CLIENT */;
/*!40101 SET @OLD_CHARACTER_SET_RESULTS=@@CHARACTER_SET_RESULTS */;
/*!40101 SET @OLD_COLLATION_CONNECTION=@@COLLATION_CONNECTION */;
/*!40101 SET NAMES utf8mb4 */;

--
-- Database: `foodgrab`
--

-- --------------------------------------------------------

--
-- Table structure for table `about_settings`
--

CREATE TABLE `about_settings` (
  `id` bigint(20) UNSIGNED NOT NULL,
  `about_title1` varchar(191) COLLATE utf8mb4_unicode_ci DEFAULT NULL,
  `about_title2` varchar(191) COLLATE utf8mb4_unicode_ci DEFAULT NULL,
  `about_text` text COLLATE utf8mb4_unicode_ci,
  `created_at` timestamp NULL DEFAULT NULL,
  `updated_at` timestamp NULL DEFAULT NULL
) ENGINE=InnoDB DEFAULT CHARSET=utf8mb4 COLLATE=utf8mb4_unicode_ci;

--
-- Dumping data for table `about_settings`
--

INSERT INTO `about_settings` (`id`, `about_title1`, `about_title2`, `about_text`, `created_at`, `updated_at`) VALUES
(1, 'About Light Options Restaurant', 'Our History', 'Light Options restaurant was established in 2008, this restaurant was focusing primary on organic food and everything that is healthy.', '2019-07-02 01:55:08', '2020-05-23 18:45:39');

-- --------------------------------------------------------

--
-- Table structure for table `addons`
--

CREATE TABLE `addons` (
  `id` int(11) NOT NULL,
  `addon_name` varchar(255) NOT NULL,
  `price` double NOT NULL,
  `created_at` timestamp NOT NULL DEFAULT CURRENT_TIMESTAMP,
  `updated_at` timestamp NOT NULL DEFAULT CURRENT_TIMESTAMP ON UPDATE CURRENT_TIMESTAMP
) ENGINE=InnoDB DEFAULT CHARSET=utf8mb4;

--
-- Dumping data for table `addons`
--

INSERT INTO `addons` (`id`, `addon_name`, `price`, `created_at`, `updated_at`) VALUES
(1, 'Pepsi - Diet', 0.25, '2020-03-29 07:25:04', '2020-05-05 02:03:10'),
(3, 'Marinda', 0.25, '2020-03-29 03:33:37', '2020-05-05 03:46:15'),
(5, 'Coca Cola', 0.25, '2020-03-29 05:07:53', '2020-05-05 03:46:07'),
(6, '7up Diet', 0.25, '2020-03-31 12:54:29', '2020-05-05 02:02:19'),
(7, 'White Rice 100 Grams', 0, '2020-04-10 22:59:04', '2020-04-13 03:27:02'),
(8, 'Brown Rice 100 Grams', 0, '2020-04-10 22:59:26', '2020-04-13 03:27:11'),
(9, 'Rosemary Potatoes 100 Grams', 0.75, '2020-04-10 22:59:57', '2020-04-13 03:26:46'),
(10, 'Steamed Vegetables 150 Grams', 1, '2020-04-10 23:00:25', '2020-04-13 03:26:30'),
(11, 'Mashed Potatoes Small', 0.85, '2020-04-10 23:00:52', '2020-04-10 23:00:52'),
(12, 'Sweet Potatoes 100 Grams', 0.75, '2020-04-10 23:01:20', '2020-04-13 03:27:34'),
(13, 'Additional Mozzarella Cheese 50 Grams', 0.25, '2020-04-18 04:28:49', '2020-04-18 04:29:09'),
(14, 'Additional Sauce 50 Grams', 0.1, '2020-04-18 04:30:46', '2020-04-18 04:30:46'),
(15, 'Additional Vegetables 50 Grams', 0.15, '2020-04-18 04:31:08', '2020-04-18 04:31:08'),
(16, 'Additional Mushroom 50 Grams', 0.25, '2020-04-18 04:31:29', '2020-04-18 04:31:29'),
(17, 'Additional Chicken 50 Grams', 0.4, '2020-04-18 04:31:47', '2020-04-18 04:31:47'),
(18, 'Additional Beef 50 Grams', 0.5, '2020-04-18 04:32:07', '2020-04-18 04:32:07'),
(19, 'Additional Beef Pepperoni 50 Grams', 0.5, '2020-04-18 04:32:24', '2020-04-18 04:32:24'),
(20, 'Additional Smoked Turkey 50 Grams', 0.4, '2020-04-18 04:32:50', '2020-04-18 04:32:50'),
(21, 'Additional Tuna 50 Grams', 0.4, '2020-04-18 04:33:09', '2020-04-18 04:33:09'),
(22, 'Remove Vegetables', 0, '2020-04-21 04:02:09', '2020-04-21 04:02:09'),
(23, 'Less Sauce', 0, '2020-04-21 04:02:21', '2020-04-21 04:02:21'),
(24, 'Additional Pasta', 0.15, '2020-04-21 04:02:40', '2020-04-21 04:02:40'),
(25, 'Mix Sauce', 0.15, '2020-04-21 04:02:55', '2020-04-21 04:02:55'),
(26, 'Choice of White Sauce', 0.15, '2020-04-21 04:03:11', '2020-04-21 04:03:11'),
(27, 'Additional Sauce - Pasta', 0.15, '2020-04-21 04:04:35', '2020-04-21 04:04:35'),
(28, 'Mineral Water', 0.25, '2020-05-05 02:02:48', '2020-05-05 02:02:48'),
(29, 'Mashed Potatoes 100 Grams ', 0.85, '2020-05-05 02:04:09', '2020-05-05 02:04:09'),
(30, 'Well Done', 0, '2020-05-05 02:50:55', '2020-05-05 02:50:55'),
(31, 'Less Cheese', 0, '2020-05-05 02:51:09', '2020-05-05 02:51:09'),
(32, 'Salad 100 Grams', 1, '2020-05-05 06:28:50', '2020-05-05 06:28:50'),
(33, 'Cheddar cheese', 0.5, '2020-05-05 06:30:23', '2020-05-05 06:30:23'),
(34, 'Halloumi Cheese 50 Grams', 0.5, '2020-05-05 06:31:18', '2020-05-05 06:31:18'),
(35, 'Cheddar Cheese And Mushroom', 1, '2020-05-05 07:04:54', '2020-05-05 07:04:54'),
(36, 'Cheddar Cheese And Beef bacon', 1, '2020-05-05 07:05:26', '2020-05-05 07:05:26'),
(37, 'Additional Egg', 0.25, '2020-05-07 03:40:35', '2020-05-07 03:40:35'),
(38, 'Testing', 1200, '2020-06-05 12:01:30', '2020-06-05 12:01:30');

-- --------------------------------------------------------

--
-- Table structure for table `addon_cats`
--

CREATE TABLE `addon_cats` (
  `id` int(11) NOT NULL,
  `category_name` varchar(255) DEFAULT NULL,
  `created_at` timestamp NOT NULL DEFAULT CURRENT_TIMESTAMP,
  `updated_at` timestamp NOT NULL DEFAULT CURRENT_TIMESTAMP ON UPDATE CURRENT_TIMESTAMP
) ENGINE=InnoDB DEFAULT CHARSET=utf8mb4;

--
-- Dumping data for table `addon_cats`
--

INSERT INTO `addon_cats` (`id`, `category_name`, `created_at`, `updated_at`) VALUES
(1, 'Cold Drinks', '2020-06-11 14:06:49', '2020-06-11 14:06:49'),
(3, 'Rice Types', '2020-06-12 02:28:00', '2020-06-12 01:03:31');

-- --------------------------------------------------------

--
-- Table structure for table `admins`
--

CREATE TABLE `admins` (
  `id` bigint(20) UNSIGNED NOT NULL,
  `name` varchar(191) COLLATE utf8mb4_unicode_ci NOT NULL DEFAULT 'admin',
  `userName` varchar(191) COLLATE utf8mb4_unicode_ci NOT NULL DEFAULT 'admin',
  `email` varchar(80) COLLATE utf8mb4_unicode_ci NOT NULL DEFAULT 'admin@gmail.com',
  `email_verified_at` timestamp NULL DEFAULT NULL,
  `password` varchar(191) COLLATE utf8mb4_unicode_ci NOT NULL DEFAULT '$2y$10$2XjJVCbg92f1nC.zyLyjveQAFc7SQdqKpR6xZyEDrTi/dWaWF9NKm',
  `remember_token` varchar(100) COLLATE utf8mb4_unicode_ci DEFAULT NULL,
  `role_id` int(11) NOT NULL,
  `created_at` timestamp NULL DEFAULT NULL,
  `updated_at` timestamp NULL DEFAULT NULL
) ENGINE=InnoDB DEFAULT CHARSET=utf8mb4 COLLATE=utf8mb4_unicode_ci;

--
-- Dumping data for table `admins`
--

INSERT INTO `admins` (`id`, `name`, `userName`, `email`, `email_verified_at`, `password`, `remember_token`, `role_id`, `created_at`, `updated_at`) VALUES
(1, 'admin', 'admin', 'admin@gmail.com', NULL, '$2y$12$/mdJP49YlJuMP8GHtsmzsODLlaWyY2pI9PxxfNqS0b.jCZNGT2D2y', NULL, 1, NULL, '2020-06-21 14:38:27'),
(2, 'bilal', 'bili11', 'bili125@gmail.com', NULL, '$2y$10$2XjJVCbg92f1nC.zyLyjveQAFc7SQdqKpR6xZyEDrTi/dWaWF9NKm', NULL, 2, '2020-06-20 22:38:57', '2020-06-22 21:07:37'),
(3, 'ali', 'ali', 'ali265@yahoo.com', NULL, '$2y$10$2XjJVCbg92f1nC.zyLyjveQAFc7SQdqKpR6xZyEDrTi/dWaWF9NKm', NULL, 3, '2020-06-20 22:40:44', '2020-06-20 22:40:44'),
(4, 'Maribel', 'maribel', 'lo-jab@light-option.com', NULL, '$2y$10$Qqbc3fS80ELsBk946fa0tOwnq2RZc269Tpjqsel5YmkoG0YX435tK', NULL, 3, '2020-06-21 01:41:45', '2020-06-21 01:44:14'),
(5, 'Manpreet', 'manpreet', 'lo-mah@light-option.com', NULL, '$2y$10$JsGAjF4guTD19Y0S0OB1m.sAXS72UxL6oyjUOM8HgTvX8GPzvbUKS', NULL, 3, '2020-06-21 01:42:47', '2020-06-21 01:42:47'),
(7, 'Bassem ElSayed', 'bassem', 'bassem111@hotmail.com', NULL, '$2y$10$H8zmwPc.O2iL3R7wCeJ5oeTAzDXnSOIG7lwBFcVgVJ1KUo7waTwBC', NULL, 1, '2020-06-24 15:59:54', '2020-06-24 15:59:54'),
(8, 'Riyad', 'riyad', 'riadabozaid@gmail.com', NULL, '$2y$10$yRwjwZ7k10HpMwcyXOurGOlnAspcMzuU3gpGyl5oq64aDjiczbEpi', NULL, 1, '2020-08-06 13:28:19', '2020-08-06 13:28:19');

-- --------------------------------------------------------

--
-- Table structure for table `assignaddons`
--

CREATE TABLE `assignaddons` (
  `id` int(11) NOT NULL,
  `fooditem_id` int(11) NOT NULL,
  `addon_id` int(11) NOT NULL,
  `addon_type` int(11) DEFAULT NULL,
  `addon_category` int(11) DEFAULT NULL,
  `created_at` timestamp NOT NULL DEFAULT CURRENT_TIMESTAMP,
  `updated_at` timestamp NOT NULL DEFAULT CURRENT_TIMESTAMP ON UPDATE CURRENT_TIMESTAMP
) ENGINE=InnoDB DEFAULT CHARSET=utf8mb4;

--
-- Dumping data for table `assignaddons`
--

INSERT INTO `assignaddons` (`id`, `fooditem_id`, `addon_id`, `addon_type`, `addon_category`, `created_at`, `updated_at`) VALUES
(4, 1, 5, 2, NULL, '2020-03-29 13:14:33', '2020-06-05 07:29:41'),
(6, 2, 1, 2, NULL, '2020-03-29 13:14:54', '2020-06-05 07:29:41'),
(7, 3, 6, 2, NULL, '2020-03-31 12:54:59', '2020-06-05 07:29:41'),
(8, 12, 7, 2, NULL, '2020-04-10 23:01:56', '2020-06-05 07:29:41'),
(9, 12, 8, 2, NULL, '2020-04-10 23:02:14', '2020-06-05 07:29:41'),
(10, 12, 9, 2, NULL, '2020-04-10 23:02:28', '2020-06-05 07:29:41'),
(11, 12, 10, 2, NULL, '2020-04-10 23:02:46', '2020-06-05 07:29:41'),
(12, 12, 11, 2, NULL, '2020-04-10 23:03:00', '2020-06-05 07:29:41'),
(13, 12, 12, 2, NULL, '2020-04-10 23:03:16', '2020-06-05 07:29:41'),
(14, 15, 7, 2, NULL, '2020-04-13 03:28:06', '2020-06-05 07:29:41'),
(15, 15, 8, 2, NULL, '2020-04-13 03:28:16', '2020-06-05 07:29:41'),
(16, 15, 9, 2, NULL, '2020-04-13 03:28:26', '2020-06-05 07:29:41'),
(17, 15, 10, 2, NULL, '2020-04-13 03:28:35', '2020-06-05 07:29:41'),
(18, 15, 11, 2, NULL, '2020-04-13 03:28:48', '2020-06-05 07:29:41'),
(19, 15, 12, 2, NULL, '2020-04-13 03:29:14', '2020-06-05 07:29:41'),
(20, 19, 13, 2, 1, '2020-04-18 04:29:50', '2020-06-12 06:04:29'),
(21, 19, 14, 2, NULL, '2020-04-18 04:33:32', '2020-06-05 07:29:41'),
(22, 19, 15, 2, NULL, '2020-04-18 04:33:44', '2020-06-05 07:29:41'),
(23, 19, 16, 2, NULL, '2020-04-18 04:34:00', '2020-06-05 07:29:41'),
(24, 19, 17, 2, NULL, '2020-04-18 04:34:15', '2020-06-05 07:29:41'),
(25, 19, 18, 2, NULL, '2020-04-18 04:34:24', '2020-06-05 07:29:41'),
(26, 19, 19, 2, NULL, '2020-04-18 04:34:32', '2020-06-05 07:29:41'),
(27, 19, 20, 2, NULL, '2020-04-18 04:34:41', '2020-06-05 07:29:41'),
(28, 19, 21, 2, NULL, '2020-04-18 04:34:52', '2020-06-05 07:29:41'),
(29, 20, 13, 2, NULL, '2020-04-18 04:43:50', '2020-06-05 07:29:41'),
(30, 20, 14, 2, NULL, '2020-04-18 04:44:00', '2020-06-05 07:29:41'),
(31, 20, 15, 2, NULL, '2020-04-18 04:44:15', '2020-06-05 07:29:41'),
(32, 20, 16, 2, NULL, '2020-04-18 04:44:27', '2020-06-05 07:29:41'),
(33, 20, 17, 2, NULL, '2020-04-18 04:44:35', '2020-06-05 07:29:41'),
(34, 20, 18, 2, NULL, '2020-04-18 04:44:45', '2020-06-05 07:29:41'),
(35, 20, 19, 2, NULL, '2020-04-18 04:45:05', '2020-06-05 07:29:41'),
(36, 20, 20, 2, NULL, '2020-04-18 04:45:12', '2020-06-05 07:29:41'),
(37, 20, 21, 2, NULL, '2020-04-18 04:45:19', '2020-06-05 07:29:41'),
(38, 21, 13, 2, NULL, '2020-04-18 04:50:25', '2020-06-05 07:29:41'),
(39, 21, 14, 2, NULL, '2020-04-18 04:50:37', '2020-06-05 07:29:41'),
(40, 21, 15, 2, NULL, '2020-04-18 04:50:50', '2020-06-05 07:29:41'),
(41, 21, 16, 2, NULL, '2020-04-18 04:50:58', '2020-06-05 07:29:41'),
(42, 21, 17, 2, NULL, '2020-04-18 04:51:15', '2020-06-05 07:29:41'),
(43, 21, 18, 2, NULL, '2020-04-18 04:51:23', '2020-06-05 07:29:41'),
(45, 21, 19, 2, NULL, '2020-04-18 04:51:40', '2020-06-05 07:29:41'),
(46, 21, 20, 2, NULL, '2020-04-18 04:51:53', '2020-06-05 07:29:41'),
(47, 21, 21, 2, NULL, '2020-04-18 04:52:05', '2020-06-05 07:29:41'),
(48, 22, 13, 2, NULL, '2020-04-18 04:55:21', '2020-06-05 07:29:41'),
(49, 22, 14, 2, NULL, '2020-04-18 04:55:30', '2020-06-05 07:29:41'),
(50, 22, 15, 2, NULL, '2020-04-18 04:55:37', '2020-06-05 07:29:41'),
(51, 22, 16, 2, NULL, '2020-04-18 04:55:46', '2020-06-05 07:29:41'),
(52, 22, 17, 2, NULL, '2020-04-18 04:56:05', '2020-06-05 07:29:41'),
(53, 22, 18, 2, NULL, '2020-04-18 04:56:15', '2020-06-05 07:29:41'),
(54, 22, 19, 2, NULL, '2020-04-18 04:56:24', '2020-06-05 07:29:41'),
(55, 22, 20, 2, NULL, '2020-04-18 04:56:33', '2020-06-05 07:29:41'),
(56, 22, 21, 2, NULL, '2020-04-18 04:56:40', '2020-06-05 07:29:41'),
(57, 23, 13, 2, NULL, '2020-04-18 05:05:07', '2020-06-05 07:29:41'),
(58, 23, 14, 2, NULL, '2020-04-18 05:05:15', '2020-06-05 07:29:41'),
(59, 23, 15, 2, NULL, '2020-04-18 05:05:25', '2020-06-05 07:29:41'),
(60, 23, 16, 2, NULL, '2020-04-18 05:05:34', '2020-06-05 07:29:41'),
(61, 23, 17, 2, NULL, '2020-04-18 05:05:48', '2020-06-05 07:29:41'),
(62, 23, 18, 2, NULL, '2020-04-18 05:06:00', '2020-06-05 07:29:41'),
(63, 23, 19, 2, NULL, '2020-04-18 05:06:07', '2020-06-05 07:29:41'),
(64, 23, 20, 2, NULL, '2020-04-18 05:06:15', '2020-06-05 07:29:41'),
(65, 23, 21, 2, NULL, '2020-04-18 05:06:22', '2020-06-05 07:29:41'),
(66, 24, 13, 2, NULL, '2020-04-21 03:30:25', '2020-06-05 07:29:41'),
(67, 24, 21, 2, NULL, '2020-04-21 03:30:34', '2020-06-05 07:29:41'),
(68, 24, 15, 2, NULL, '2020-04-21 03:30:43', '2020-06-05 07:29:41'),
(69, 24, 16, 2, NULL, '2020-04-21 03:30:51', '2020-06-05 07:29:41'),
(70, 24, 17, 2, NULL, '2020-04-21 03:31:00', '2020-06-05 07:29:41'),
(71, 24, 18, 2, NULL, '2020-04-21 03:31:14', '2020-06-05 07:29:41'),
(72, 24, 19, 2, NULL, '2020-04-21 03:31:23', '2020-06-05 07:29:41'),
(73, 24, 20, 2, NULL, '2020-04-21 03:31:33', '2020-06-05 07:29:41'),
(74, 24, 20, 2, NULL, '2020-04-21 03:31:41', '2020-06-05 07:29:41'),
(75, 24, 21, 2, NULL, '2020-04-21 03:31:49', '2020-06-05 07:29:41'),
(76, 25, 13, 2, NULL, '2020-04-21 03:36:05', '2020-06-05 07:29:41'),
(77, 25, 14, 2, NULL, '2020-04-21 03:36:13', '2020-06-05 07:29:41'),
(78, 25, 15, 2, NULL, '2020-04-21 03:36:23', '2020-06-05 07:29:41'),
(79, 25, 16, 2, NULL, '2020-04-21 03:36:33', '2020-06-05 07:29:41'),
(81, 25, 17, 2, NULL, '2020-04-21 03:36:49', '2020-06-05 07:29:41'),
(82, 25, 18, 2, NULL, '2020-04-21 03:36:57', '2020-06-05 07:29:41'),
(83, 25, 19, 2, NULL, '2020-04-21 03:37:05', '2020-06-05 07:29:41'),
(84, 25, 20, 2, NULL, '2020-04-21 03:37:14', '2020-06-05 07:29:41'),
(85, 25, 19, 2, NULL, '2020-04-21 03:37:24', '2020-06-05 07:29:41'),
(86, 25, 20, 2, NULL, '2020-04-21 03:37:32', '2020-06-05 07:29:41'),
(87, 25, 21, 2, NULL, '2020-04-21 03:37:41', '2020-06-05 07:29:41'),
(88, 27, 13, 2, NULL, '2020-04-21 03:43:37', '2020-06-05 07:29:41'),
(89, 27, 14, 2, NULL, '2020-04-21 03:43:49', '2020-06-05 07:29:41'),
(90, 27, 15, 2, NULL, '2020-04-21 03:43:56', '2020-06-05 07:29:41'),
(91, 27, 16, 2, NULL, '2020-04-21 03:44:05', '2020-06-05 07:29:41'),
(92, 27, 17, 2, NULL, '2020-04-21 03:44:14', '2020-06-05 07:29:41'),
(93, 27, 18, 2, NULL, '2020-04-21 03:44:22', '2020-06-05 07:29:41'),
(94, 27, 19, 2, NULL, '2020-04-21 03:44:33', '2020-06-05 07:29:41'),
(95, 27, 20, 2, NULL, '2020-04-21 03:44:42', '2020-06-05 07:29:41'),
(96, 27, 21, 2, NULL, '2020-04-21 03:44:50', '2020-06-05 07:29:41'),
(97, 29, 13, 2, NULL, '2020-04-21 03:51:44', '2020-06-05 07:29:41'),
(98, 29, 14, 2, NULL, '2020-04-21 03:51:52', '2020-06-05 07:29:41'),
(99, 29, 15, 2, NULL, '2020-04-21 03:52:00', '2020-06-05 07:29:41'),
(100, 29, 16, 2, NULL, '2020-04-21 03:52:11', '2020-06-05 07:29:41'),
(101, 29, 17, 2, NULL, '2020-04-21 03:52:33', '2020-06-05 07:29:41'),
(102, 29, 18, 2, NULL, '2020-04-21 03:52:44', '2020-06-05 07:29:41'),
(103, 29, 19, 2, NULL, '2020-04-21 03:53:00', '2020-06-05 07:29:41'),
(104, 29, 20, 2, NULL, '2020-04-21 03:53:17', '2020-06-05 07:29:41'),
(105, 29, 21, 2, NULL, '2020-04-21 03:53:25', '2020-06-05 07:29:41'),
(106, 30, 13, 2, NULL, '2020-04-21 03:58:15', '2020-06-05 07:29:41'),
(107, 30, 14, 2, NULL, '2020-04-21 03:58:23', '2020-06-05 07:29:41'),
(108, 30, 15, 2, NULL, '2020-04-21 03:58:31', '2020-06-05 07:29:41'),
(109, 30, 16, 2, NULL, '2020-04-21 03:58:39', '2020-06-05 07:29:41'),
(110, 30, 17, 2, NULL, '2020-04-21 03:58:52', '2020-06-05 07:29:41'),
(111, 30, 18, 2, NULL, '2020-04-21 03:59:07', '2020-06-05 07:29:41'),
(112, 30, 19, 2, NULL, '2020-04-21 03:59:16', '2020-06-05 07:29:41'),
(113, 30, 20, 2, NULL, '2020-04-21 03:59:27', '2020-06-05 07:29:41'),
(114, 30, 21, 2, NULL, '2020-04-21 03:59:35', '2020-06-05 07:29:41'),
(115, 31, 22, 2, NULL, '2020-04-21 04:08:31', '2020-06-05 07:29:41'),
(116, 31, 23, 2, NULL, '2020-04-21 04:08:41', '2020-06-05 07:29:41'),
(118, 31, 27, 2, NULL, '2020-04-21 04:09:13', '2020-06-05 07:29:41'),
(119, 31, 15, 2, NULL, '2020-04-21 04:09:32', '2020-06-05 07:29:41'),
(120, 31, 16, 2, NULL, '2020-04-21 04:09:50', '2020-06-05 07:29:41'),
(121, 31, 17, 2, NULL, '2020-04-21 04:11:50', '2020-06-05 07:29:41'),
(122, 31, 18, 2, NULL, '2020-04-21 04:11:58', '2020-06-05 07:29:41'),
(123, 31, 25, 2, NULL, '2020-04-21 04:12:26', '2020-06-05 07:29:41'),
(124, 31, 20, 2, NULL, '2020-04-21 04:12:43', '2020-06-05 07:29:41'),
(125, 31, 21, 2, NULL, '2020-04-21 04:12:53', '2020-06-05 07:29:41'),
(126, 31, 26, 2, NULL, '2020-04-21 04:13:04', '2020-06-05 07:29:41'),
(127, 31, 24, 2, NULL, '2020-04-21 04:14:04', '2020-06-05 07:29:41'),
(128, 32, 22, 2, NULL, '2020-04-21 04:18:03', '2020-06-05 07:29:41'),
(129, 32, 23, 2, NULL, '2020-04-21 04:18:20', '2020-06-05 07:29:41'),
(130, 32, 24, 2, NULL, '2020-04-21 04:18:33', '2020-06-05 07:29:41'),
(131, 32, 25, 2, NULL, '2020-04-21 04:18:50', '2020-06-05 07:29:41'),
(132, 32, 26, 2, NULL, '2020-04-21 04:19:02', '2020-06-05 07:29:41'),
(133, 32, 27, 2, NULL, '2020-04-21 04:19:12', '2020-06-05 07:29:41'),
(134, 32, 15, 2, NULL, '2020-04-21 04:19:32', '2020-06-05 07:29:41'),
(135, 32, 16, 2, NULL, '2020-04-21 04:19:41', '2020-06-05 07:29:41'),
(136, 32, 17, 2, NULL, '2020-04-21 04:19:51', '2020-06-05 07:29:41'),
(137, 32, 18, 2, NULL, '2020-04-21 04:20:04', '2020-06-05 07:29:41'),
(138, 32, 20, 2, NULL, '2020-04-21 04:20:22', '2020-06-05 07:29:41'),
(139, 32, 21, 2, NULL, '2020-04-21 04:20:35', '2020-06-05 07:29:41'),
(140, 33, 22, 2, NULL, '2020-04-21 04:27:01', '2020-06-05 07:29:41'),
(141, 33, 23, 2, NULL, '2020-04-21 04:27:11', '2020-06-05 07:29:41'),
(142, 33, 24, 2, NULL, '2020-04-21 04:27:22', '2020-06-05 07:29:41'),
(143, 33, 25, 2, NULL, '2020-04-21 04:27:33', '2020-06-05 07:29:41'),
(144, 33, 26, 2, NULL, '2020-04-21 04:27:46', '2020-06-05 07:29:41'),
(145, 33, 27, 2, NULL, '2020-04-21 04:27:57', '2020-06-05 07:29:41'),
(146, 33, 15, 2, NULL, '2020-04-21 04:28:09', '2020-06-05 07:29:41'),
(147, 33, 16, 2, NULL, '2020-04-21 04:28:34', '2020-06-05 07:29:41'),
(148, 33, 17, 2, NULL, '2020-04-21 04:28:48', '2020-06-05 07:29:41'),
(149, 33, 18, 2, NULL, '2020-04-21 04:29:05', '2020-06-05 07:29:41'),
(150, 33, 20, 2, NULL, '2020-04-21 04:29:28', '2020-06-05 07:29:41'),
(151, 33, 21, 2, NULL, '2020-04-21 04:29:38', '2020-06-05 07:29:41'),
(152, 34, 22, 2, NULL, '2020-04-21 04:38:47', '2020-06-05 07:29:41'),
(153, 34, 23, 2, NULL, '2020-04-21 04:38:56', '2020-06-05 07:29:41'),
(154, 34, 24, 2, NULL, '2020-04-21 04:39:09', '2020-06-05 07:29:41'),
(155, 34, 25, 2, NULL, '2020-04-21 04:39:26', '2020-06-05 07:29:41'),
(156, 34, 26, 2, NULL, '2020-04-21 04:39:39', '2020-06-05 07:29:41'),
(157, 34, 27, 2, NULL, '2020-04-21 04:39:51', '2020-06-05 07:29:41'),
(159, 34, 15, 2, NULL, '2020-04-21 04:40:09', '2020-06-05 07:29:41'),
(160, 34, 16, 2, NULL, '2020-04-21 04:40:20', '2020-06-05 07:29:41'),
(161, 34, 17, 2, NULL, '2020-04-21 04:40:29', '2020-06-05 07:29:41'),
(162, 34, 18, 2, NULL, '2020-04-21 04:40:36', '2020-06-05 07:29:41'),
(163, 34, 20, 2, NULL, '2020-04-21 04:40:45', '2020-06-05 07:29:41'),
(164, 34, 21, 2, NULL, '2020-04-21 04:40:54', '2020-06-05 07:29:41'),
(165, 35, 22, 2, NULL, '2020-04-21 04:45:46', '2020-06-05 07:29:41'),
(166, 35, 23, 2, NULL, '2020-04-21 04:45:56', '2020-06-05 07:29:41'),
(167, 35, 24, 2, NULL, '2020-04-21 04:46:06', '2020-06-05 07:29:41'),
(168, 35, 25, 2, NULL, '2020-04-21 04:46:16', '2020-06-05 07:29:41'),
(169, 35, 26, 2, NULL, '2020-04-21 04:46:31', '2020-06-05 07:29:41'),
(170, 35, 27, 2, NULL, '2020-04-21 04:46:43', '2020-06-05 07:29:41'),
(171, 35, 15, 2, NULL, '2020-04-21 04:46:53', '2020-06-05 07:29:41'),
(172, 35, 16, 2, NULL, '2020-04-21 04:47:03', '2020-06-05 07:29:41'),
(173, 35, 17, 2, NULL, '2020-04-21 04:47:12', '2020-06-05 07:29:41'),
(174, 35, 18, 2, NULL, '2020-04-21 04:47:23', '2020-06-05 07:29:41'),
(175, 35, 20, 2, NULL, '2020-04-21 04:47:34', '2020-06-05 07:29:41'),
(176, 35, 21, 2, NULL, '2020-04-21 04:47:42', '2020-06-05 07:29:41'),
(177, 40, 29, 2, NULL, '2020-05-05 02:05:34', '2020-06-05 07:29:41'),
(178, 40, 8, 1, 3, '2020-05-05 02:05:54', '2020-06-14 03:18:34'),
(179, 40, 12, 2, NULL, '2020-05-05 02:06:24', '2020-06-05 07:29:41'),
(180, 40, 10, 2, NULL, '2020-05-05 02:06:47', '2020-06-05 07:29:41'),
(181, 40, 9, 2, NULL, '2020-05-05 02:07:13', '2020-06-05 07:29:41'),
(182, 40, 1, 1, 1, '2020-05-05 02:07:33', '2020-06-15 04:23:59'),
(183, 40, 6, 1, 1, '2020-05-05 02:08:01', '2020-06-15 04:24:25'),
(184, 40, 28, 1, 1, '2020-05-05 02:08:29', '2020-06-15 04:25:09'),
(185, 41, 11, 2, NULL, '2020-05-05 02:10:11', '2020-06-05 07:29:41'),
(186, 41, 8, 1, 3, '2020-05-05 02:10:26', '2020-06-13 04:00:09'),
(187, 41, 12, 2, NULL, '2020-05-05 02:10:43', '2020-06-05 07:29:41'),
(188, 41, 10, 2, NULL, '2020-05-05 02:11:03', '2020-06-05 07:29:41'),
(189, 41, 9, 2, NULL, '2020-05-05 02:11:26', '2020-06-05 07:29:41'),
(190, 41, 1, 1, 1, '2020-05-05 02:11:39', '2020-06-15 04:22:30'),
(191, 41, 6, 1, 1, '2020-05-05 02:11:56', '2020-06-15 04:23:08'),
(192, 41, 28, 1, 1, '2020-05-05 02:12:10', '2020-06-15 04:23:22'),
(193, 42, 29, 2, NULL, '2020-05-05 02:12:59', '2020-06-05 07:29:41'),
(194, 42, 8, 1, 3, '2020-05-05 02:13:27', '2020-06-15 04:19:23'),
(195, 42, 12, 2, NULL, '2020-05-05 02:13:56', '2020-06-05 07:29:41'),
(196, 42, 10, 2, NULL, '2020-05-05 02:14:25', '2020-06-05 07:29:41'),
(197, 42, 9, 2, NULL, '2020-05-05 02:15:19', '2020-06-05 07:29:41'),
(198, 42, 1, 1, 1, '2020-05-05 02:15:32', '2020-06-15 04:20:38'),
(199, 42, 6, 1, 1, '2020-05-05 02:15:47', '2020-06-15 04:20:52'),
(200, 42, 28, 1, 1, '2020-05-05 02:16:08', '2020-06-15 04:21:09'),
(201, 43, 29, 2, NULL, '2020-05-05 02:17:42', '2020-06-05 07:29:41'),
(202, 43, 8, 1, 3, '2020-05-05 02:17:58', '2020-06-15 04:28:44'),
(203, 43, 12, 2, NULL, '2020-05-05 02:18:19', '2020-06-05 07:29:41'),
(204, 43, 10, 2, NULL, '2020-05-05 02:18:34', '2020-06-05 07:29:41'),
(205, 43, 9, 2, NULL, '2020-05-05 02:18:51', '2020-06-05 07:29:41'),
(206, 43, 1, 1, 1, '2020-05-05 02:19:04', '2020-06-15 04:27:20'),
(207, 43, 6, 1, 1, '2020-05-05 02:19:21', '2020-06-15 04:27:37'),
(208, 43, 28, 1, 1, '2020-05-05 02:19:37', '2020-06-15 04:27:46'),
(209, 36, 29, 2, NULL, '2020-05-05 02:20:32', '2020-06-05 07:29:41'),
(210, 36, 8, 1, 3, '2020-05-05 02:20:50', '2020-06-14 03:06:21'),
(211, 36, 12, 2, NULL, '2020-05-05 02:21:05', '2020-06-05 07:29:41'),
(212, 36, 10, 2, NULL, '2020-05-05 02:21:32', '2020-06-05 07:29:41'),
(213, 36, 9, 2, NULL, '2020-05-05 02:21:52', '2020-06-05 07:29:41'),
(214, 37, 29, 2, NULL, '2020-05-05 02:22:28', '2020-06-05 07:29:41'),
(215, 37, 8, 1, 3, '2020-05-05 02:22:47', '2020-06-14 03:08:11'),
(216, 37, 12, 2, NULL, '2020-05-05 02:23:07', '2020-06-05 07:29:41'),
(217, 37, 10, 2, NULL, '2020-05-05 02:23:22', '2020-06-05 07:29:41'),
(218, 37, 9, 2, NULL, '2020-05-05 02:23:45', '2020-06-05 07:29:41'),
(219, 38, 29, 2, NULL, '2020-05-05 02:24:24', '2020-06-05 07:29:41'),
(220, 38, 8, 1, 3, '2020-05-05 02:24:37', '2020-06-14 03:10:31'),
(221, 38, 12, 2, NULL, '2020-05-05 02:24:54', '2020-06-05 07:29:41'),
(222, 38, 10, 2, NULL, '2020-05-05 02:25:20', '2020-06-05 07:29:41'),
(223, 38, 9, 2, NULL, '2020-05-05 02:25:39', '2020-06-05 07:29:41'),
(224, 39, 29, 2, NULL, '2020-05-05 02:26:39', '2020-06-05 07:29:41'),
(225, 39, 8, 1, 3, '2020-05-05 02:26:54', '2020-06-14 03:12:11'),
(226, 39, 12, 2, NULL, '2020-05-05 02:27:21', '2020-06-05 07:29:41'),
(227, 39, 10, 2, NULL, '2020-05-05 02:27:42', '2020-06-05 07:29:41'),
(228, 39, 9, 2, NULL, '2020-05-05 02:28:00', '2020-06-05 07:29:41'),
(229, 44, 29, 2, NULL, '2020-05-05 02:31:02', '2020-06-05 07:29:41'),
(230, 44, 8, 1, 3, '2020-05-05 02:31:19', '2020-06-14 03:13:43'),
(231, 44, 12, 2, NULL, '2020-05-05 02:31:40', '2020-06-05 07:29:41'),
(232, 44, 10, 2, NULL, '2020-05-05 02:31:59', '2020-06-05 07:29:41'),
(233, 44, 9, 2, NULL, '2020-05-05 02:32:33', '2020-06-05 07:29:41'),
(234, 45, 22, 2, NULL, '2020-05-05 02:50:05', '2020-06-05 07:29:41'),
(235, 45, 23, 2, NULL, '2020-05-05 02:50:21', '2020-06-05 07:29:41'),
(236, 45, 30, 2, NULL, '2020-05-05 02:51:37', '2020-06-05 07:29:41'),
(237, 45, 31, 2, NULL, '2020-05-05 02:51:54', '2020-06-05 07:29:41'),
(238, 45, 13, 2, NULL, '2020-05-05 02:52:15', '2020-06-05 07:29:41'),
(239, 45, 14, 2, NULL, '2020-05-05 02:52:29', '2020-06-05 07:29:41'),
(240, 45, 17, 2, NULL, '2020-05-05 02:52:44', '2020-06-05 07:29:41'),
(241, 45, 18, 2, NULL, '2020-05-05 02:53:08', '2020-06-05 07:29:41'),
(242, 45, 19, 2, NULL, '2020-05-05 02:53:20', '2020-06-05 07:29:41'),
(243, 45, 20, 2, NULL, '2020-05-05 02:53:51', '2020-06-05 07:29:41'),
(244, 45, 21, 2, NULL, '2020-05-05 02:54:05', '2020-06-05 07:29:41'),
(245, 45, 16, 2, NULL, '2020-05-05 02:54:23', '2020-06-05 07:29:41'),
(246, 46, 22, 2, NULL, '2020-05-05 02:58:15', '2020-06-05 07:29:41'),
(247, 46, 23, 2, NULL, '2020-05-05 02:58:28', '2020-06-05 07:29:41'),
(248, 46, 30, 2, NULL, '2020-05-05 02:58:44', '2020-06-05 07:29:41'),
(249, 46, 31, 2, NULL, '2020-05-05 02:59:00', '2020-06-05 07:29:41'),
(250, 46, 13, 2, NULL, '2020-05-05 02:59:14', '2020-06-05 07:29:41'),
(251, 46, 14, 2, NULL, '2020-05-05 02:59:29', '2020-06-05 07:29:41'),
(252, 46, 15, 2, NULL, '2020-05-05 02:59:58', '2020-06-05 07:29:41'),
(253, 46, 17, 2, NULL, '2020-05-05 03:00:25', '2020-06-05 07:29:41'),
(254, 46, 18, 2, NULL, '2020-05-05 03:00:40', '2020-06-05 07:29:41'),
(255, 46, 19, 2, NULL, '2020-05-05 03:00:49', '2020-06-05 07:29:41'),
(257, 46, 20, 2, NULL, '2020-05-05 03:01:15', '2020-06-05 07:29:41'),
(258, 46, 21, 2, NULL, '2020-05-05 03:01:33', '2020-06-05 07:29:41'),
(259, 46, 16, 2, NULL, '2020-05-05 03:01:55', '2020-06-05 07:29:41'),
(260, 47, 22, 2, NULL, '2020-05-05 03:05:51', '2020-06-05 07:29:41'),
(261, 47, 23, 2, NULL, '2020-05-05 03:06:13', '2020-06-05 07:29:41'),
(262, 47, 30, 2, NULL, '2020-05-05 03:06:30', '2020-06-05 07:29:41'),
(263, 47, 31, 2, NULL, '2020-05-05 03:06:56', '2020-06-05 07:29:41'),
(264, 47, 13, 2, NULL, '2020-05-05 03:07:09', '2020-06-05 07:29:41'),
(265, 47, 14, 2, NULL, '2020-05-05 03:07:27', '2020-06-05 07:29:41'),
(266, 47, 16, 2, NULL, '2020-05-05 03:07:43', '2020-06-05 07:29:41'),
(267, 47, 17, 2, NULL, '2020-05-05 03:07:57', '2020-06-05 07:29:41'),
(268, 47, 18, 2, NULL, '2020-05-05 03:08:08', '2020-06-05 07:29:41'),
(269, 47, 19, 2, NULL, '2020-05-05 03:08:19', '2020-06-05 07:29:41'),
(270, 47, 20, 2, NULL, '2020-05-05 03:08:34', '2020-06-05 07:29:41'),
(271, 47, 21, 2, NULL, '2020-05-05 03:08:48', '2020-06-05 07:29:41'),
(272, 47, 15, 2, NULL, '2020-05-05 03:09:08', '2020-06-05 07:29:41'),
(273, 48, 22, 2, NULL, '2020-05-05 03:14:11', '2020-06-05 07:29:41'),
(274, 48, 23, 2, NULL, '2020-05-05 03:14:26', '2020-06-05 07:29:41'),
(275, 48, 30, 2, NULL, '2020-05-05 03:14:37', '2020-06-05 07:29:41'),
(276, 48, 31, 2, NULL, '2020-05-05 03:14:52', '2020-06-05 07:29:41'),
(277, 48, 13, 2, NULL, '2020-05-05 03:15:07', '2020-06-05 07:29:41'),
(278, 48, 14, 2, NULL, '2020-05-05 03:15:21', '2020-06-05 07:29:41'),
(279, 48, 15, 2, NULL, '2020-05-05 03:15:31', '2020-06-05 07:29:41'),
(280, 48, 16, 2, NULL, '2020-05-05 03:18:15', '2020-06-05 07:29:41'),
(281, 48, 17, 2, NULL, '2020-05-05 03:18:31', '2020-06-05 07:29:41'),
(282, 48, 18, 2, NULL, '2020-05-05 03:18:41', '2020-06-05 07:29:41'),
(283, 48, 19, 2, NULL, '2020-05-05 03:18:57', '2020-06-05 07:29:41'),
(284, 48, 20, 2, NULL, '2020-05-05 03:19:10', '2020-06-05 07:29:41'),
(285, 48, 21, 2, NULL, '2020-05-05 03:19:23', '2020-06-05 07:29:41'),
(286, 49, 22, 2, NULL, '2020-05-05 03:26:54', '2020-06-05 07:29:41'),
(287, 49, 23, 2, NULL, '2020-05-05 03:27:13', '2020-06-05 07:29:41'),
(288, 49, 30, 2, NULL, '2020-05-05 03:27:28', '2020-06-05 07:29:41'),
(289, 49, 31, 2, NULL, '2020-05-05 03:27:44', '2020-06-05 07:29:41'),
(290, 49, 13, 2, NULL, '2020-05-05 03:27:58', '2020-06-05 07:29:41'),
(291, 49, 14, 2, NULL, '2020-05-05 03:28:28', '2020-06-05 07:29:41'),
(292, 49, 15, 2, NULL, '2020-05-05 03:28:47', '2020-06-05 07:29:41'),
(293, 49, 16, 2, NULL, '2020-05-05 03:29:32', '2020-06-05 07:29:41'),
(294, 49, 17, 2, NULL, '2020-05-05 03:30:00', '2020-06-05 07:29:41'),
(295, 49, 18, 2, NULL, '2020-05-05 03:30:11', '2020-06-05 07:29:41'),
(296, 49, 19, 2, NULL, '2020-05-05 03:30:22', '2020-06-05 07:29:41'),
(297, 49, 20, 2, NULL, '2020-05-05 03:30:40', '2020-06-05 07:29:41'),
(298, 49, 21, 2, NULL, '2020-05-05 03:30:51', '2020-06-05 07:29:41'),
(299, 50, 22, 2, NULL, '2020-05-05 03:35:26', '2020-06-05 07:29:41'),
(300, 50, 23, 2, NULL, '2020-05-05 03:35:40', '2020-06-05 07:29:41'),
(301, 50, 30, 2, NULL, '2020-05-05 03:35:55', '2020-06-05 07:29:41'),
(302, 50, 31, 2, NULL, '2020-05-05 03:36:11', '2020-06-05 07:29:41'),
(303, 50, 13, 2, NULL, '2020-05-05 03:36:29', '2020-06-05 07:29:41'),
(304, 50, 14, 2, NULL, '2020-05-05 03:36:47', '2020-06-05 07:29:41'),
(305, 50, 15, 2, NULL, '2020-05-05 03:37:00', '2020-06-05 07:29:41'),
(306, 50, 16, 2, NULL, '2020-05-05 03:37:25', '2020-06-05 07:29:41'),
(307, 50, 17, 2, NULL, '2020-05-05 03:37:43', '2020-06-05 07:29:41'),
(308, 50, 18, 2, NULL, '2020-05-05 03:38:15', '2020-06-05 07:29:41'),
(309, 50, 19, 2, NULL, '2020-05-05 03:38:51', '2020-06-05 07:29:41'),
(310, 50, 20, 2, NULL, '2020-05-05 03:39:13', '2020-06-05 07:29:41'),
(311, 50, 21, 2, NULL, '2020-05-05 03:39:32', '2020-06-05 07:29:41'),
(312, 51, 22, 2, NULL, '2020-05-05 03:55:16', '2020-06-05 07:29:41'),
(313, 51, 23, 2, NULL, '2020-05-05 03:55:41', '2020-06-05 07:29:41'),
(314, 51, 30, 2, NULL, '2020-05-05 03:56:05', '2020-06-05 07:29:41'),
(315, 51, 31, 2, NULL, '2020-05-05 03:56:26', '2020-06-05 07:29:41'),
(316, 51, 13, 2, NULL, '2020-05-05 03:56:41', '2020-06-05 07:29:41'),
(317, 51, 14, 2, NULL, '2020-05-05 03:56:57', '2020-06-05 07:29:41'),
(318, 51, 15, 2, NULL, '2020-05-05 03:57:17', '2020-06-05 07:29:41'),
(319, 51, 16, 2, NULL, '2020-05-05 03:57:49', '2020-06-05 07:29:41'),
(320, 51, 17, 2, NULL, '2020-05-05 03:58:03', '2020-06-05 07:29:41'),
(321, 51, 18, 2, NULL, '2020-05-05 03:58:42', '2020-06-05 07:29:41'),
(322, 51, 19, 2, NULL, '2020-05-05 03:58:58', '2020-06-05 07:29:41'),
(323, 51, 20, 2, NULL, '2020-05-05 03:59:13', '2020-06-05 07:29:41'),
(324, 51, 21, 2, NULL, '2020-05-05 03:59:30', '2020-06-05 07:29:41'),
(325, 52, 22, 2, NULL, '2020-05-05 04:52:05', '2020-06-05 07:29:41'),
(326, 52, 23, 2, NULL, '2020-05-05 04:52:21', '2020-06-05 07:29:41'),
(327, 52, 30, 2, NULL, '2020-05-05 04:52:35', '2020-06-05 07:29:41'),
(328, 52, 31, 2, NULL, '2020-05-05 04:52:53', '2020-06-05 07:29:41'),
(329, 52, 13, 2, NULL, '2020-05-05 04:53:20', '2020-06-05 07:29:41'),
(330, 52, 14, 2, NULL, '2020-05-05 04:53:36', '2020-06-05 07:29:41'),
(331, 52, 15, 2, NULL, '2020-05-05 04:53:57', '2020-06-05 07:29:41'),
(332, 52, 17, 2, NULL, '2020-05-05 04:55:06', '2020-06-05 07:29:41'),
(333, 52, 18, 2, NULL, '2020-05-05 04:55:25', '2020-06-05 07:29:41'),
(334, 52, 19, 2, NULL, '2020-05-05 04:55:42', '2020-06-05 07:29:41'),
(335, 52, 20, 2, NULL, '2020-05-05 04:56:13', '2020-06-05 07:29:41'),
(336, 52, 21, 2, NULL, '2020-05-05 04:56:25', '2020-06-05 07:29:41'),
(337, 52, 16, 2, NULL, '2020-05-05 04:56:42', '2020-06-05 07:29:41'),
(338, 53, 22, 2, NULL, '2020-05-05 05:07:54', '2020-06-05 07:29:41'),
(339, 53, 23, 2, NULL, '2020-05-05 05:08:20', '2020-06-05 07:29:41'),
(340, 53, 31, 2, NULL, '2020-05-05 05:08:45', '2020-06-05 07:29:41'),
(341, 53, 30, 2, NULL, '2020-05-05 05:09:17', '2020-06-05 07:29:41'),
(342, 53, 13, 2, NULL, '2020-05-05 05:09:28', '2020-06-05 07:29:41'),
(343, 53, 14, 2, NULL, '2020-05-05 05:09:40', '2020-06-05 07:29:41'),
(344, 53, 15, 2, NULL, '2020-05-05 05:09:55', '2020-06-05 07:29:41'),
(345, 53, 16, 2, NULL, '2020-05-05 05:10:07', '2020-06-05 07:29:41'),
(346, 53, 17, 2, NULL, '2020-05-05 05:10:22', '2020-06-05 07:29:41'),
(347, 53, 18, 2, NULL, '2020-05-05 05:10:36', '2020-06-05 07:29:41'),
(348, 53, 19, 2, NULL, '2020-05-05 05:10:51', '2020-06-05 07:29:41'),
(349, 53, 20, 2, NULL, '2020-05-05 05:11:04', '2020-06-05 07:29:41'),
(350, 53, 21, 2, NULL, '2020-05-05 05:11:20', '2020-06-05 07:29:41'),
(351, 54, 22, 2, NULL, '2020-05-05 05:17:53', '2020-06-05 07:29:41'),
(352, 54, 23, 2, NULL, '2020-05-05 05:18:06', '2020-06-05 07:29:41'),
(353, 54, 31, 2, NULL, '2020-05-05 05:18:33', '2020-06-05 07:29:41'),
(354, 54, 30, 2, NULL, '2020-05-05 05:18:44', '2020-06-05 07:29:41'),
(355, 54, 13, 2, NULL, '2020-05-05 05:19:36', '2020-06-05 07:29:41'),
(356, 54, 14, 2, NULL, '2020-05-05 05:19:57', '2020-06-05 07:29:41'),
(357, 54, 15, 2, NULL, '2020-05-05 05:20:20', '2020-06-05 07:29:41'),
(358, 54, 16, 2, NULL, '2020-05-05 05:20:50', '2020-06-05 07:29:41'),
(359, 54, 17, 2, NULL, '2020-05-05 05:21:03', '2020-06-05 07:29:41'),
(360, 54, 18, 2, NULL, '2020-05-05 05:21:19', '2020-06-05 07:29:41'),
(361, 54, 19, 2, NULL, '2020-05-05 05:21:27', '2020-06-05 07:29:41'),
(362, 54, 20, 2, NULL, '2020-05-05 05:21:41', '2020-06-05 07:29:41'),
(363, 54, 21, 2, NULL, '2020-05-05 05:21:53', '2020-06-05 07:29:41'),
(364, 55, 22, 2, NULL, '2020-05-05 05:28:43', '2020-06-05 07:29:41'),
(365, 55, 23, 2, NULL, '2020-05-05 05:28:54', '2020-06-05 07:29:41'),
(366, 55, 31, 2, NULL, '2020-05-05 05:29:04', '2020-06-05 07:29:41'),
(367, 55, 30, 2, NULL, '2020-05-05 05:29:11', '2020-06-05 07:29:41'),
(368, 55, 13, 2, NULL, '2020-05-05 05:29:26', '2020-06-05 07:29:41'),
(369, 55, 14, 2, NULL, '2020-05-05 05:29:36', '2020-06-05 07:29:41'),
(370, 55, 15, 2, NULL, '2020-05-05 05:29:45', '2020-06-05 07:29:41'),
(371, 55, 16, 2, NULL, '2020-05-05 05:30:00', '2020-06-05 07:29:41'),
(372, 55, 17, 2, NULL, '2020-05-05 05:30:20', '2020-06-05 07:29:41'),
(373, 55, 18, 2, NULL, '2020-05-05 05:30:29', '2020-06-05 07:29:41'),
(374, 55, 19, 2, NULL, '2020-05-05 05:30:36', '2020-06-05 07:29:41'),
(375, 55, 20, 2, NULL, '2020-05-05 05:30:44', '2020-06-05 07:29:41'),
(376, 55, 21, 2, NULL, '2020-05-05 05:30:54', '2020-06-05 07:29:41'),
(377, 56, 22, 2, NULL, '2020-05-05 05:39:48', '2020-06-05 07:29:41'),
(378, 56, 23, 2, NULL, '2020-05-05 05:40:00', '2020-06-05 07:29:41'),
(379, 56, 30, 2, NULL, '2020-05-05 05:40:12', '2020-06-05 07:29:41'),
(380, 56, 31, 2, NULL, '2020-05-05 05:40:19', '2020-06-05 07:29:41'),
(381, 56, 13, 2, NULL, '2020-05-05 05:40:27', '2020-06-05 07:29:41'),
(382, 56, 14, 2, NULL, '2020-05-05 05:40:35', '2020-06-05 07:29:41'),
(383, 56, 15, 2, NULL, '2020-05-05 05:40:48', '2020-06-05 07:29:41'),
(384, 56, 16, 2, NULL, '2020-05-05 05:41:02', '2020-06-05 07:29:41'),
(385, 56, 17, 2, NULL, '2020-05-05 05:41:11', '2020-06-05 07:29:41'),
(386, 56, 18, 2, NULL, '2020-05-05 05:41:24', '2020-06-05 07:29:41'),
(387, 56, 19, 2, NULL, '2020-05-05 05:41:34', '2020-06-05 07:29:41'),
(388, 56, 20, 2, NULL, '2020-05-05 05:41:42', '2020-06-05 07:29:41'),
(389, 56, 21, 2, NULL, '2020-05-05 05:42:00', '2020-06-05 07:29:41'),
(390, 57, 22, 2, NULL, '2020-05-05 05:54:56', '2020-06-05 07:29:41'),
(391, 57, 23, 2, NULL, '2020-05-05 05:55:04', '2020-06-05 07:29:41'),
(392, 57, 31, 2, NULL, '2020-05-05 05:55:16', '2020-06-05 07:29:41'),
(393, 57, 30, 2, NULL, '2020-05-05 05:55:23', '2020-06-05 07:29:41'),
(394, 57, 13, 2, NULL, '2020-05-05 05:55:31', '2020-06-05 07:29:41'),
(395, 57, 14, 2, NULL, '2020-05-05 05:55:40', '2020-06-05 07:29:41'),
(396, 57, 15, 2, NULL, '2020-05-05 05:55:51', '2020-06-05 07:29:41'),
(397, 57, 16, 2, NULL, '2020-05-05 05:56:15', '2020-06-05 07:29:41'),
(398, 57, 17, 2, NULL, '2020-05-05 05:56:31', '2020-06-05 07:29:41'),
(400, 57, 18, 2, NULL, '2020-05-05 05:56:46', '2020-06-05 07:29:41'),
(401, 57, 19, 2, NULL, '2020-05-05 05:56:56', '2020-06-05 07:29:41'),
(402, 57, 20, 2, NULL, '2020-05-05 05:57:05', '2020-06-05 07:29:41'),
(403, 57, 21, 2, NULL, '2020-05-05 05:57:14', '2020-06-05 07:29:41'),
(404, 58, 22, 2, NULL, '2020-05-05 06:03:48', '2020-06-05 07:29:41'),
(405, 58, 23, 2, NULL, '2020-05-05 06:03:59', '2020-06-05 07:29:41'),
(406, 58, 30, 2, NULL, '2020-05-05 06:04:09', '2020-06-05 07:29:41'),
(407, 58, 31, 2, NULL, '2020-05-05 06:04:31', '2020-06-05 07:29:41'),
(408, 58, 13, 2, NULL, '2020-05-05 06:04:45', '2020-06-05 07:29:41'),
(409, 58, 14, 2, NULL, '2020-05-05 06:05:53', '2020-06-05 07:29:41'),
(410, 58, 15, 2, NULL, '2020-05-05 06:06:14', '2020-06-05 07:29:41'),
(411, 58, 16, 2, NULL, '2020-05-05 06:06:32', '2020-06-05 07:29:41'),
(412, 58, 17, 2, NULL, '2020-05-05 06:06:48', '2020-06-05 07:29:41'),
(413, 58, 18, 2, NULL, '2020-05-05 06:08:13', '2020-06-05 07:29:41'),
(414, 58, 19, 2, NULL, '2020-05-05 06:08:24', '2020-06-05 07:29:41'),
(415, 58, 20, 2, NULL, '2020-05-05 06:08:36', '2020-06-05 07:29:41'),
(416, 58, 21, 2, NULL, '2020-05-05 06:08:54', '2020-06-05 07:29:41'),
(417, 59, 22, 2, NULL, '2020-05-05 06:18:30', '2020-06-05 07:29:41'),
(418, 59, 23, 2, NULL, '2020-05-05 06:19:43', '2020-06-05 07:29:41'),
(419, 59, 30, 2, NULL, '2020-05-05 06:20:11', '2020-06-05 07:29:41'),
(420, 59, 31, 2, NULL, '2020-05-05 06:20:26', '2020-06-05 07:29:41'),
(421, 59, 13, 2, NULL, '2020-05-05 06:20:36', '2020-06-05 07:29:41'),
(422, 59, 14, 2, NULL, '2020-05-05 06:20:46', '2020-06-05 07:29:41'),
(423, 59, 15, 2, NULL, '2020-05-05 06:20:54', '2020-06-05 07:29:41'),
(424, 59, 16, 2, NULL, '2020-05-05 06:21:13', '2020-06-05 07:29:41'),
(425, 59, 17, 2, NULL, '2020-05-05 06:22:21', '2020-06-05 07:29:41'),
(426, 59, 18, 2, NULL, '2020-05-05 06:22:33', '2020-06-05 07:29:41'),
(427, 59, 19, 2, NULL, '2020-05-05 06:22:42', '2020-06-05 07:29:41'),
(428, 59, 20, 2, NULL, '2020-05-05 06:22:54', '2020-06-05 07:29:41'),
(429, 59, 21, 2, NULL, '2020-05-05 06:23:06', '2020-06-05 07:29:41'),
(430, 61, 22, 2, NULL, '2020-05-05 06:25:35', '2020-06-05 07:29:41'),
(431, 61, 23, 2, NULL, '2020-05-05 06:25:44', '2020-06-05 07:29:41'),
(432, 61, 30, 2, NULL, '2020-05-05 06:26:05', '2020-06-05 07:29:41'),
(433, 61, 31, 2, NULL, '2020-05-05 06:26:24', '2020-06-05 07:29:41'),
(434, 61, 13, 2, NULL, '2020-05-05 06:26:39', '2020-06-05 07:29:41'),
(435, 61, 14, 2, NULL, '2020-05-05 06:26:46', '2020-06-05 07:29:41'),
(436, 61, 15, 2, NULL, '2020-05-05 06:26:59', '2020-06-05 07:29:41'),
(437, 61, 16, 2, NULL, '2020-05-05 06:27:09', '2020-06-05 07:29:41'),
(438, 61, 17, 2, NULL, '2020-05-05 06:27:19', '2020-06-05 07:29:41'),
(439, 61, 18, 2, NULL, '2020-05-05 06:27:27', '2020-06-05 07:29:41'),
(440, 61, 19, 2, NULL, '2020-05-05 06:27:35', '2020-06-05 07:29:41'),
(441, 61, 20, 2, NULL, '2020-05-05 06:27:42', '2020-06-05 07:29:41'),
(442, 61, 21, 2, NULL, '2020-05-05 06:27:50', '2020-06-05 07:29:41'),
(443, 62, 10, 2, NULL, '2020-05-05 06:38:22', '2020-06-05 07:29:41'),
(444, 62, 32, 2, NULL, '2020-05-05 06:38:46', '2020-06-05 07:29:41'),
(445, 62, 12, 2, NULL, '2020-05-05 06:38:57', '2020-06-05 07:29:41'),
(446, 62, 9, 2, NULL, '2020-05-05 06:39:09', '2020-06-05 07:29:41'),
(447, 62, 15, 2, NULL, '2020-05-05 06:39:21', '2020-06-05 07:29:41'),
(448, 62, 34, 2, NULL, '2020-05-05 06:39:30', '2020-06-05 07:29:41'),
(449, 63, 10, 2, NULL, '2020-05-05 06:40:34', '2020-06-05 07:29:41'),
(450, 63, 32, 2, NULL, '2020-05-05 06:40:43', '2020-06-05 07:29:41'),
(451, 63, 12, 2, NULL, '2020-05-05 06:40:52', '2020-06-05 07:29:41'),
(452, 63, 9, 2, NULL, '2020-05-05 06:41:02', '2020-06-05 07:29:41'),
(453, 63, 15, 2, NULL, '2020-05-05 06:41:19', '2020-06-05 07:29:41'),
(454, 63, 34, 2, NULL, '2020-05-05 06:41:27', '2020-06-05 07:29:41'),
(455, 64, 10, 2, NULL, '2020-05-05 06:41:54', '2020-06-05 07:29:41'),
(456, 64, 32, 2, NULL, '2020-05-05 06:42:18', '2020-06-05 07:29:41'),
(457, 64, 12, 2, NULL, '2020-05-05 06:42:35', '2020-06-05 07:29:41'),
(458, 64, 9, 2, NULL, '2020-05-05 06:42:44', '2020-06-05 07:29:41'),
(459, 64, 15, 2, NULL, '2020-05-05 06:42:56', '2020-06-05 07:29:41'),
(460, 64, 34, 2, NULL, '2020-05-05 06:43:02', '2020-06-05 07:29:41'),
(461, 65, 10, 2, NULL, '2020-05-05 06:44:40', '2020-06-05 07:29:41'),
(462, 65, 32, 2, NULL, '2020-05-05 06:44:49', '2020-06-05 07:29:41'),
(463, 65, 12, 2, NULL, '2020-05-05 06:44:58', '2020-06-05 07:29:41'),
(464, 65, 9, 2, NULL, '2020-05-05 06:45:11', '2020-06-05 07:29:41'),
(465, 65, 15, 2, NULL, '2020-05-05 06:45:19', '2020-06-05 07:29:41'),
(466, 65, 34, 2, NULL, '2020-05-05 06:45:25', '2020-06-05 07:29:41'),
(467, 66, 10, 2, NULL, '2020-05-05 06:45:51', '2020-06-05 07:29:41'),
(468, 66, 32, 2, NULL, '2020-05-05 06:46:00', '2020-06-05 07:29:41'),
(469, 66, 12, 2, NULL, '2020-05-05 06:46:13', '2020-06-05 07:29:41'),
(470, 66, 9, 2, NULL, '2020-05-05 06:46:22', '2020-06-05 07:29:41'),
(471, 66, 15, 2, NULL, '2020-05-05 06:46:31', '2020-06-05 07:29:41'),
(472, 66, 34, 2, NULL, '2020-05-05 06:46:37', '2020-06-05 07:29:41'),
(473, 67, 10, 2, NULL, '2020-05-05 06:47:34', '2020-06-05 07:29:41'),
(474, 67, 32, 2, NULL, '2020-05-05 06:47:45', '2020-06-05 07:29:41'),
(475, 67, 12, 2, NULL, '2020-05-05 06:47:56', '2020-06-05 07:29:41'),
(476, 67, 9, 2, NULL, '2020-05-05 06:48:04', '2020-06-05 07:29:41'),
(477, 67, 15, 2, NULL, '2020-05-05 06:48:14', '2020-06-05 07:29:41'),
(478, 67, 34, 2, NULL, '2020-05-05 06:48:20', '2020-06-05 07:29:41'),
(480, 68, 10, 2, NULL, '2020-05-05 06:49:10', '2020-06-05 07:29:41'),
(481, 68, 32, 2, NULL, '2020-05-05 06:49:24', '2020-06-05 07:29:41'),
(482, 68, 12, 2, NULL, '2020-05-05 06:49:32', '2020-06-05 07:29:41'),
(483, 68, 9, 2, NULL, '2020-05-05 06:49:39', '2020-06-05 07:29:41'),
(484, 68, 15, 2, NULL, '2020-05-05 06:49:49', '2020-06-05 07:29:41'),
(485, 68, 34, 2, NULL, '2020-05-05 06:49:56', '2020-06-05 07:29:41'),
(486, 69, 10, 2, NULL, '2020-05-05 06:50:10', '2020-06-05 07:29:41'),
(487, 69, 32, 2, NULL, '2020-05-05 06:50:25', '2020-06-05 07:29:41'),
(488, 69, 12, 2, NULL, '2020-05-05 06:50:34', '2020-06-05 07:29:41'),
(489, 69, 9, 2, NULL, '2020-05-05 06:50:47', '2020-06-05 07:29:41'),
(490, 69, 15, 2, NULL, '2020-05-05 06:50:57', '2020-06-05 07:29:41'),
(491, 69, 34, 2, NULL, '2020-05-05 06:51:08', '2020-06-05 07:29:41'),
(493, 70, 29, 2, NULL, '2020-05-05 07:00:02', '2020-06-05 07:29:41'),
(494, 70, 8, 1, 3, '2020-05-05 07:00:13', '2020-06-14 03:15:11'),
(495, 70, 12, 2, NULL, '2020-05-05 07:00:22', '2020-06-05 07:29:41'),
(496, 70, 10, 2, NULL, '2020-05-05 07:00:30', '2020-06-05 07:29:41'),
(497, 70, 7, 2, NULL, '2020-05-05 07:00:38', '2020-06-05 07:29:41'),
(498, 70, 9, 2, NULL, '2020-05-05 07:00:50', '2020-06-05 07:29:41'),
(499, 71, 29, 2, NULL, '2020-05-05 07:01:46', '2020-06-05 07:29:41'),
(500, 71, 8, 1, 3, '2020-05-05 07:02:01', '2020-06-14 03:16:41'),
(501, 71, 12, 2, NULL, '2020-05-05 07:02:10', '2020-06-05 07:29:41'),
(502, 71, 10, 2, NULL, '2020-05-05 07:02:22', '2020-06-05 07:29:41'),
(503, 71, 7, 2, NULL, '2020-05-05 07:02:30', '2020-06-05 07:29:41'),
(504, 71, 9, 2, NULL, '2020-05-05 07:02:37', '2020-06-05 07:29:41'),
(505, 60, 35, 2, NULL, '2020-05-05 07:07:10', '2020-06-05 07:29:41'),
(506, 60, 36, 2, NULL, '2020-05-05 07:07:29', '2020-06-05 07:29:41'),
(507, 60, 9, 2, NULL, '2020-05-05 07:07:42', '2020-06-05 07:29:41'),
(508, 60, 29, 2, NULL, '2020-05-05 07:08:03', '2020-06-05 07:29:41'),
(509, 60, 10, 2, NULL, '2020-05-05 07:08:19', '2020-06-05 07:29:41'),
(510, 60, 12, 2, NULL, '2020-05-05 07:08:33', '2020-06-05 07:29:41'),
(511, 72, 35, 2, NULL, '2020-05-05 07:09:53', '2020-06-05 07:29:41'),
(512, 72, 36, 2, NULL, '2020-05-05 07:10:00', '2020-06-05 07:29:41'),
(513, 72, 9, 2, NULL, '2020-05-05 07:10:17', '2020-06-05 07:29:41'),
(514, 72, 29, 2, NULL, '2020-05-05 07:10:30', '2020-06-05 07:29:41'),
(515, 72, 10, 2, NULL, '2020-05-05 07:10:38', '2020-06-05 07:29:41'),
(516, 72, 12, 2, NULL, '2020-05-05 07:10:49', '2020-06-05 07:29:41'),
(517, 73, 35, 2, NULL, '2020-05-05 07:11:09', '2020-06-05 07:29:41'),
(518, 73, 36, 2, NULL, '2020-05-05 07:11:17', '2020-06-05 07:29:41'),
(519, 73, 9, 2, NULL, '2020-05-05 07:11:28', '2020-06-05 07:29:41'),
(520, 73, 29, 2, NULL, '2020-05-05 07:11:41', '2020-06-05 07:29:41'),
(521, 73, 10, 2, NULL, '2020-05-05 07:11:58', '2020-06-05 07:29:41'),
(522, 73, 12, 2, NULL, '2020-05-05 07:12:16', '2020-06-05 07:29:41'),
(523, 74, 35, 2, NULL, '2020-05-05 07:12:32', '2020-06-05 07:29:41'),
(524, 74, 36, 2, NULL, '2020-05-05 07:12:38', '2020-06-05 07:29:41'),
(525, 74, 9, 2, NULL, '2020-05-05 07:12:45', '2020-06-05 07:29:41'),
(526, 74, 29, 2, NULL, '2020-05-05 07:12:58', '2020-06-05 07:29:41'),
(527, 74, 10, 2, NULL, '2020-05-05 07:13:07', '2020-06-05 07:29:41'),
(528, 74, 12, 2, NULL, '2020-05-05 07:13:20', '2020-06-05 07:29:41'),
(529, 75, 35, 2, NULL, '2020-05-05 07:14:12', '2020-06-05 07:29:41'),
(530, 75, 36, 2, NULL, '2020-05-05 07:14:18', '2020-06-05 07:29:41'),
(531, 75, 9, 2, NULL, '2020-05-05 07:14:26', '2020-06-05 07:29:41'),
(533, 75, 10, 2, NULL, '2020-05-05 07:14:51', '2020-06-05 07:29:41'),
(534, 75, 12, 2, NULL, '2020-05-05 07:15:00', '2020-06-05 07:29:41'),
(535, 76, 35, 2, NULL, '2020-05-05 07:16:12', '2020-06-05 07:29:41'),
(536, 76, 36, 2, NULL, '2020-05-05 07:16:24', '2020-06-05 07:29:41'),
(537, 76, 9, 2, NULL, '2020-05-05 07:16:45', '2020-06-05 07:29:41'),
(538, 76, 29, 2, NULL, '2020-05-05 07:17:00', '2020-06-05 07:29:41'),
(539, 76, 10, 2, NULL, '2020-05-05 07:17:32', '2020-06-05 07:29:41'),
(540, 76, 12, 2, NULL, '2020-05-05 07:17:41', '2020-06-05 07:29:41'),
(541, 77, 35, 2, NULL, '2020-05-05 07:18:14', '2020-06-05 07:29:41'),
(542, 77, 36, 2, NULL, '2020-05-05 07:18:21', '2020-06-05 07:29:41'),
(543, 77, 9, 2, NULL, '2020-05-05 07:18:27', '2020-06-05 07:29:41'),
(544, 77, 29, 2, NULL, '2020-05-05 07:18:37', '2020-06-05 07:29:41'),
(545, 77, 10, 2, NULL, '2020-05-05 07:18:47', '2020-06-05 07:29:41'),
(546, 77, 12, 2, NULL, '2020-05-05 07:18:56', '2020-06-05 07:29:41'),
(549, 80, 35, 2, NULL, '2020-05-05 07:22:14', '2020-06-05 07:29:41'),
(550, 80, 36, 2, NULL, '2020-05-05 07:22:21', '2020-06-05 07:29:41'),
(551, 80, 9, 2, NULL, '2020-05-05 07:22:29', '2020-06-05 07:29:41'),
(552, 80, 29, 2, NULL, '2020-05-05 07:22:42', '2020-06-05 07:29:41'),
(553, 80, 10, 2, NULL, '2020-05-05 07:22:50', '2020-06-05 07:29:41'),
(554, 80, 12, 2, NULL, '2020-05-05 07:23:03', '2020-06-05 07:29:41'),
(555, 81, 35, 2, NULL, '2020-05-05 07:23:23', '2020-06-05 07:29:41'),
(556, 81, 36, 2, NULL, '2020-05-05 07:23:29', '2020-06-05 07:29:41'),
(557, 81, 9, 2, NULL, '2020-05-05 07:23:36', '2020-06-05 07:29:41'),
(558, 81, 29, 2, NULL, '2020-05-05 07:23:47', '2020-06-05 07:29:41'),
(559, 81, 10, 2, NULL, '2020-05-05 07:23:56', '2020-06-05 07:29:41'),
(560, 81, 12, 2, NULL, '2020-05-05 07:24:04', '2020-06-05 07:29:41'),
(561, 97, 22, 2, NULL, '2020-05-05 07:51:08', '2020-06-05 07:29:41'),
(562, 97, 23, 2, NULL, '2020-05-05 07:51:21', '2020-06-05 07:29:41'),
(563, 97, 30, 2, NULL, '2020-05-05 07:51:31', '2020-06-05 07:29:41'),
(564, 97, 31, 2, NULL, '2020-05-05 07:51:38', '2020-06-05 07:29:41'),
(565, 97, 13, 2, NULL, '2020-05-05 07:52:34', '2020-06-05 07:29:41'),
(566, 97, 14, 2, NULL, '2020-05-05 07:53:04', '2020-06-05 07:29:41'),
(567, 97, 15, 2, NULL, '2020-05-05 07:53:23', '2020-06-05 07:29:41'),
(568, 97, 17, 2, NULL, '2020-05-05 07:53:49', '2020-06-05 07:29:41'),
(569, 97, 18, 2, NULL, '2020-05-05 07:53:57', '2020-06-05 07:29:41'),
(570, 97, 19, 2, NULL, '2020-05-05 07:54:04', '2020-06-05 07:29:41'),
(571, 97, 20, 2, NULL, '2020-05-05 07:54:19', '2020-06-05 07:29:41'),
(572, 97, 21, 2, NULL, '2020-05-05 07:54:33', '2020-06-05 07:29:41'),
(573, 97, 16, 2, NULL, '2020-05-05 07:54:46', '2020-06-05 07:29:41'),
(574, 98, 22, 2, NULL, '2020-05-05 07:56:12', '2020-06-05 07:29:41'),
(575, 98, 23, 2, NULL, '2020-05-05 07:56:23', '2020-06-05 07:29:41'),
(576, 98, 30, 2, NULL, '2020-05-05 07:56:30', '2020-06-05 07:29:41'),
(577, 98, 31, 2, NULL, '2020-05-05 07:56:37', '2020-06-05 07:29:41'),
(578, 98, 13, 2, NULL, '2020-05-05 07:56:45', '2020-06-05 07:29:41'),
(579, 98, 14, 2, NULL, '2020-05-05 07:56:54', '2020-06-05 07:29:41'),
(580, 98, 15, 2, NULL, '2020-05-05 07:57:01', '2020-06-05 07:29:41'),
(581, 98, 17, 2, NULL, '2020-05-05 07:57:09', '2020-06-05 07:29:41'),
(582, 98, 18, 2, NULL, '2020-05-05 07:57:17', '2020-06-05 07:29:41'),
(583, 98, 19, 2, NULL, '2020-05-05 07:57:23', '2020-06-05 07:29:41'),
(584, 98, 20, 2, NULL, '2020-05-05 07:57:52', '2020-06-05 07:29:41'),
(585, 98, 21, 2, NULL, '2020-05-05 07:58:52', '2020-06-05 07:29:41'),
(586, 98, 16, 2, NULL, '2020-05-05 07:59:05', '2020-06-05 07:29:41'),
(587, 99, 22, 2, NULL, '2020-05-05 07:59:34', '2020-06-05 07:29:41'),
(588, 99, 23, 2, NULL, '2020-05-05 07:59:51', '2020-06-05 07:29:41'),
(589, 99, 30, 2, NULL, '2020-05-05 07:59:58', '2020-06-05 07:29:41'),
(590, 99, 31, 2, NULL, '2020-05-05 08:00:07', '2020-06-05 07:29:41'),
(591, 99, 13, 2, NULL, '2020-05-05 08:00:14', '2020-06-05 07:29:41'),
(592, 99, 14, 2, NULL, '2020-05-05 08:00:22', '2020-06-05 07:29:41'),
(593, 99, 15, 2, NULL, '2020-05-05 08:00:33', '2020-06-05 07:29:41'),
(594, 99, 17, 2, NULL, '2020-05-05 08:00:43', '2020-06-05 07:29:41'),
(595, 99, 18, 2, NULL, '2020-05-05 08:00:55', '2020-06-05 07:29:41'),
(596, 99, 19, 2, NULL, '2020-05-05 08:01:04', '2020-06-05 07:29:41'),
(597, 99, 20, 2, NULL, '2020-05-05 08:01:15', '2020-06-05 07:29:41'),
(598, 99, 21, 2, NULL, '2020-05-05 08:01:24', '2020-06-05 07:29:41'),
(599, 99, 16, 2, NULL, '2020-05-05 08:01:34', '2020-06-05 07:29:41'),
(603, 19, 1, 1, 1, '2020-06-05 12:02:00', '2020-06-12 19:44:45'),
(605, 19, 3, 1, 1, '2020-06-12 19:46:00', '2020-06-12 19:46:00'),
(606, 19, 7, 1, 3, '2020-06-12 19:56:43', '2020-06-12 19:56:43'),
(607, 19, 8, 1, 3, '2020-06-12 19:57:02', '2020-06-12 19:57:02'),
(608, 36, 7, 1, 3, '2020-06-14 03:07:02', '2020-06-14 03:07:02'),
(609, 37, 7, 1, 3, '2020-06-14 03:09:15', '2020-06-14 03:09:15'),
(610, 38, 7, 1, 3, '2020-06-14 03:11:03', '2020-06-14 03:11:03'),
(611, 39, 7, 1, 3, '2020-06-14 03:12:52', '2020-06-14 03:12:52'),
(612, 44, 7, 1, 3, '2020-06-14 03:14:25', '2020-06-14 03:14:25'),
(613, 70, 7, 1, 3, '2020-06-14 03:15:44', '2020-06-14 03:15:44'),
(614, 71, 7, 1, 3, '2020-06-14 03:17:08', '2020-06-14 03:17:08'),
(615, 40, 7, 1, 3, '2020-06-14 03:19:15', '2020-06-14 03:19:15'),
(616, 42, 7, 1, 3, '2020-06-15 04:20:16', '2020-06-15 04:20:16'),
(617, 43, 7, 1, 3, '2020-06-15 04:29:22', '2020-06-15 04:29:22'),
(618, 143, 1, 1, 1, '2020-08-06 13:16:19', '2020-08-06 13:16:19'),
(619, 143, 3, 1, 1, '2020-08-06 13:16:38', '2020-08-06 13:16:38');

-- --------------------------------------------------------

--
-- Table structure for table `banners`
--

CREATE TABLE `banners` (
  `id` int(11) NOT NULL,
  `image` text NOT NULL,
  `created_at` datetime NOT NULL DEFAULT CURRENT_TIMESTAMP,
  `updated_at` datetime NOT NULL DEFAULT CURRENT_TIMESTAMP
) ENGINE=InnoDB DEFAULT CHARSET=utf8mb4;

--
-- Dumping data for table `banners`
--

INSERT INTO `banners` (`id`, `image`, `created_at`, `updated_at`) VALUES
(7, '202006150052_Banner Healthy.png', '2020-04-14 10:12:14', '2020-06-15 00:08:53');

-- --------------------------------------------------------

--
-- Table structure for table `blog_categories`
--

CREATE TABLE `blog_categories` (
  `id` bigint(20) UNSIGNED NOT NULL,
  `name` varchar(191) COLLATE utf8mb4_unicode_ci NOT NULL,
  `status` varchar(191) COLLATE utf8mb4_unicode_ci NOT NULL,
  `created_at` timestamp NULL DEFAULT NULL,
  `updated_at` timestamp NULL DEFAULT NULL
) ENGINE=InnoDB DEFAULT CHARSET=utf8mb4 COLLATE=utf8mb4_unicode_ci;

--
-- Dumping data for table `blog_categories`
--

INSERT INTO `blog_categories` (`id`, `name`, `status`, `created_at`, `updated_at`) VALUES
(2, 'Testing', '1', '2020-05-20 22:22:45', '2020-05-20 22:22:45');

-- --------------------------------------------------------

--
-- Table structure for table `blog_posts`
--

CREATE TABLE `blog_posts` (
  `id` bigint(20) UNSIGNED NOT NULL,
  `blog_category_id` bigint(20) UNSIGNED NOT NULL,
  `view_count` int(50) NOT NULL DEFAULT '0',
  `blog_title` varchar(191) COLLATE utf8mb4_unicode_ci NOT NULL,
  `blog_content` longtext COLLATE utf8mb4_unicode_ci NOT NULL,
  `blog_photo` varchar(191) COLLATE utf8mb4_unicode_ci NOT NULL,
  `blog_slug` varchar(191) COLLATE utf8mb4_unicode_ci NOT NULL,
  `created_at` timestamp NULL DEFAULT NULL,
  `updated_at` timestamp NULL DEFAULT NULL
) ENGINE=InnoDB DEFAULT CHARSET=utf8mb4 COLLATE=utf8mb4_unicode_ci;

--
-- Dumping data for table `blog_posts`
--

INSERT INTO `blog_posts` (`id`, `blog_category_id`, `view_count`, `blog_title`, `blog_content`, `blog_photo`, `blog_slug`, `created_at`, `updated_at`) VALUES
(5, 2, 14, 'test', 'test promotions here are following', '202005201712_codeg.png', 'test', '2020-05-20 22:31:46', '2020-08-04 17:51:10');

-- --------------------------------------------------------

--
-- Table structure for table `catoptionplans`
--

CREATE TABLE `catoptionplans` (
  `id` int(11) NOT NULL,
  `category_name` varchar(255) NOT NULL,
  `category_image` text,
  `created_at` timestamp NOT NULL DEFAULT CURRENT_TIMESTAMP,
  `updated_at` timestamp NOT NULL DEFAULT CURRENT_TIMESTAMP ON UPDATE CURRENT_TIMESTAMP
) ENGINE=InnoDB DEFAULT CHARSET=utf8mb4;

--
-- Dumping data for table `catoptionplans`
--

INSERT INTO `catoptionplans` (`id`, `category_name`, `category_image`, `created_at`, `updated_at`) VALUES
(4, 'One Meal Per Day', '202004290757_shutterstock_381703429-290x290.jpeg', '2020-04-16 11:19:09', '2020-04-29 07:17:57'),
(6, 'Two Meals Per Day', '202004290759_shutterstock_368479814-290x290.jpeg', '2020-04-16 20:49:45', '2020-04-29 07:16:59'),
(7, 'Three Meals Per Day', '202004290718_shutterstock_251690740-290x290.jpeg', '2020-04-16 20:50:03', '2020-04-29 07:17:18');

-- --------------------------------------------------------

--
-- Table structure for table `catplans`
--

CREATE TABLE `catplans` (
  `id` int(11) NOT NULL,
  `category_name` varchar(255) NOT NULL,
  `category_image` text,
  `created_at` timestamp NOT NULL DEFAULT CURRENT_TIMESTAMP,
  `updated_at` timestamp NOT NULL DEFAULT CURRENT_TIMESTAMP ON UPDATE CURRENT_TIMESTAMP
) ENGINE=InnoDB DEFAULT CHARSET=utf8mb4;

--
-- Dumping data for table `catplans`
--

INSERT INTO `catplans` (`id`, `category_name`, `category_image`, `created_at`, `updated_at`) VALUES
(14, 'Healthy Diet Plans', '202006141259_Healthy Diet Plan.png', '2020-06-14 12:30:59', '2020-06-14 12:30:59'),
(15, 'Weight Gain Plans', '202006141235_weight Gain Plan.png', '2020-06-14 12:33:35', '2020-06-14 12:33:35'),
(16, 'Weight Maintain Plans', '202006142315_Weight Maintains.png', '2020-06-14 12:43:26', '2020-06-14 23:56:15');

-- --------------------------------------------------------

--
-- Table structure for table `compostions`
--

CREATE TABLE `compostions` (
  `id` int(11) NOT NULL,
  `food_id` int(11) NOT NULL,
  `type` varchar(11) NOT NULL,
  `unit` varchar(11) NOT NULL,
  `gramvalue` varchar(11) NOT NULL,
  `dmvalue` varchar(11) NOT NULL
) ENGINE=InnoDB DEFAULT CHARSET=utf8mb4;

--
-- Dumping data for table `compostions`
--

INSERT INTO `compostions` (`id`, `food_id`, `type`, `unit`, `gramvalue`, `dmvalue`) VALUES
(14, 13, '1', '1', '15', '1'),
(15, 13, '2', '1', '10', '2'),
(16, 13, '3', '1', '12', '5'),
(17, 14, '1', '2', '99', '1'),
(18, 14, '2', '2', '46.18', '1'),
(19, 14, '3', '2', '2.28', '1'),
(20, 16, '3', '1', '120', '10'),
(21, 1, '1', '2', '12', '23'),
(22, 1, '2', '2', '24', '56'),
(23, 1, '3', '2', '45', '33'),
(24, 1, '4', '1', '22', '66'),
(25, 1, '5', '2', '55', '66'),
(26, 1, '6', '2', '45', '63'),
(27, 2, '1', '1', '23', '55'),
(28, 2, '2', '1', '55', ''),
(29, 2, '3', '2', '66', '99'),
(30, 2, '4', '77', '99', '44'),
(31, 2, '5', '2', '79', '66'),
(32, 2, '6', '66', '64', '33'),
(33, 3, '1', '1', '22', '34'),
(34, 3, '2', '2', '66', '99'),
(35, 3, '3', '1', '66', '86'),
(36, 3, '4', '2', '33', '56'),
(37, 3, '5', '2', '84', '79'),
(38, 3, '6', '2', '13', '45'),
(39, 16, '1', '1', '12', '2'),
(40, 18, '1', '2', '45', '46'),
(41, 18, '2', '1', '77', '77'),
(42, 18, '3', '2', '76', '86'),
(43, 18, '4', '2', '23', '99'),
(332, 58, '1', '2', '6', '9'),
(333, 58, '2', '2', '38', '58'),
(334, 58, '3', '2', '21', '32'),
(335, 59, '1', '2', '9', '18'),
(336, 59, '2', '2', '30', '52'),
(337, 59, '3', '2', '15', '29'),
(338, 60, '1', '2', '10', '80'),
(339, 60, '2', '2', '3', '15'),
(340, 60, '3', '2', '1', '5'),
(392, 78, '1', '2', '14', '90'),
(393, 78, '2', '2', '2', '10'),
(394, 78, '3', '2', '0', '0'),
(395, 79, '1', '2', '34', '90'),
(396, 79, '2', '2', '6', '9'),
(397, 79, '3', '2', '1', '1'),
(410, 84, '1', '2', '7', '50'),
(411, 84, '2', '2', '3', '10'),
(412, 84, '3', '2', '6', '40'),
(500, 100, '1', '2', '50', '45'),
(501, 100, '2', '2', '16', '21'),
(502, 100, '3', '2', '2', '22'),
(503, 100, '4', '2', '2', '12'),
(504, 101, '1', '2', '15', '50'),
(505, 101, '2', '2', '12', '45'),
(506, 101, '3', '2', '5', '5'),
(507, 40, '1', '2', '33.8', '36'),
(508, 40, '2', '2', '66.1', '52'),
(509, 40, '3', '2', '17.7', '12'),
(510, 41, '1', '2', '39.2', '42'),
(511, 41, '2', '2', '49.3', '50'),
(512, 41, '3', '2', '6.5', '18'),
(528, 36, '1', '2', '74', '54'),
(529, 36, '2', '2', '61', '24'),
(530, 36, '3', '2', '3', '22'),
(531, 44, '1', '2', '53.2695', '49'),
(532, 44, '2', '2', '50.0405', '47'),
(533, 44, '3', '2', '9.0355', '2'),
(537, 38, '1', '2', '82.07', '74'),
(538, 38, '2', '2', '46.6', '26'),
(539, 38, '3', '2', '9.92', '10'),
(540, 39, '1', '2', '48.5165', '35'),
(541, 39, '2', '2', '68.3185', '54'),
(542, 39, '3', '2', '18.8695', '19'),
(543, 37, '1', '2', '86.09', '68'),
(544, 37, '2', '2', '51.766', '22'),
(545, 37, '3', '2', '7.36', '10'),
(549, 22, '1', '2', '112', '53'),
(550, 22, '2', '2', '50', '25'),
(551, 22, '3', '2', '45', '22'),
(552, 25, '1', '2', '101', '47'),
(553, 25, '2', '2', '62', '37'),
(554, 25, '3', '2', '41', '16'),
(555, 26, '1', '2', '115', '51'),
(556, 26, '2', '2', '79', '36'),
(557, 26, '3', '2', '48', '13'),
(567, 29, '1', '2', '150', '60'),
(568, 29, '2', '2', '51', '14'),
(569, 29, '3', '2', '63', '26'),
(570, 30, '1', '2', '113', '52'),
(571, 30, '2', '2', '62', '22'),
(572, 30, '3', '2', '79', '28'),
(573, 23, '1', '2', '106', '52'),
(574, 23, '2', '2', '43', '33'),
(575, 23, '3', '2', '39', '25'),
(576, 24, '1', '2', '118', '52'),
(577, 24, '2', '2', '51', '30'),
(578, 24, '3', '2', '45', '28'),
(579, 94, '1', '2', '12', '60'),
(580, 94, '2', '2', '3', '5'),
(581, 94, '3', '2', '7', '20'),
(582, 83, '1', '2', '7', '50'),
(583, 83, '2', '2', '3', '20'),
(584, 83, '3', '2', '6', '30'),
(585, 86, '1', '2', '10', '40'),
(586, 86, '2', '2', '15', '50'),
(587, 86, '3', '2', '8', '10'),
(588, 93, '1', '2', '10', '30'),
(589, 93, '2', '2', '19', '60'),
(590, 93, '3', '2', '6', '10'),
(591, 91, '1', '2', '11', '10'),
(592, 91, '2', '2', '25', '50'),
(593, 91, '3', '2', '16', '40'),
(594, 90, '1', '2', '17', '50'),
(595, 90, '2', '2', '7', '10'),
(596, 90, '3', '2', '12', '40'),
(597, 95, '1', '2', '12', '90'),
(598, 95, '2', '2', '2', '4'),
(599, 95, '3', '2', '3', '6'),
(603, 88, '1', '2', '17', '50'),
(604, 88, '2', '2', '7', '10'),
(605, 88, '3', '2', '12', '40'),
(606, 42, '1', '2', '40.5', '50'),
(607, 42, '2', '2', '38.4', '34'),
(608, 42, '3', '2', '5.6', '26'),
(609, 43, '1', '2', '33.8', '48'),
(610, 43, '2', '2', '41.7', '51'),
(611, 43, '3', '2', '3.1', '12'),
(612, 62, '1', '2', '56', '40'),
(613, 62, '2', '2', '34', '30'),
(614, 62, '3', '2', '38', '30'),
(615, 63, '1', '2', '67', '50'),
(616, 63, '2', '2', '44', '40'),
(617, 63, '3', '2', '12', '10'),
(618, 64, '1', '2', '70', '69'),
(619, 64, '2', '2', '22', '20'),
(620, 64, '3', '2', '15', '11'),
(621, 65, '1', '2', '70', '60'),
(622, 65, '2', '2', '37', '30'),
(623, 65, '3', '2', '14', '10'),
(624, 66, '1', '2', '56', '50'),
(625, 66, '2', '2', '29', '20'),
(626, 66, '3', '2', '36', '30'),
(627, 68, '1', '2', '68', '60'),
(628, 68, '2', '2', '28', '30'),
(629, 68, '3', '2', '27', '10'),
(630, 69, '1', '2', '72', '60'),
(631, 69, '2', '2', '38', '30'),
(632, 69, '3', '2', '16', '10'),
(633, 67, '1', '2', '75', '60'),
(634, 67, '2', '2', '41', '30'),
(635, 67, '3', '2', '14', '10'),
(636, 49, '1', '2', '38', '48'),
(637, 49, '2', '2', '32', '44'),
(638, 49, '3', '2', '19', '12'),
(639, 50, '1', '2', '39', '45'),
(640, 50, '2', '2', '26', '42'),
(641, 50, '3', '2', '28', '13'),
(642, 51, '1', '2', '37', '52'),
(643, 51, '2', '2', '36', '48'),
(644, 51, '3', '2', '14', '12'),
(645, 52, '1', '2', '10', '22'),
(646, 52, '2', '2', '20', '44'),
(647, 52, '3', '2', '15', '33'),
(648, 53, '1', '2', '9', '17'),
(649, 53, '2', '2', '20', '37'),
(650, 53, '3', '2', '24', '45'),
(651, 54, '1', '2', '10', '19'),
(652, 54, '2', '2', '28', '51'),
(653, 54, '3', '2', '16', '30'),
(654, 55, '1', '2', '40', '42'),
(655, 55, '2', '2', '34', '35'),
(656, 55, '3', '2', '21', '23'),
(657, 56, '1', '2', '45', '46'),
(658, 56, '2', '2', '38', '40'),
(659, 56, '3', '2', '13', '14'),
(660, 57, '1', '2', '41', '48'),
(661, 57, '2', '2', '24', '28'),
(662, 57, '3', '2', '21', '24'),
(663, 27, '1', '2', '102', '52'),
(664, 27, '2', '2', '58', '38'),
(665, 27, '3', '2', '44', '10'),
(666, 28, '1', '2', '114', '54'),
(667, 28, '2', '2', '80', '36'),
(668, 28, '3', '2', '54', '20'),
(669, 98, '1', '2', '117', '50'),
(670, 98, '2', '2', '66', '28'),
(671, 98, '3', '2', '56', '22'),
(672, 99, '1', '2', '103', '60'),
(673, 99, '2', '2', '54', '40'),
(674, 99, '3', '2', '47', '10'),
(675, 31, '1', '2', '192', '52'),
(676, 31, '2', '2', '43', '40'),
(677, 31, '3', '2', '10', '9'),
(681, 33, '1', '2', '153', '50'),
(682, 33, '2', '2', '48', '20'),
(683, 33, '3', '2', '19', '30'),
(684, 34, '1', '2', '194', '73'),
(685, 34, '2', '2', '54', '10'),
(686, 34, '3', '2', '34', '17'),
(687, 35, '1', '2', '55.5', '45'),
(688, 35, '2', '2', '65.7', '48'),
(689, 35, '3', '2', '2.28', '6'),
(690, 45, '1', '2', '80', '82'),
(691, 45, '2', '2', '6', '12'),
(692, 45, '3', '2', '2', '8'),
(693, 46, '1', '2', '82', '79'),
(694, 46, '2', '2', '17', '10'),
(695, 46, '3', '2', '11', '11'),
(696, 47, '1', '2', '115', '86'),
(697, 47, '2', '2', '24', '10'),
(698, 47, '3', '2', '13', '4'),
(699, 48, '1', '2', '85', '78'),
(700, 48, '2', '2', '27', '20'),
(701, 48, '3', '2', '10', '12'),
(702, 61, '1', '2', '9', '20'),
(703, 61, '2', '2', '23', '60'),
(704, 61, '3', '2', '9', '20'),
(705, 72, '1', '2', '0', '0'),
(706, 72, '2', '2', '0', '0'),
(707, 72, '3', '2', '0', '0'),
(708, 73, '1', '2', '9', '90'),
(709, 73, '2', '2', '1', '10'),
(710, 73, '3', '2', '0', '0'),
(711, 74, '1', '2', '17', '50'),
(712, 74, '2', '2', '7', '10'),
(713, 74, '3', '2', '12', '40'),
(717, 75, '1', '2', '443', '92'),
(718, 75, '2', '2', '83', '7'),
(719, 75, '3', '2', '18', '1'),
(735, 82, '1', '2', '65.05', '80'),
(736, 82, '2', '2', '14.57', '6'),
(737, 82, '3', '2', '24.94', '15'),
(744, 89, '1', '2', '41', '2'),
(745, 89, '2', '2', '38.98', '5'),
(746, 89, '3', '2', '38.66', '2'),
(753, 32, '1', '2', '102', '62'),
(754, 32, '2', '2', '20', '32'),
(755, 32, '3', '2', '8', '16'),
(756, 97, '1', '2', '102', '90'),
(757, 97, '2', '2', '20', '25'),
(758, 97, '3', '2', '8', '12'),
(759, 71, '1', '2', '70', '60'),
(760, 71, '2', '2', '23', '30'),
(761, 71, '3', '2', '50', '10'),
(762, 77, '1', '2', '46', '60'),
(763, 77, '2', '2', '18', '30'),
(764, 77, '3', '2', '8', '10'),
(765, 70, '1', '2', '69', '60'),
(766, 70, '2', '2', '46', '30'),
(767, 70, '3', '2', '41', '10'),
(768, 96, '1', '2', '104.02', '65'),
(769, 96, '2', '2', '45.05', '25'),
(770, 96, '3', '2', '8.19', '5'),
(771, 87, '1', '2', '88.91', '10'),
(772, 87, '2', '2', '93.88', '5'),
(773, 87, '3', '2', '70.62', '12'),
(774, 76, '1', '2', '47', '60'),
(775, 76, '2', '2', '17', '40'),
(776, 76, '3', '2', '5', '10'),
(777, 81, '1', '2', '41', '10'),
(778, 81, '2', '2', '26', '30'),
(779, 81, '3', '2', '14', '12'),
(780, 80, '1', '2', '41', '60'),
(781, 80, '2', '2', '26', '30'),
(782, 80, '3', '2', '6', '10'),
(783, 92, '1', '2', '9', '85'),
(784, 92, '2', '2', '1.2', '5'),
(785, 92, '3', '2', '5', '38'),
(786, 85, '1', '2', '92.37', '35'),
(787, 85, '2', '2', '85.96', '30'),
(788, 85, '3', '2', '93.96', '35'),
(801, 21, '1', '2', '102', '52'),
(802, 21, '2', '2', '43', '34'),
(803, 21, '3', '2', '39', '26'),
(804, 19, '1', '2', '101', '50'),
(805, 19, '2', '2', '43', '26'),
(806, 19, '3', '2', '40', '24'),
(807, 20, '1', '2', '112', '51'),
(808, 20, '2', '2', '51', '45'),
(809, 20, '3', '2', '47', '14'),
(810, 143, '1', '2', '65', '55'),
(811, 143, '2', '2', '41', '25'),
(812, 143, '3', '2', '05', '1'),
(813, 143, '4', '2', '0', '0'),
(814, 143, '5', '2', '10', '19');

-- --------------------------------------------------------

--
-- Table structure for table `contacts`
--

CREATE TABLE `contacts` (
  `id` bigint(20) UNSIGNED NOT NULL,
  `contact_title1` varchar(191) COLLATE utf8mb4_unicode_ci DEFAULT NULL,
  `contact_title2` varchar(191) COLLATE utf8mb4_unicode_ci DEFAULT NULL,
  `contact_title3` varchar(191) COLLATE utf8mb4_unicode_ci DEFAULT NULL,
  `contact_map` text COLLATE utf8mb4_unicode_ci,
  `address` varchar(191) COLLATE utf8mb4_unicode_ci DEFAULT NULL,
  `contact_phone` varchar(191) COLLATE utf8mb4_unicode_ci DEFAULT NULL,
  `contact_mail` varchar(191) COLLATE utf8mb4_unicode_ci DEFAULT NULL,
  `created_at` timestamp NULL DEFAULT NULL,
  `updated_at` timestamp NULL DEFAULT NULL
) ENGINE=InnoDB DEFAULT CHARSET=utf8mb4 COLLATE=utf8mb4_unicode_ci;

--
-- Dumping data for table `contacts`
--

INSERT INTO `contacts` (`id`, `contact_title1`, `contact_title2`, `contact_title3`, `contact_map`, `address`, `contact_phone`, `contact_mail`, `created_at`, `updated_at`) VALUES
(1, 'CONTACT US', 'Need Help ?', 'Send Us A Message', 'a', '24/6 Mount View, \r\nKuwait', '12345 67890,\r\n12345 67890', 'test@ivylabtech.com,\r\nhello@ivylabtech.com', '2019-07-02 03:08:21', '2020-03-31 13:45:36');

-- --------------------------------------------------------

--
-- Table structure for table `counters`
--

CREATE TABLE `counters` (
  `id` bigint(20) UNSIGNED NOT NULL,
  `counter_title` varchar(191) COLLATE utf8mb4_unicode_ci NOT NULL,
  `counter_quantity` varchar(191) COLLATE utf8mb4_unicode_ci NOT NULL,
  `counter_icon` varchar(191) COLLATE utf8mb4_unicode_ci NOT NULL,
  `created_at` timestamp NULL DEFAULT NULL,
  `updated_at` timestamp NULL DEFAULT NULL
) ENGINE=InnoDB DEFAULT CHARSET=utf8mb4 COLLATE=utf8mb4_unicode_ci;

--
-- Dumping data for table `counters`
--

INSERT INTO `counters` (`id`, `counter_title`, `counter_quantity`, `counter_icon`, `created_at`, `updated_at`) VALUES
(1, 'Daliy Average Customer', '675', 'fa fa-user', '2019-07-02 03:15:51', '2019-07-02 03:15:51'),
(2, 'Our Total chefs', '50', 'fas fa-utensils', '2019-07-02 03:16:32', '2019-07-02 03:16:32'),
(3, 'Daliy Food Item', '543', 'fas fa-flask', '2019-07-02 03:17:50', '2019-07-02 03:17:50'),
(4, 'Our Total Waiter', '100', 'fa fa-user', '2019-07-02 03:18:11', '2019-07-02 03:18:11');

-- --------------------------------------------------------

--
-- Table structure for table `customers`
--

CREATE TABLE `customers` (
  `id` int(11) NOT NULL,
  `users_id` int(11) DEFAULT NULL,
  `bill_fname` varchar(30) DEFAULT NULL,
  `bill_lname` varchar(30) DEFAULT NULL,
  `companyname` varchar(30) DEFAULT NULL,
  `bill_country` varchar(10) DEFAULT NULL,
  `bill_street` varchar(50) DEFAULT NULL,
  `bill_appartment` varchar(30) DEFAULT NULL,
  `bill_town` text,
  `bill_zip` varchar(10) DEFAULT NULL,
  `bill_phone` varchar(25) DEFAULT NULL,
  `bill_email` varchar(100) DEFAULT NULL,
  `ship_fname` varchar(30) DEFAULT NULL,
  `ship_lname` varchar(30) DEFAULT NULL,
  `ship_company` varchar(30) DEFAULT NULL,
  `ship_country` varchar(10) DEFAULT NULL,
  `ship_appartment` varchar(30) DEFAULT NULL,
  `ship_town` varchar(50) DEFAULT NULL,
  `ship_zip` varchar(10) DEFAULT NULL,
  `ship_phone` varchar(20) DEFAULT NULL,
  `ship_email` varchar(100) DEFAULT NULL,
  `notes` varchar(100) DEFAULT NULL,
  `created_at` timestamp NULL DEFAULT CURRENT_TIMESTAMP,
  `updated_at` timestamp NULL DEFAULT CURRENT_TIMESTAMP
) ENGINE=InnoDB DEFAULT CHARSET=utf8mb4;

--
-- Dumping data for table `customers`
--

INSERT INTO `customers` (`id`, `users_id`, `bill_fname`, `bill_lname`, `companyname`, `bill_country`, `bill_street`, `bill_appartment`, `bill_town`, `bill_zip`, `bill_phone`, `bill_email`, `ship_fname`, `ship_lname`, `ship_company`, `ship_country`, `ship_appartment`, `ship_town`, `ship_zip`, `ship_phone`, `ship_email`, `notes`, `created_at`, `updated_at`) VALUES
(5, NULL, 'shjghjhg', NULL, 'hjg', 'Kuwait', 'ghjgh', 'jgg', 'ghjg', 'jghjjg', 'hghj', 'ghjg', NULL, NULL, NULL, NULL, NULL, NULL, NULL, NULL, NULL, NULL, '2020-04-01 19:22:02', '2020-04-01 19:22:02'),
(7, NULL, NULL, NULL, NULL, NULL, NULL, NULL, NULL, NULL, NULL, NULL, 'najaf', NULL, 'ivy', 'Kuwait', 'johar tiwn', 'lahore', '635537', '8763667836', 'sss@ysyis.com', 'love u all', '2020-04-01 19:58:05', '2020-04-01 19:58:05'),
(9, NULL, 'akbar', NULL, 'ivy', 'Kuwait', 'sja', 'hkh', 'jkhkjh', 'hkjh', 'hkkhk', 'kjhkj', NULL, NULL, NULL, NULL, NULL, NULL, NULL, NULL, NULL, NULL, '2020-04-03 12:23:17', '2020-04-03 12:23:17'),
(10, NULL, NULL, NULL, NULL, NULL, NULL, NULL, NULL, NULL, NULL, NULL, 'samhghgj', NULL, 'jhg', 'Kuwait', 'gjg', 'hjg', 'ghj', 'ghgh', 'jg', 'hghhg', '2020-04-03 12:26:24', '2020-04-03 12:26:24'),
(11, NULL, 'nida', NULL, 'ivt', 'Kuwait', 'js', 'langr khan', 'karachi', '540000', '87287828288', 'jadsk@yahoo.com', NULL, NULL, NULL, NULL, NULL, NULL, NULL, NULL, NULL, NULL, '2020-04-03 12:33:01', '2020-04-03 12:33:01'),
(12, NULL, 'asghg', NULL, 'ghjg', 'Kuwait', 'g', 'jhghg', 'hjhj', 'gjhg', 'hjgjh', 'ss@yahoo.com', NULL, NULL, NULL, NULL, NULL, NULL, NULL, NULL, NULL, NULL, '2020-04-03 12:39:10', '2020-04-03 12:39:10'),
(13, NULL, NULL, NULL, NULL, 'Kuwait', NULL, NULL, NULL, NULL, NULL, NULL, NULL, NULL, NULL, NULL, NULL, NULL, NULL, NULL, NULL, NULL, '2020-04-03 12:41:29', '2020-04-03 12:41:29'),
(14, NULL, 'jwkjh', NULL, 'kh', 'Kuwait', 'h', 'khhkjhhkjhkh', 'hkj', 'hkj', 'jkh', 'h', NULL, NULL, NULL, NULL, NULL, NULL, NULL, NULL, NULL, 'kjkdh', '2020-04-03 12:43:05', '2020-04-03 12:43:05'),
(15, NULL, NULL, NULL, NULL, NULL, NULL, NULL, NULL, NULL, NULL, NULL, 'hin', NULL, 'sitart', 'Kuwait', 'mazang', 'lahore', '54000', '03314101718', 'bi@yahoo.com', 'love', '2020-04-03 12:46:02', '2020-04-03 12:46:02'),
(16, NULL, 'hamid', NULL, NULL, 'Kuwait', NULL, NULL, NULL, NULL, NULL, NULL, NULL, NULL, NULL, NULL, NULL, NULL, NULL, NULL, NULL, 'loving', '2020-04-03 12:51:26', '2020-04-03 12:51:26'),
(17, NULL, NULL, NULL, NULL, NULL, NULL, NULL, NULL, NULL, NULL, NULL, 'ami', NULL, 'jkhkj', 'Kuwait', 'kh', 'kjk', 'hh', 'hj', 'hjk', 'hkjhjkhj', '2020-04-03 12:54:23', '2020-04-03 12:54:23'),
(18, 5, NULL, NULL, NULL, 'Kuwait', NULL, NULL, NULL, NULL, NULL, NULL, NULL, NULL, NULL, NULL, NULL, NULL, NULL, NULL, NULL, NULL, '2020-04-03 12:54:49', '2020-04-03 12:54:49'),
(19, 6, NULL, NULL, NULL, 'Kuwait', NULL, NULL, NULL, NULL, NULL, NULL, NULL, NULL, NULL, NULL, NULL, NULL, NULL, NULL, NULL, NULL, '2020-04-03 12:59:29', '2020-04-03 12:59:29'),
(20, 6, NULL, NULL, NULL, 'Kuwait', NULL, NULL, NULL, NULL, NULL, NULL, NULL, NULL, NULL, NULL, NULL, NULL, NULL, NULL, NULL, NULL, '2020-04-03 13:06:04', '2020-04-03 13:06:04');

-- --------------------------------------------------------

--
-- Table structure for table `events`
--

CREATE TABLE `events` (
  `id` bigint(20) UNSIGNED NOT NULL,
  `view_count` int(50) NOT NULL DEFAULT '0',
  `event_title` varchar(191) COLLATE utf8mb4_unicode_ci NOT NULL,
  `event_slug` varchar(191) COLLATE utf8mb4_unicode_ci NOT NULL,
  `event_date` varchar(191) COLLATE utf8mb4_unicode_ci NOT NULL,
  `event_duration` varchar(191) COLLATE utf8mb4_unicode_ci NOT NULL,
  `Description` longtext COLLATE utf8mb4_unicode_ci NOT NULL,
  `event_image` varchar(191) COLLATE utf8mb4_unicode_ci NOT NULL,
  `created_at` timestamp NULL DEFAULT NULL,
  `updated_at` timestamp NULL DEFAULT NULL
) ENGINE=InnoDB DEFAULT CHARSET=utf8mb4 COLLATE=utf8mb4_unicode_ci;

-- --------------------------------------------------------

--
-- Table structure for table `foodplans`
--

CREATE TABLE `foodplans` (
  `id` int(11) NOT NULL,
  `plan_name` text NOT NULL,
  `category_id` int(11) NOT NULL,
  `plan_price` int(11) NOT NULL,
  `plan_image` text NOT NULL,
  `plan_description` text NOT NULL,
  `total_days` double DEFAULT NULL,
  `plan_calories` varchar(11) DEFAULT NULL,
  `created_at` timestamp NOT NULL DEFAULT CURRENT_TIMESTAMP,
  `updated_at` timestamp NOT NULL DEFAULT CURRENT_TIMESTAMP ON UPDATE CURRENT_TIMESTAMP
) ENGINE=InnoDB DEFAULT CHARSET=utf8mb4;

--
-- Dumping data for table `foodplans`
--

INSERT INTO `foodplans` (`id`, `plan_name`, `category_id`, `plan_price`, `plan_image`, `plan_description`, `total_days`, `plan_calories`, `created_at`, `updated_at`) VALUES
(21, 'Healthy Diet Plan', 14, 50, '202006141357_Healthy Diet Plan.png', 'Weekly plan designed while keeping your health in mind.', 0, '45', '2020-06-14 18:24:57', '2020-06-24 14:50:33'),
(22, 'Weight Gain Plan', 15, 117, '202006142240_weight Gain Plan.png', 'A weight gain plan designed to increase your weight.', 0, NULL, '2020-06-15 03:51:41', '2020-06-15 03:51:57'),
(23, 'Weight Maintain Plan', 16, 192, '202006142341_118-1183584_healthy-meal-plan-meal-clipart.png', 'A plan designed by our nutritionist to maintain your weight.', 0, NULL, '2020-06-15 04:03:41', '2020-06-15 04:03:41');

-- --------------------------------------------------------

--
-- Table structure for table `food_categories`
--

CREATE TABLE `food_categories` (
  `id` bigint(20) UNSIGNED NOT NULL,
  `food_category_name` varchar(191) COLLATE utf8mb4_unicode_ci NOT NULL,
  `food_category_slug` varchar(191) COLLATE utf8mb4_unicode_ci NOT NULL,
  `status` int(11) NOT NULL,
  `created_at` timestamp NULL DEFAULT NULL,
  `updated_at` timestamp NULL DEFAULT NULL
) ENGINE=InnoDB DEFAULT CHARSET=utf8mb4 COLLATE=utf8mb4_unicode_ci;

--
-- Dumping data for table `food_categories`
--

INSERT INTO `food_categories` (`id`, `food_category_name`, `food_category_slug`, `status`, `created_at`, `updated_at`) VALUES
(2, 'Pizza', 'pizza', 1, '2020-03-29 09:25:09', '2020-06-13 02:44:42'),
(4, 'Main Courses', 'main-courses', 1, '2020-04-10 22:54:19', '2020-04-10 22:54:19'),
(5, 'Body Building', 'body-building', 1, '2020-04-13 03:06:35', '2020-04-13 03:06:35'),
(6, 'Pasta', 'pasta', 1, '2020-04-13 03:06:58', '2020-04-13 03:06:58'),
(7, 'Rissoto', 'rissoto', 1, '2020-04-13 03:07:45', '2020-04-13 03:07:45'),
(8, 'Low Carb and Light Wraps', 'lo-carb-wraps', 1, '2020-04-13 03:08:17', '2020-05-05 03:25:22'),
(10, 'Burgers and Sandwiches', 'burgers-and-sandwiches', 1, '2020-04-13 03:08:47', '2020-04-13 03:08:47'),
(11, 'Breakfast', 'breakfast', 1, '2020-04-13 03:08:57', '2020-04-13 03:08:57'),
(12, 'Soups', 'soups', 1, '2020-04-13 03:09:12', '2020-04-13 03:09:12'),
(13, 'Light Desserts', 'light-desserts', 1, '2020-04-13 03:09:31', '2020-04-13 03:09:31'),
(14, 'Salads', 'salads', 1, '2020-04-13 03:09:42', '2020-04-13 03:09:42'),
(15, 'Side Trimming Dishes', 'side-trimming-dishes', 1, '2020-04-13 03:10:01', '2020-04-13 03:10:01'),
(16, 'Detox Juices', 'detox-juices', 1, '2020-04-13 03:10:14', '2020-06-14 23:57:44'),
(17, 'Special Shakes and Juices', 'special-shakes', 1, '2020-04-13 03:10:25', '2020-06-14 21:49:54'),
(18, 'Other Beverages', 'other-beverages', 0, '2020-04-13 03:10:38', '2020-06-10 21:43:57');

-- --------------------------------------------------------

--
-- Table structure for table `food_galleries`
--

CREATE TABLE `food_galleries` (
  `id` bigint(20) UNSIGNED NOT NULL,
  `food_category_id` bigint(20) UNSIGNED NOT NULL,
  `food_image` varchar(191) COLLATE utf8mb4_unicode_ci NOT NULL,
  `created_at` timestamp NULL DEFAULT NULL,
  `updated_at` timestamp NULL DEFAULT NULL
) ENGINE=InnoDB DEFAULT CHARSET=utf8mb4 COLLATE=utf8mb4_unicode_ci;

--
-- Dumping data for table `food_galleries`
--

INSERT INTO `food_galleries` (`id`, `food_category_id`, `food_image`, `created_at`, `updated_at`) VALUES
(1, 2, '202004062018_shutterstock_251690740-290x290.jpeg', '2020-04-06 15:11:18', '2020-04-06 15:11:18');

-- --------------------------------------------------------

--
-- Table structure for table `food_items`
--

CREATE TABLE `food_items` (
  `id` bigint(20) UNSIGNED NOT NULL,
  `sku` text COLLATE utf8mb4_unicode_ci,
  `view_count` int(50) NOT NULL DEFAULT '0',
  `food_name` varchar(191) COLLATE utf8mb4_unicode_ci NOT NULL,
  `food_category_id` bigint(20) UNSIGNED NOT NULL,
  `food_type` int(11) NOT NULL COMMENT '1: Breakfast 2:lunch 3: snacks 4: dinner',
  `availability` varchar(255) COLLATE utf8mb4_unicode_ci DEFAULT NULL,
  `food_price` decimal(65,3) NOT NULL,
  `calories` int(11) DEFAULT NULL,
  `food_description` text COLLATE utf8mb4_unicode_ci NOT NULL,
  `food_image` varchar(191) COLLATE utf8mb4_unicode_ci NOT NULL,
  `created_at` timestamp NULL DEFAULT NULL,
  `updated_at` timestamp NULL DEFAULT NULL
) ENGINE=InnoDB DEFAULT CHARSET=utf8mb4 COLLATE=utf8mb4_unicode_ci;

--
-- Dumping data for table `food_items`
--

INSERT INTO `food_items` (`id`, `sku`, `view_count`, `food_name`, `food_category_id`, `food_type`, `availability`, `food_price`, `calories`, `food_description`, `food_image`, `created_at`, `updated_at`) VALUES
(19, 'lpfi2', 5, 'Light Margherita Medium', 2, 4, NULL, '2.500', 466, 'Homemade brown pizza dough topped with fresh tomato sauce, low-fat mozzarella cheese, dried oregano, and fresh basil leaves', '202006011141_Light-Marguerite.png', '2020-04-18 04:28:13', '2020-06-23 18:45:08'),
(20, 'lpfi3', 1, 'Light Margherita Large', 2, 4, NULL, '3.000', 466, 'Homemade brown pizza dough topped with fresh tomato sauce, low fat mozzarella cheese, dried oregano and fresh basil leaves.', '202006011107_Light-Marguerite.png', '2020-04-18 04:42:38', '2020-06-23 18:45:21'),
(21, 'lpfi4', 1, 'Al Funghi Medium', 2, 2, NULL, '2.750', 480, 'Homemade brown pizza dough topped with fresh tomato sauce, low fat mozzarella cheese, seasonal mushrooms and sprinkled with fresh basil leaves.', '202006011149_Al-Fungi-Pizza.png', '2020-04-18 04:49:32', '2020-06-01 16:23:50'),
(22, 'lpfi5', 5, 'Al Funghi Large', 2, 2, NULL, '3.250', 480, 'Homemade brown pizza dough topped with fresh tomato sauce, low fat mozzarella cheese, seasonal mushrooms and sprinkled with fresh basil leaves.', '202006011107_Al-Fungi-Pizza.png', '2020-04-18 04:54:55', '2020-06-01 16:24:08'),
(23, 'lpfi6', 1, 'Vegetarian Medium', 2, 2, NULL, '2.750', 563, 'Homemade brown pizza dough topped with fresh tomato sauce, low fat mozzarella cheese, grilled vegetables (zucchini, eggplant, sweet bell peppers and onions', '202006011107_VEGETARIAN-PIZZA.png', '2020-04-18 05:04:47', '2020-06-01 16:32:08'),
(24, 'lpfi7', 0, 'Vegetarian Large', 2, 2, NULL, '3.250', 563, 'Homemade brown pizza dough topped with fresh tomato sauce, low fat mozzarella cheese, grilled vegetables (zucchini, eggplant, sweet bell peppers and onions)', '202006011136_VEGETARIAN-PIZZA.png', '2020-04-21 03:30:03', '2020-06-01 16:32:37'),
(25, 'lpfi8', 0, 'Chicken & Mushroom Medium', 2, 2, NULL, '3.000', 558, 'Homemade Brown pizza dough topped with fresh tomato sauce, low fat mozzarella cheese, grilled chicken, fresh button mushrooms and fresh basil leaves.', '202006011131_Chicken-And-Mushroom.png', '2020-04-21 03:35:41', '2020-06-01 16:24:31'),
(26, 'lpfi9', 0, 'Chicken & Mushroom Large', 2, 2, NULL, '3.500', 558, 'Homemade Brown pizza dough topped with fresh tomato sauce, low-fat mozzarella cheese, grilled chicken, fresh button mushrooms and fresh basil leaves.', '202006011100_Chicken-And-Mushroom.png', '2020-04-21 03:40:36', '2020-06-01 16:25:01'),
(27, 'lpfi10', 0, 'Beef Tenderloin Medium', 2, 2, NULL, '3.250', 624, 'Homemade Brown pizza dough topped with fresh tomato sauce, low-fat mozzarella cheese and Grilled beef, bell peppers, and spring onions', '202006072132_Beef-Tenderloin.png', '2020-04-21 03:43:06', '2020-06-08 02:47:33'),
(28, 'lpfi11', 0, 'Beef Tenderloin Large', 2, 2, NULL, '3.750', 624, 'Homemade Brown pizza dough topped with fresh tomato sauce, low-fat mozzarella cheese and Grilled beef, bell peppers, and spring onions.', '202006072153_Beef-Tenderloin.png', '2020-04-21 03:48:43', '2020-06-08 02:47:53'),
(29, 'lpfi12', 0, 'Pepperoni & Olive Medium', 2, 2, NULL, '3.000', 662, 'Homemade brown pizza dough topped with fresh tomato sauce, low-fat mozzarella cheese, sliced beef pepperoni, spring onions, black olives, and crushed chili.', '202006011130_PEPPERONI-_-OLIVE.png', '2020-04-21 03:51:24', '2020-06-01 16:31:30'),
(30, 'lpfi13', 0, 'Pepperoni & Olive Large', 2, 2, NULL, '3.250', 662, 'Homemade brown pizza dough topped with fresh tomato sauce, low-fat mozzarella cheese, sliced beef pepperoni, spring onions, black olives, and crushed chili.', '202006011150_PEPPERONI-_-OLIVE.png', '2020-04-21 03:57:53', '2020-06-01 16:31:51'),
(31, 'lpfi14', 0, 'Fettuccine & Veggie', 6, 2, NULL, '3.000', 474, 'Homemade fresh fettuccine, with seasonal vegetables and extra virgin olive oil.', '202006072100_FETTUCCINE-_-VEGGIE.png', '2020-04-21 04:08:10', '2020-06-08 02:52:00'),
(32, 'lpfi15', 0, 'Penne Arrabiata', 6, 2, NULL, '2.600', 373, 'Penne regate pasta, with fresh tomato, garlic, red chilies and parsley', '202006072240_PENNE-ARABBIATA.png', '2020-04-21 04:17:32', '2020-06-08 03:32:40'),
(33, 'lpfi16', 0, 'Tagliatelle Alfredo', 6, 2, NULL, '3.250', 812, 'Tagliatelle pasta served with, light cream sauce, sautéed chicken breast, and parmesan cheese.', '202006072107_TAGLIATELLE-ALFREDO.png', '2020-04-21 04:25:51', '2020-06-08 02:53:07'),
(34, 'lpfi17', 3, 'Spaghetti Bolognese', 6, 2, NULL, '3.100', 373, 'Spaghetti served with, minced meat sauce, tomatoes, and fresh herbs.', '202006072127_SPAGHETTI-BOLOGNESE.png', '2020-04-21 04:38:19', '2020-06-08 02:53:28'),
(35, 'lpfi18', 13, 'Spaghetti Sea Food', 6, 2, NULL, '3.000', 379, 'Spaghetti served with, variety of sea-food, sauce, tomatoes, and fresh herbs.', '202006072153_SPAGHETTI-SEAFOOD.png', '2020-04-21 04:45:26', '2020-06-08 02:53:53'),
(36, 'lpfi19', 0, 'Cajun Shrimp', 4, 1, NULL, '5.500', 427, 'Grilled jumbo shrimp marinated with cajun spices, lemon, tomato sauce and mild chili.', '202006011057_CAJUN-SHRIMP.png', '2020-05-05 01:29:30', '2020-06-01 15:56:57'),
(37, 'lpfi20', 0, 'Grilled Hamour & Spinach', 4, 1, NULL, '4.750', 462, 'Grilled hammour fish fillet with sautéed spinach, cherry tomatoes, potatoes nature, and black olives with lemon sauce.', '202006011033_GRILLED-HAMOUR-_-SPINACH.png', '2020-05-05 01:31:37', '2020-06-01 15:59:34'),
(38, 'lpfi21', 0, 'Grilled Salmon & Artichoke Heart', 4, 1, NULL, '5.250', 443, 'Grilled salmon fish fillet with sautéed artichoke with avellinese sauce.', '202006011034_GRILLED SALMON _ ARTICHOKE HEART.png', '2020-05-05 01:34:32', '2020-06-01 15:58:34'),
(39, 'lpfi22', 0, 'Grilled Steak With Mushroom Sauce', 4, 1, NULL, '5.250', 640, 'Grilled beef tenderloin, basil leaves, and mushroom sauce.', '202006011004_GRILLED STEAK With MUSHROOM SAUCE .png', '2020-05-05 01:36:55', '2020-06-01 15:59:05'),
(40, 'lpfi23', 0, 'Grilled Beef Tenderloin', 5, 2, NULL, '5.100', 512, '200 Grams of grilled beef tenderloin with brown rice and diet drink.', '202006011001_Grilled-Beef-Tenderloin.png', '2020-05-05 01:55:07', '2020-06-01 15:53:02'),
(41, 'lpfi24', 0, 'Grilled Chicken Breast', 5, 1, NULL, '3.100', 393, '200 Grams of grilled chicken breast and brown rice.', '202006011038_Grilled-Chicken-Breast.png', '2020-05-05 01:57:29', '2020-06-01 15:53:38'),
(42, 'lpfi25', 0, 'Grilled Salmon Fillet Fish', 5, 1, NULL, '5.350', 345, '200 Grams of grilled salmon fish fillet with brown rice and diet drink.', '202006071910_Grilled-Salmon-Fillet-Fish.png', '2020-05-05 01:59:03', '2020-06-08 00:32:11'),
(43, 'lpfi26', 0, 'Grilled Hammour Fillet Fish', 5, 1, NULL, '4.100', 320, '200 Grams of grilled hammour fish fillet with brown rice and diet drink.', '202006071902_Grilled-Hammour-Fillet-Fish.png', '2020-05-05 02:00:46', '2020-06-08 00:33:02'),
(44, 'lpfi27', 0, 'Chicken with Lemon Sauce', 4, 1, NULL, '3.500', 400, 'Grilled chicken breast with lemon sauce', '202006011032_CHICKEN With LEMON SAUCE.png', '2020-05-05 02:30:07', '2020-06-01 15:57:33'),
(45, 'lpfi28', 0, 'Italian rice', 7, 1, NULL, '2.750', 358, 'Italian rice', '202006072117_RISOTTO.png', '2020-05-05 02:42:48', '2020-06-08 02:55:17'),
(46, 'lpfi29', 0, 'Risotto Mushroom', 7, 2, NULL, '2.500', 506, 'Italian rice cooked with mushrooms and parmesan cheese', '202006072147_RISOTTO-MUSHROOM.png', '2020-05-05 02:57:42', '2020-06-08 02:55:48'),
(47, 'lpfi30', 0, 'Risotto Vegetable', 7, 2, NULL, '2.750', 577, 'Italian rice cooked with vegetables and tomato sauce.', '202006072112_RISOTO-VEGETABLE.png', '2020-05-05 03:05:25', '2020-06-08 02:56:12'),
(48, 'lpfi31', 0, 'Risotto Al Pollo', 7, 2, NULL, '2.750', 553, 'Italian rice cooked with chicken breast flavored with Italian herbs.', '202006072131_RISOTTO-AL-POLLO.png', '2020-05-05 03:13:19', '2020-06-08 02:56:32'),
(49, 'lpfi32', 0, 'Grilled Chicken Tortilla Wrap', 8, 3, NULL, '2.250', 493, 'Grilled chicken breast with tomatoes, lettuce with light lemon dressing wrapped in a wheat brown tortilla', '202006071902_GRILLED-CHICKEN-TORTILLA-WRAP.png', '2020-05-05 03:24:31', '2020-06-08 00:41:03'),
(50, 'lpfi33', 0, 'Grilled Light Halloume Wrap', 8, 3, NULL, '2.250', 543, 'Thin slices of cucumber, tomatoes, mint leaves, flat parsley, low-fat halloumi cheese, dressed up with herbed light sauce wrapped in a brown wheat tortilla.', '202006071941_GRILLED-LIGHT-HALLOUMi-WRAP.png', '2020-05-05 03:34:09', '2020-06-08 00:41:42'),
(51, 'lpfi34', 0, 'Light Tuna Wrap', 8, 3, NULL, '2.250', 466, 'Low-fat water-packed tuna, bell peppers, onions, tomatoes, parsley, less fat parmesan cheese with light lemon tartar sauce wrapped in a brown wheat tortilla', '202006071906_LT.--TUNA-WRAP.png', '2020-05-05 03:54:14', '2020-06-08 00:42:07'),
(52, 'lpfi35', 0, 'Lettuce Turkey Wrap', 8, 3, NULL, '2.400', 238, 'fat free smoked turkey breast with tomatoes, iceberg lettuce, onions, rocket leaves, low-fat cheddar cheese and light lemon   sauce wrapped in fresh crisp lettuce.', '202006071919_LETTUCE-TURKEY-WRAP.png', '2020-05-05 04:51:11', '2020-06-08 00:43:19'),
(53, 'lpfi36', 0, 'Low Carb Halloumi Wrap', 8, 3, NULL, '2.250', 325, 'Slices of fresh halloumi cheese combined with tomatoes, cucumber, parsley, iceberg lettuce, drizzled with basil pesto sauce wrapped in fresh crispy lettuce.', '202006071944_Low-Carb-Halloumi-Wrap.png', '2020-05-05 05:06:56', '2020-06-08 00:43:44'),
(54, 'lpfi37', 0, 'Lettuce Chicken Caesar Wrap', 8, 3, NULL, '2.400', 308, 'Grilled chicken breast, less fat parmesan cheese, lettuce and drizzled with special light Caesar dressing  wrapped in fresh crispy lettuce.', '202006071912_LETTUCE-CHICKEN-CAESAR-WRAP.png', '2020-05-05 05:17:29', '2020-06-08 00:44:13'),
(55, 'lpfi38', 0, 'Chicken Caesar Wrap', 8, 3, NULL, '2.400', 526, 'Grilled chicken breast, less fat parmesan cheese, lettuce and drizzled with special light Caesar dressing  wrapped in  in a brown wheat tortilla', '202006071938_CHICKEN-CAESAR-WRAP.png', '2020-05-05 05:28:22', '2020-06-08 00:44:38'),
(56, 'lpfi39', 0, 'Grilled Beef & Pepper Wrap', 8, 3, NULL, '2.500', 483, 'Chargrilled beef fillet with rocket leaves, onions, cherry tomatoes, grilled bell peppers dressed up with steak fajita sauce wrapped in a brown wheat tortilla', '202006071905_GRILLED-BEEF-_-PEPPER-WRAP.png', '2020-05-05 05:39:25', '2020-06-08 00:45:05'),
(57, 'lpfi40', 0, 'Smoked Turkey & Rocket Wrap', 8, 3, NULL, '2.000', 472, 'Fat-free smoked turkey breast with tomatoes, rocket leaves, onions and low-fat cheddar cheese with light lemon aioli dressing wrapped in a wheat brown tortilla.', '202006071956_LETTUCE-TURKEY-WRAP.png', '2020-05-05 05:53:47', '2020-06-08 00:45:56'),
(58, 'lpfi41', 0, 'Lettuce Beef Wrap', 8, 3, NULL, '2.400', 367, 'Chargrilled beef fillet, rocket leaves, onions, cherry tomatoes, dill pickles, bell peppers, fresh lemon juice and barbecue steak sauce wrapped in fresh crispy lettuce.', '202005050109_Grilled Beef.jpg', '2020-05-05 06:03:09', '2020-05-05 06:03:09'),
(59, 'lpfi42', 0, 'Lettuce Chicken Wrap', 8, 3, NULL, '2.400', 295, 'Prime grilled chicken breast with tomatoes, iceberg lettuce, onions, low-fat cheddar cheese and reduced-fat Nocciolina sauce wrapped in fresh crispy lettuce.', '202005050153_l Chicken Wrap.jpg', '2020-05-05 06:17:53', '2020-05-05 06:17:53'),
(60, 'lpfi43', 0, 'Steamed Seasonal Vegetables', 15, 3, NULL, '2.000', 55, 'Green pepper,Yellow pepper,Red pepper,Carrot,Zucchini,Broccoli,Cauliflower', '202005050147_3-Steam-Vegetable-300x300.jpg', '2020-05-05 06:20:47', '2020-05-05 06:20:47'),
(61, 'lpfi44', 0, 'Lettuce Tuna Wrap', 8, 3, NULL, '2.250', 219, 'Low-fat water-packed tuna, green bell peppers, onions, tomatoes, parsley and light lemon tartar sauce wrapped in fresh crisp lettuce.', '202006072106_LT.--TUNA-WRAP.png', '2020-05-05 06:25:15', '2020-06-08 02:58:06'),
(62, 'lpfi45', 0, 'Cheese Burger', 10, 3, NULL, '2.100', 726, 'Beef burger patty grilled and topped with iceberg lettuce, onions, dill pickles, tomatoes, low-fat cheddar cheese, mushroom drizzled with special burger sauce served on multigrain brown ciabatta bread', '202006071925_CHEESE BURGER .png', '2020-05-05 06:35:07', '2020-06-08 00:34:25'),
(63, 'lpfi46', 0, 'Tuna Sandwich', 10, 3, NULL, '2.000', 554, 'Tuna, iceberg lettuce, tomatoes, cucumber, less fat parmesan cheese, dill pickles, light lemon tartar sauce on brown ciabatta bread.', '202006071946_TUNA SANDWICH .png', '2020-05-05 06:40:13', '2020-06-08 00:34:46'),
(64, 'lpfi47', 0, 'Turkey Sandwich', 10, 3, NULL, '2.000', 481, 'Smoked turkey breast topped with rocket leaves, dill pickles, tomatoes, avocado slice, light cheddar cheese and lemon aioli sauce served on brown ciabatta bread.', '202006071935_TURKEY-SANDWICH.png', '2020-05-05 06:41:40', '2020-06-08 00:35:35'),
(65, 'lpfi48', 0, 'Chicken Grilled Sandwich', 10, 3, NULL, '2.150', 538, 'Grilled chicken breast topped with iceberg lettuce, onions, tomato, basil leaves, reduced vinegar, light cheddar cheese with lemon aioli sauce served on brown ciabatta bread', '202006071957_CHICKEN-GRILLED-SANDWICH.png', '2020-05-05 06:44:21', '2020-06-08 00:35:58'),
(66, 'lpfi49', 0, 'Beef Burger', 10, 3, NULL, '1.800', 688, 'Beef burger patty grilled and topped with iceberg lettuce, onions, dill pickles, tomatoes drizzled with special burger sauce served on multigrainbrown ciabatta bread.', '202006071921_GRILLED-BEEF-SANDWICH.png', '2020-05-05 06:45:41', '2020-06-08 00:36:21'),
(67, 'lpfi50', 0, 'Grilled Beef Sandwich', 10, 3, NULL, '2.500', 591, 'Grilled tenderloin beef with mexican sauce in brown ciabatta bread.', '202006071933_GRILLED-BEEF-SANDWICH.png', '2020-05-05 06:47:16', '2020-06-08 00:38:34'),
(68, 'lpfi51', 0, 'Grilled Halloum  Sandwich', 10, 3, NULL, '2.000', 616, 'Thin slices of cucumber, tomatoes, mint leaves, flat parsley, low-fat halloumi cheese with herbed light sauce in brown ciabatta bread', '202006071949_GRILLED-HALLOUMI-SANDWICH.png', '2020-05-05 06:48:53', '2020-06-08 00:36:49'),
(69, 'lpfi52', 0, 'Ceaser Sandwich', 10, 3, NULL, '2.150', 581, 'Grilled chicken breast, oregano, iceberg lettuce, beef bacon bits, less fat parmesan cheese with light Caesar dressing on brown ciabatta', '202006071914_CAESAR-SANDWICH.png', '2020-05-05 06:49:59', '2020-06-08 00:37:14'),
(70, 'lpfi53', 0, 'Chicken Milano', 4, 3, NULL, '3.773', 824, 'Grilled chichen  with mushroom,sundried, alfredo sauce ,smoked turky chickenand light parmesan cheese side tagliatelle pasta', '202006011004_CHICKEN-MILANO.png', '2020-05-05 06:59:36', '2020-06-11 19:47:09'),
(71, 'lpfi54', 0, 'Beef Stroganoff', 4, 3, NULL, '5.500', 882, 'Grilled tenderlion beef with mushroom,roasted potato brown sauce and alfresdo sauce.', '202006011034_BEEF STROGANOFF.png', '2020-05-05 07:01:29', '2020-06-11 19:45:54'),
(72, 'lpfi55', 0, 'Grilled Veggie Skewer', 15, 3, NULL, '2.500', 0, 'Green pepper,Yellow pepper,Red pepper,Carrot,Zucchini,Broccoli,Cauliflower', '202006072129_Grilled-Veggie-Skewer.png', '2020-05-05 07:09:27', '2020-06-08 02:59:30'),
(73, 'lpfi56', 0, 'White Rice', 15, 3, NULL, '0.350', 38, '100 Grams of boiled white rice.', '202006072152_white-rice.png', '2020-05-05 07:10:59', '2020-06-08 02:59:53'),
(74, 'lpfi57', 0, 'Brown Rice', 15, 3, NULL, '0.350', 193, '100 Grams of boiled Brown rice.', '202006072215_Brown-rice.png', '2020-05-05 07:12:25', '2020-06-08 03:00:16'),
(75, 'lpfi58', 0, 'Mashed Potatoes', 15, 3, NULL, '2.100', 2212, '100 Grams of Mashed Potatoes.', '202006072226_mashed-potato.png', '2020-05-05 07:13:59', '2020-06-08 03:01:27'),
(76, 'lpfi59', 0, 'Baked Potato With Mushroom', 15, 3, NULL, '2.000', 265, 'Baked Potato,Alfredo sauce,Mushroom slice,Cheddar slice cheese', '202006072207_Baked-Potato-WITH-MUSHROOM.png', '2020-05-05 07:16:02', '2020-06-11 19:49:41'),
(77, 'lpfi60', 0, 'Baked Potato With Cheddar & Bacon', 15, 3, NULL, '2.000', 324, 'Baked Potato , Alfredo sauce,Cheddar slice cheese,Beef bacon', '202006072230_BAKED-POTATO-With--CHEDDAR-_-BACON.png', '2020-05-05 07:18:01', '2020-06-11 19:46:27'),
(78, 'lpfi61', 0, 'Lemon Wedge', 15, 3, NULL, '0.000', 44, '150G fresh lemon', '202005050225_no-image.png', '2020-05-05 07:19:25', '2020-05-05 07:19:25'),
(79, 'lpfi62', 0, 'Capsicum', 15, 3, NULL, '0.000', 156, '600 Grams  Red pepper,Green pepper,Yellow pepper', '202005050253_no-image.png', '2020-05-05 07:20:54', '2020-05-05 07:20:54'),
(80, 'lpfi63', 0, 'Chicken Skewer', 15, 3, NULL, '3.500', 358, 'Grilled chicken breast skewer with special sauce and small salad', '202006072206_CHICKEN-SKEWER.png', '2020-05-05 07:22:04', '2020-06-11 19:50:56'),
(81, 'lpfi64', 0, 'Beef Skewer', 15, 3, NULL, '4.250', 476, 'Grilled Beef Skewer With Special Sauce And Small Salad.', '202006072242_BEEF-SKEWER.png', '2020-05-05 07:23:16', '2020-06-11 19:50:28'),
(82, 'lpfi65', 0, 'Broccoli Soup', 12, 3, NULL, '2.000', 509, 'Fresh broccoli, flavored with natural vegetable stock.', '202006072202_Broccoli-Soup.png', '2020-05-05 07:28:57', '2020-06-08 03:10:03'),
(83, 'lpfi66', 0, 'Greek Salad', 14, 3, NULL, '1.750', 96, 'cheese, tomatoes, cucumber, onions, olives.', '202006011154_Greek Salad.png', '2020-05-05 07:29:48', '2020-06-01 16:33:55'),
(84, 'lpfi67', 0, 'Quinoa Salad', 12, 3, NULL, '2.750', 97, 'White quinoa,roasted bell pepper, tomato, cucumber, onions, basil, feta with lemon & olive oli and  vinneagre', '202005050202_quinua-salad-300x300.jpg', '2020-05-05 07:31:02', '2020-05-05 07:31:02'),
(85, 'lpfi68', 0, 'Chicken Mushroom Soup', 12, 3, NULL, '1.850', 1529, 'Grilled Chicken Breast,Fresh mushroom, flavoring vegetables seasoned with light fresh cream.', '202006072231_Chicken-Mushroom-Soup.png', '2020-05-05 07:31:14', '2020-06-11 19:52:43'),
(86, 'lpfi69', 0, 'Grilled Chicken Salad', 14, 3, NULL, '2.500', 168, 'A combination of fresh vegetables, lettuce tomatoes, onions, bell pepper and grilled chicken breast tossed with lemon dressing.', '202006011128_Grilled Chicken Salad.png', '2020-05-05 07:32:30', '2020-06-01 16:34:28'),
(87, 'lpfi70', 0, 'Sea Food Soup', 12, 3, NULL, '3.350', 1358, 'Shrimp , Calamari,Hamour fellet, seasoned with light fresh cream.', '202006072215_Sea-food-Soup.png', '2020-05-05 07:32:49', '2020-06-11 19:48:26'),
(88, 'lpfi71', 0, 'Rocca & Granadine Salad', 14, 3, NULL, '2.500', 193, 'Rocket leaves with roasted pine nuts, sundried tomatoes, granadine , less fat parmesan cheese, tossed with balsamic vinegar dressing.', '202006011104_Rocca _ Granadine Salad .png', '2020-05-05 07:33:56', '2020-06-01 16:38:04'),
(89, 'lpfi72', 0, 'Mushroom Soup', 12, 3, NULL, '2.000', 0, 'Fresh mushroom, flavoring vegetables seasoned with light fresh cream.', '202006072237_Mushroom-Soup.png', '2020-05-05 07:34:32', '2020-06-08 03:18:37'),
(90, 'lpfi73', 0, 'Light Caesar Salad', 14, 3, NULL, '1.750', 193, 'classic salad with crisp lettuce, home made brown wheat bread croutons, less fat parmesan cheese tossed in a special light Caesar dressing.with Grilled chicken', '202006011125_Light Caesar Salad.png', '2020-05-05 07:35:13', '2020-06-01 16:36:25'),
(91, 'lpfi74', 0, 'Light Caesar Salad with Chicken', 14, 3, NULL, '2.250', 297, 'classic salad with crisp lettuce, home made brown wheat bread croutons, less fat parmesan cheese tossed in a special light Caesar dressing.with Grilled chicken', '202006011155_Light Caesar Salad with Chicken.png', '2020-05-05 07:36:47', '2020-06-01 16:35:56'),
(92, 'lpfi75', 0, 'Roasted Sweet Potato Quinoa Salad', 14, 3, NULL, '3.250', 75, 'White quinoa,roasted sweet potato, fresh spinach ,avocado, fresh basil leave, mints leaves with olive oil and  lemon vinaigrette dressing.', '202006011140_Roasted Sweet Potato Quinoa Salad.png', '2020-05-05 07:37:08', '2020-06-11 19:51:40'),
(93, 'lpfi76', 0, 'Healthy Tuna Salad', 14, 3, NULL, '2.500', 170, 'Deliciously tasty low fat water packed tuna, lettuce, bell peppers, onions, tomatoes, sweet corn with light lemon dressing.', '202006011158_healthy tuna salad.png', '2020-05-05 07:38:00', '2020-06-01 16:34:58'),
(94, 'lpfi77', 0, 'Garden Spring Salad with red beets', 14, 3, NULL, '2.000', 102, 'Blend of mixed vegetables, buffalo cherry mozarella cheese, iceberg lettuce, fresh tomatoes, sweet corn, carrots, red cabbage, black olives, cucumber, red radish tossed with Italian dressing.', '202006011135_Garden Spring Salad with red beets.png', '2020-05-05 07:38:22', '2020-06-01 16:33:36'),
(95, 'lpfi78', 0, 'Light Option Salad', 14, 3, NULL, '2.250', 80, 'A combination of green leaves, grilled vegetables, zucchini, eggplant, onions, yellow & red bell peppers, basil leaves tossed with balsamic vinagrette dressing.', '202006011105_light option salad.png', '2020-05-05 07:40:10', '2020-06-01 16:37:05'),
(96, 'lpfi79', 0, 'Lemon Dill Pasta', 6, 3, NULL, '3.500', 729, 'Penne pasta served with light creamy lemon dill sauce, sautéed chicken breast,parmesan cheese,dill leaves chopped.', '202006072200_LEMON-DILL-PASTA.png', '2020-05-05 07:42:31', '2020-06-11 19:47:57'),
(97, 'lpfi80', 8, 'Penne Arabbiata', 6, 3, NULL, '2.600', 382, 'Penne regate pasta with fresh tomatoes, garlic, red chilies and parsley', '202006072233_PENNE-ARABBIATA.png', '2020-05-05 07:49:49', '2020-06-08 03:33:33'),
(98, 'lpfi81', 0, 'Turkey And Beef Bacon Large', 2, 3, NULL, '3.250', 1193, 'pizza dough topped with fresh tomato sauce, low-fat mozzarella cheese, smoked turkey, Beef bacon  and rocket leaves.', '202006072148_Turkey-and-beef-bacon.png', '2020-05-05 07:55:20', '2020-06-08 02:49:49'),
(99, 'lpfi82', 0, 'Turkey And Beef Bacon Medium', 2, 3, NULL, '2.750', 1042, 'pizza dough topped with fresh tomato sauce, low-fat mozzarella cheese, smoked turkey, Beef bacon  and rocket leaves.', '202006072108_Turkey-and-beef-bacon.png', '2020-05-05 07:57:43', '2020-06-08 02:50:08'),
(102, 'lpfi83', 0, 'Awar Galb', 17, 3, NULL, '2.300', 0, 'Mango, Strawberry & Vanilla Ice Cream', '202006141744_noimage.png', '2020-06-14 22:03:31', '2020-06-14 22:41:45'),
(103, 'lpfi84', 0, 'Amparator', 17, 3, NULL, '2.300', 0, 'Mango & Vanilla Ice Cream.', '202006141723_noimage.png', '2020-06-14 22:43:44', '2020-06-14 22:45:23'),
(104, 'lpfi85', 0, 'Ajeeb', 17, 3, NULL, '2.300', 0, 'Vanilla Ice Cream, Mango, Banana & Milk.', '202006141746_noimage.png', '2020-06-14 22:44:40', '2020-06-14 22:45:46'),
(105, 'lpfi86', 0, 'Susu', 17, 3, NULL, '2.300', 0, 'Strawberry, Vanilla Ice Cream, Mango, Banana & Milk.', '202006141753_noimage.png', '2020-06-14 22:46:53', '2020-06-14 22:46:53'),
(106, 'lpfi87', 0, 'Easy', 17, 3, NULL, '2.300', 0, 'Orange, Mango, Vanilla Ice Cream & Strawberry.', '202006141724_noimage.png', '2020-06-14 22:48:24', '2020-06-14 22:48:24'),
(107, 'lpfi88', 0, 'Frutti', 17, 3, NULL, '2.300', 0, 'Banana, Strawberry & Pineapple.', '202006141750_noimage.png', '2020-06-14 22:51:50', '2020-06-14 22:51:50'),
(108, 'lpfi89', 0, 'Shami', 17, 3, NULL, '2.300', 0, 'Carrots, Orange & Apple.', '202006141721_noimage.png', '2020-06-14 22:54:21', '2020-06-14 22:54:21'),
(109, 'lpfi90', 0, 'Maaris', 17, 3, NULL, '2.300', 0, 'Avocado, Rocket Leaves, Honey, Milk & Mix Nut.', '202006141748_noimage.png', '2020-06-14 22:55:48', '2020-06-14 22:55:48'),
(110, 'lpfi91', 0, 'Diet', 17, 3, NULL, '2.300', 0, 'Pineapple, Kiwi & Grapefruit.', '202006141713_noimage.png', '2020-06-14 22:58:13', '2020-06-14 22:58:13'),
(111, 'lpfi92', 0, 'Takhsees', 17, 3, NULL, '2.300', 0, 'Grapefruit, Pineapple, Kiwi & Green Apple.', '202006141750_noimage.png', '2020-06-14 22:59:50', '2020-06-14 22:59:50'),
(112, 'lpfi93', 0, 'Berry Green 330Ml', 17, 3, NULL, '2.300', 0, 'Strawberry, spinach.', '202006141843_noimage.png', '2020-06-14 23:00:43', '2020-06-14 23:00:43'),
(113, 'lpfi94', 0, 'Orange Juice', 17, 3, NULL, '1.750', 0, 'Orange Juice', '202006141831_noimage.png', '2020-06-14 23:52:31', '2020-06-14 23:52:31'),
(114, 'lpfi95', 0, 'Mango Fresh Juice', 17, 3, NULL, '1.750', 0, 'Mango Fresh Juice.', '202006141810_noimage.png', '2020-06-14 23:53:10', '2020-06-14 23:53:10'),
(115, 'lpfi96', 0, 'Strawberry Fresh Juice.', 17, 3, NULL, '1.750', 0, 'Strawberry Fresh Juice.', '202006141813_noimage.png', '2020-06-14 23:54:13', '2020-06-14 23:54:13'),
(116, 'lpfi97', 0, 'Avocado Juice', 17, 3, NULL, '2.500', 0, 'Avocado Juice.', '202006141858_noimage.png', '2020-06-14 23:54:58', '2020-06-14 23:54:58'),
(117, 'lpfi98', 0, 'Pineapple Juice', 17, 3, NULL, '1.750', 0, 'Pineapple Juice', '202006141836_noimage.png', '2020-06-14 23:55:36', '2020-06-14 23:55:36'),
(118, 'lpfi99', 0, 'Kiwi Juice', 17, 3, NULL, '1.750', 0, 'Kiwi Juice', '202006141812_noimage.png', '2020-06-14 23:56:12', '2020-06-14 23:56:12'),
(119, 'lpfi100', 0, 'Fatafit', 16, 3, NULL, '2.300', 0, 'Orange, Apple, Banana & Strawberry', '202006141938_noimage.png', '2020-06-15 00:01:39', '2020-06-15 00:01:39'),
(120, 'lpfi101', 0, 'Yahoo', 16, 3, NULL, '2.300', 0, 'Vanilla Ice Cream, Carrots, Mango, Strawberry & Orange.', '202006141935_noimage.png', '2020-06-15 00:02:35', '2020-06-15 00:02:35'),
(121, 'lpfi102', 0, 'Zeezoo', 16, 3, NULL, '2.300', 0, 'Avocado, Mango, Strawberry & Vanilla Ice Cream', '202006141925_noimage.png', '2020-06-15 00:03:25', '2020-06-15 00:03:25'),
(122, 'lpfi103', 0, 'Hi-Hi', 16, 3, NULL, '2.300', 0, 'Avocado, Vanilla Ice Cream, Honey & Nuts', '202006141922_noimage.png', '2020-06-15 00:04:23', '2020-06-15 00:04:23'),
(123, 'lpfi104', 0, 'Ahoo Azziz', 16, 3, NULL, '2.300', 0, 'Honey, Banana, Mango, Vanilla Ice Cream & Milk.', '202006141907_noimage.png', '2020-06-15 00:05:07', '2020-06-15 00:05:07'),
(124, 'lpfi105', 0, 'Kid Friendly Green Juice 330Ml', 16, 3, NULL, '2.000', 0, 'Orange, lemon, green apple, spinach.', '202006141927_noimage.png', '2020-06-15 00:06:27', '2020-06-15 00:06:27'),
(125, 'lpfi106', 0, 'Zesty Lemon Apple Juice 330Ml', 16, 3, NULL, '2.000', 0, 'Lemon, green apple, cucumber.', '202006141937_noimage.png', '2020-06-15 00:07:37', '2020-06-15 00:07:37'),
(126, 'lpfi107', 0, 'Tropical Carrot Apple Juice 330Ml', 16, 3, NULL, '2.000', 0, 'Green apple, pineapple, carrots', '202006141930_noimage.png', '2020-06-15 00:08:30', '2020-06-15 00:08:30'),
(127, 'lpfi108', 0, 'Ultimate Green 330Ml', 16, 3, NULL, '2.250', 0, 'Green apple, celery, cucumber, lemon juice, mint', '202006141933_noimage.png', '2020-06-15 00:09:33', '2020-06-15 00:09:33'),
(128, 'lpfi109', 0, 'Normal Cocktail', 16, 3, NULL, '1.750', 0, 'Normal Cocktail', '202006141946_noimage.png', '2020-06-15 00:10:46', '2020-06-15 00:10:46'),
(129, 'lpfi110', 0, 'Apple Juice', 16, 3, NULL, '1.750', 0, 'Apple Juice', '202006141955_noimage.png', '2020-06-15 00:12:55', '2020-06-15 00:12:55'),
(130, 'lpfi111', 0, 'Carrots Juice', 16, 3, NULL, '1.750', 0, 'Carrots Juice.', '202006141945_noimage.png', '2020-06-15 00:13:45', '2020-06-15 00:13:45'),
(131, 'lpfi112', 0, 'Lemonade Juice.', 16, 3, NULL, '1.750', 0, 'Lemonade Juice.', '202006141930_noimage.png', '2020-06-15 00:14:30', '2020-06-15 00:14:30'),
(132, 'lpfi113', 0, 'Banana Milk Juice', 16, 3, NULL, '1.750', 0, 'Banana Milk Juice.', '202006141912_noimage.png', '2020-06-15 00:15:12', '2020-06-15 00:15:12'),
(133, 'lpfi114', 0, 'Mango Frozen', 16, 3, NULL, '1.750', 0, 'Mango Frozen.', '202006141948_noimage.png', '2020-06-15 00:15:48', '2020-06-15 00:15:48'),
(134, 'lpfi115', 0, 'Strawberry Frozen', 16, 3, NULL, '1.750', 0, 'Strawberry Frozen.', '202006141925_noimage.png', '2020-06-15 00:16:25', '2020-06-15 00:16:25'),
(135, 'lpfi116', 0, 'Orange Strawberry Smoothie 330Ml', 16, 3, NULL, '2.300', 0, 'Orange, strawberry, spinach, skimmed milk.', '202006141944_noimage.png', '2020-06-15 00:17:44', '2020-06-15 00:17:44'),
(136, 'lpfi117', 0, 'Strawberry Pineapple Smoothie 330Ml', 16, 3, NULL, '2.300', 0, 'Strawberry, pineapple, broccoli, honey, skimmed milk.', '202006141902_noimage.png', '2020-06-15 00:23:02', '2020-06-15 00:23:02'),
(137, 'lpfi118', 0, 'Banana Spinach Smoothie 330Ml', 16, 3, NULL, '2.300', 0, 'Green apple juice, spinach, kale, green apple, avocado', '202006141919_noimage.png', '2020-06-15 00:24:19', '2020-06-15 00:24:19'),
(138, 'lpfi119', 0, 'Pineapple Orange Smoothie 330Ml', 16, 3, NULL, '2.300', 0, 'Pineapple, orange, spinach, skimmed milk', '202006141911_noimage.png', '2020-06-15 00:25:11', '2020-06-15 00:25:11'),
(139, 'lpfi120', 0, 'Chocolate Banana Smoothies 330Ml', 16, 3, NULL, '2.300', 0, 'Skimmed milk, banana, chocolate syrup, butter, almonds', '202006141912_noimage.png', '2020-06-15 00:26:12', '2020-06-15 00:26:12'),
(140, 'lpfi121', 0, 'Banana Oatmeal Smoothies 330Ml', 16, 3, NULL, '2.300', 0, 'Oats, yogurt, banana, skimmed milk, honey', '202006141907_noimage.png', '2020-06-15 00:27:07', '2020-06-15 00:27:07'),
(141, 'lpfi122', 0, 'Red ginger Juice 330Ml', 16, 3, NULL, '2.300', 0, 'Lemon, carrots, green apple, red beets', '202006141959_noimage.png', '2020-06-15 00:27:59', '2020-06-15 00:27:59'),
(142, 'lpfi123', 0, 'Allergy Fighting Detox 330Ml', 16, 3, NULL, '2.300', 0, 'Cucumber, pineapple, lemon, parsley, green apple, and mint', '202006141945_noimage.png', '2020-06-15 00:28:45', '2020-06-15 00:28:45'),
(143, 'lpfi124', 0, 'My Dummy Item', 2, 1, NULL, '2.300', 373, 'My food is in the pizza section.', '202008060858_٢٠٢٠_٠٣_٠٨_٢١_٥٩_IMG_2726.jpg', '2020-08-06 13:14:58', '2020-08-06 13:14:58');

-- --------------------------------------------------------

--
-- Table structure for table `front_end_settings`
--

CREATE TABLE `front_end_settings` (
  `id` bigint(20) UNSIGNED NOT NULL,
  `banner_text1` varchar(191) COLLATE utf8mb4_unicode_ci DEFAULT NULL,
  `banner_text2` varchar(191) COLLATE utf8mb4_unicode_ci DEFAULT NULL,
  `banner_text3` varchar(191) COLLATE utf8mb4_unicode_ci DEFAULT NULL,
  `featureTitle1` varchar(191) COLLATE utf8mb4_unicode_ci DEFAULT NULL,
  `featureTitle2` varchar(191) COLLATE utf8mb4_unicode_ci DEFAULT NULL,
  `foodTitle1` varchar(191) COLLATE utf8mb4_unicode_ci DEFAULT NULL,
  `foodTitle2` varchar(191) COLLATE utf8mb4_unicode_ci DEFAULT NULL,
  `footerText` varchar(191) COLLATE utf8mb4_unicode_ci DEFAULT NULL,
  `reservation_title1` varchar(191) COLLATE utf8mb4_unicode_ci DEFAULT NULL,
  `reservation_title2` varchar(191) COLLATE utf8mb4_unicode_ci DEFAULT NULL,
  `reservation_openingTime` text COLLATE utf8mb4_unicode_ci,
  `foodGalleryTitle1` varchar(191) COLLATE utf8mb4_unicode_ci DEFAULT NULL,
  `foodGalleryTitle2` varchar(191) COLLATE utf8mb4_unicode_ci DEFAULT NULL,
  `eventTitle1` varchar(191) COLLATE utf8mb4_unicode_ci DEFAULT NULL,
  `eventTitle2` varchar(191) COLLATE utf8mb4_unicode_ci DEFAULT NULL,
  `newsTitle1` varchar(191) COLLATE utf8mb4_unicode_ci DEFAULT NULL,
  `newsTitle2` varchar(191) COLLATE utf8mb4_unicode_ci DEFAULT NULL,
  `chefTitle1` varchar(191) COLLATE utf8mb4_unicode_ci DEFAULT NULL,
  `chefTitle2` varchar(191) COLLATE utf8mb4_unicode_ci DEFAULT NULL,
  `phone` varchar(30) COLLATE utf8mb4_unicode_ci DEFAULT NULL,
  `address` text COLLATE utf8mb4_unicode_ci,
  `deliverycharges` decimal(65,3) DEFAULT NULL,
  `created_at` timestamp NULL DEFAULT NULL,
  `updated_at` timestamp NULL DEFAULT NULL
) ENGINE=InnoDB DEFAULT CHARSET=utf8mb4 COLLATE=utf8mb4_unicode_ci;

--
-- Dumping data for table `front_end_settings`
--

INSERT INTO `front_end_settings` (`id`, `banner_text1`, `banner_text2`, `banner_text3`, `featureTitle1`, `featureTitle2`, `foodTitle1`, `foodTitle2`, `footerText`, `reservation_title1`, `reservation_title2`, `reservation_openingTime`, `foodGalleryTitle1`, `foodGalleryTitle2`, `eventTitle1`, `eventTitle2`, `newsTitle1`, `newsTitle2`, `chefTitle1`, `chefTitle2`, `phone`, `address`, `deliverycharges`, `created_at`, `updated_at`) VALUES
(1, 'Welcome To', 'Light Options Restaurant', 'Healthy Food Comes From Healthy Food Comes From Healthy Ingredients', 'List Of Foods', 'New Arrivals', 'Check Our Foods', 'Our Awesome Foods', '2020 All Rights Reserved for Cragus International.', 'Book Now', 'Make A Reservation', 'Monday - Saturday, \r\n8:00 AM - 11:00 PM,\r\n\r\nSunday, \r\n10:00 AM - 11:00 PM,', 'Check Our Foods', 'Our Food Gallery', 'Our Event', 'UPCOMING EVENT', 'Up To Date', 'LATEST Promotion', 'Dedicated Team', 'OUR EXPERT CHEF', 'Al-Jabrya: 97797052-97797054', 'Street 6, Al-Jabiya, Kuwait City, 46300', '5.000', '2019-07-02 01:54:52', '2020-06-24 15:53:37');

-- --------------------------------------------------------

--
-- Table structure for table `general_settings`
--

CREATE TABLE `general_settings` (
  `id` bigint(20) UNSIGNED NOT NULL,
  `websiteTitle` varchar(191) COLLATE utf8mb4_unicode_ci DEFAULT NULL,
  `colorCode` varchar(191) COLLATE utf8mb4_unicode_ci DEFAULT NULL,
  `currencyText` varchar(191) COLLATE utf8mb4_unicode_ci DEFAULT NULL,
  `currencySymbol` varchar(191) COLLATE utf8mb4_unicode_ci DEFAULT NULL,
  `receiveEmail` varchar(191) COLLATE utf8mb4_unicode_ci DEFAULT NULL,
  `sms_api` text COLLATE utf8mb4_unicode_ci,
  `email_sent_form` varchar(191) COLLATE utf8mb4_unicode_ci DEFAULT NULL,
  `email_template` text COLLATE utf8mb4_unicode_ci,
  `created_at` timestamp NULL DEFAULT NULL,
  `updated_at` timestamp NULL DEFAULT NULL
) ENGINE=InnoDB DEFAULT CHARSET=utf8mb4 COLLATE=utf8mb4_unicode_ci;

--
-- Dumping data for table `general_settings`
--

INSERT INTO `general_settings` (`id`, `websiteTitle`, `colorCode`, `currencyText`, `currencySymbol`, `receiveEmail`, `sms_api`, `email_sent_form`, `email_template`, `created_at`, `updated_at`) VALUES
(1, 'FoodGrab', '1C1C1C', 'KWD', 'KD', 'info@light-option.com', 'https://api.infobip.com/api/v3/sendsms/plain?user=****&amp;password=*****&amp;sender=Runner&amp;SMSText={{message}}&amp;GSM={{number}}&amp;type=longSMS', 'hello@ivylabtech.com', '<table id=\"emb-email-header-container\" class=\"header\" style=\"background-color: transparent; border-spacing: 0px; color: rgb(52, 73, 94); font-family: &quot;Open Sans&quot;, sans-serif; table-layout: fixed; margin-left: auto; margin-right: auto;\" align=\"center\"><tbody><tr><td style=\"padding: 0px; width: 600px;\"><div class=\"header__logo emb-logo-margin-box\" style=\"font-size: 26px; line-height: 32px; color: rgb(195, 206, 217); font-family: Roboto, Tahoma, sans-serif; margin: 6px 20px 20px;\"><br></div></td></tr></tbody></table><br style=\"color: rgb(52, 73, 94); font-family: &quot;Open Sans&quot;, sans-serif;\"><table class=\"layout layout--no-gutter\" style=\"border-spacing: 0px; color: rgb(52, 73, 94); font-family: &quot;Open Sans&quot;, sans-serif; table-layout: fixed; margin-left: auto; margin-right: auto; overflow-wrap: break-word; word-break: break-word;\" align=\"center\"><tbody><tr><td class=\"column\" style=\"padding: 0px; vertical-align: top; color: rgb(96, 102, 109); line-height: 21px; font-family: sans-serif; width: 600px;\"><br><div style=\"margin-left: 20px; margin-right: 20px;\"><font size=\"4\">Hi {{name}},<br></font><p style=\"margin-right: 0px; margin-bottom: 20px; margin-left: 0px;\"><span style=\"font-weight: 700;\">{{message}}</span></p></div><div style=\"margin-left: 20px; margin-right: 20px; margin-bottom: 24px;\"><br><p class=\"size-14\" style=\"margin-right: 0px; margin-bottom: 0px; margin-left: 0px; line-height: 21px;\">Thanks,<br><span style=\"font-weight: 700;\">ICO Team</span></p></div></td></tr></tbody></table>', '2019-07-02 03:41:54', '2021-03-16 06:21:41');

-- --------------------------------------------------------

--
-- Table structure for table `languages`
--

CREATE TABLE `languages` (
  `id` bigint(20) UNSIGNED NOT NULL,
  `icon` varchar(191) COLLATE utf8mb4_unicode_ci NOT NULL,
  `name` varchar(191) COLLATE utf8mb4_unicode_ci NOT NULL,
  `code` varchar(191) COLLATE utf8mb4_unicode_ci NOT NULL,
  `created_at` timestamp NULL DEFAULT NULL,
  `updated_at` timestamp NULL DEFAULT NULL
) ENGINE=InnoDB DEFAULT CHARSET=utf8mb4 COLLATE=utf8mb4_unicode_ci;

--
-- Dumping data for table `languages`
--

INSERT INTO `languages` (`id`, `icon`, `name`, `code`, `created_at`, `updated_at`) VALUES
(1, 'bn.png', 'বাংলা', 'bn', '2019-07-02 03:47:32', '2019-07-02 03:47:32');

-- --------------------------------------------------------

--
-- Table structure for table `mealdetails`
--

CREATE TABLE `mealdetails` (
  `id` int(11) NOT NULL,
  `meal_id` int(11) NOT NULL,
  `day_id` int(11) DEFAULT NULL,
  `food_name` varchar(255) DEFAULT NULL,
  `weekno` int(11) DEFAULT NULL,
  `food_id` int(11) NOT NULL,
  `food_type` int(11) NOT NULL,
  `order_date` date NOT NULL,
  `status` int(11) NOT NULL DEFAULT '0',
  `created_at` timestamp NOT NULL DEFAULT CURRENT_TIMESTAMP,
  `updated_at` timestamp NOT NULL DEFAULT CURRENT_TIMESTAMP ON UPDATE CURRENT_TIMESTAMP
) ENGINE=InnoDB DEFAULT CHARSET=utf8mb4;

--
-- Dumping data for table `mealdetails`
--

INSERT INTO `mealdetails` (`id`, `meal_id`, `day_id`, `food_name`, `weekno`, `food_id`, `food_type`, `order_date`, `status`, `created_at`, `updated_at`) VALUES
(35, 52, 1, 'Light Margherita Medium', 1, 19, 1, '2020-06-22', 0, '2020-06-21 03:04:05', '2020-06-21 03:04:05'),
(36, 52, 2, 'Grilled Chicken Breast', 1, 41, 2, '2020-06-23', 0, '2020-06-21 03:04:05', '2020-06-21 03:04:05'),
(37, 52, 3, 'Grilled Hammour Fillet Fish', 1, 43, 4, '2020-06-24', 0, '2020-06-21 03:04:05', '2020-06-21 03:04:05'),
(38, 52, 4, 'Al Funghi Medium', 1, 21, 2, '2020-06-25', 0, '2020-06-21 03:04:05', '2020-06-21 03:04:05'),
(39, 52, 4, 'Chicken with Lemon Sauce', 1, 44, 3, '2020-06-25', 0, '2020-06-21 03:04:05', '2020-06-21 03:04:05'),
(40, 52, 5, 'Grilled Beef & Pepper Wrap', 1, 56, 3, '2020-06-26', 0, '2020-06-21 03:04:05', '2020-06-21 03:04:05'),
(41, 52, 6, 'Al Funghi Medium', 1, 21, 2, '2020-06-27', 0, '2020-06-21 03:04:05', '2020-06-21 03:04:05'),
(42, 52, 7, 'Lettuce Chicken Wrap', 1, 59, 4, '2020-06-28', 0, '2020-06-21 03:04:05', '2020-06-21 03:04:05'),
(43, 53, 1, 'Light Margherita Medium', 1, 19, 1, '2020-06-29', 0, '2020-06-22 12:32:41', '2020-06-22 12:32:41'),
(44, 53, 3, 'Vegetarian Large', 2, 24, 1, '2020-07-08', 0, '2020-06-22 12:32:41', '2020-06-22 12:32:41'),
(45, 54, 2, 'Light Margherita Large', 1, 20, 1, '2020-06-30', 0, '2020-06-22 13:55:35', '2020-06-22 13:55:35'),
(46, 54, 5, 'Grilled Steak With Mushroom Sauce', 2, 39, 1, '2020-07-10', 0, '2020-06-22 13:55:35', '2020-06-22 13:55:35'),
(47, 55, 1, 'Light Margherita Medium', 1, 19, 1, '2020-06-29', 0, '2020-06-22 15:23:17', '2020-06-22 15:23:17'),
(48, 55, 2, 'Light Margherita Large', 1, 20, 2, '2020-06-30', 0, '2020-06-22 15:23:17', '2020-06-22 15:23:17'),
(49, 55, 3, 'Al Funghi Large', 1, 22, 3, '2020-07-01', 0, '2020-06-22 15:23:17', '2020-06-22 15:23:17'),
(50, 55, 4, 'Chicken & Mushroom Large', 1, 26, 4, '2020-07-02', 0, '2020-06-22 15:23:17', '2020-06-22 15:23:17'),
(51, 55, 5, 'Cajun Shrimp', 1, 36, 3, '2020-07-03', 0, '2020-06-22 15:23:17', '2020-06-22 15:23:17'),
(52, 55, 6, 'Lettuce Turkey Wrap', 1, 52, 2, '2020-07-04', 0, '2020-06-22 15:23:17', '2020-06-22 15:23:17'),
(53, 55, 7, 'Lettuce Beef Wrap', 1, 58, 1, '2020-07-05', 0, '2020-06-22 15:23:17', '2020-06-22 15:23:17'),
(54, 56, 2, 'Grilled Hammour Fillet Fish', 1, 43, 1, '2020-06-30', 0, '2020-06-22 18:28:53', '2020-06-22 18:28:53'),
(55, 57, 2, 'Smoked Turkey & Rocket Wrap', 1, 57, 1, '2020-06-30', 0, '2020-06-22 18:45:50', '2020-06-22 18:45:50'),
(56, 60, 2, 'Vegetarian Large', 1, 24, 1, '2020-06-30', 0, '2020-06-22 21:17:27', '2020-06-22 21:17:27'),
(57, 60, 4, 'Grilled Steak With Mushroom Sauce', 2, 39, 1, '2020-07-09', 0, '2020-06-22 21:17:27', '2020-06-22 21:17:27'),
(58, 61, 4, 'Cajun Shrimp', 2, 36, 1, '2020-07-09', 0, '2020-06-22 21:31:45', '2020-06-22 21:31:45'),
(59, 61, 7, 'Grilled Beef Tenderloin', 3, 40, 3, '2020-07-19', 0, '2020-06-22 21:31:45', '2020-06-22 21:31:45'),
(60, 61, 4, 'Light Margherita Large', 4, 20, 1, '2020-07-23', 0, '2020-06-22 21:31:45', '2020-06-22 21:31:45'),
(61, 61, 2, 'Chicken & Mushroom Large', 1, 26, 1, '2020-06-30', 0, '2020-06-22 21:31:45', '2020-06-22 21:31:45'),
(62, 66, 1, 'Cajun Shrimp', 1, 36, 1, '2020-06-29', 0, '2020-06-22 22:00:03', '2020-06-22 22:00:03'),
(63, 66, 4, 'Chicken with Lemon Sauce', 2, 44, 2, '2020-07-09', 0, '2020-06-22 22:00:03', '2020-06-22 22:00:03'),
(64, 66, 1, 'Lettuce Chicken Caesar Wrap', 3, 54, 1, '2020-07-13', 0, '2020-06-22 22:00:03', '2020-06-22 22:00:03'),
(65, 66, 7, 'Al Funghi Medium', 4, 21, 4, '2020-07-26', 0, '2020-06-22 22:00:03', '2020-06-22 22:00:03'),
(66, 67, 2, 'Light Tuna Wrap', 1, 51, 1, '2020-06-30', 0, '2020-06-22 22:02:08', '2020-06-22 22:02:08'),
(67, 67, 7, 'Grilled Veggie Skewer', 2, 72, 4, '2020-07-12', 0, '2020-06-22 22:02:08', '2020-06-22 22:02:08'),
(68, 68, 1, 'Spaghetti Bolognese', 1, 34, 1, '2020-06-29', 0, '2020-06-22 22:08:25', '2020-06-22 22:08:25'),
(69, 69, 1, 'Light Margherita Medium', 1, 19, 1, '2020-06-29', 0, '2020-06-22 22:15:57', '2020-06-22 22:15:57'),
(70, 69, 3, 'Chicken & Mushroom Medium', 1, 25, 1, '2020-07-01', 0, '2020-06-22 22:15:57', '2020-06-22 22:15:57'),
(71, 69, 2, 'Tagliatelle Alfredo', 1, 33, 1, '2020-06-30', 0, '2020-06-22 22:15:57', '2020-06-22 22:15:57'),
(72, 70, 1, 'Light Margherita Medium', 1, 19, 1, '2020-06-29', 0, '2020-06-22 22:23:33', '2020-06-22 22:23:33'),
(73, 71, 1, 'Light Margherita Medium', 1, 19, 1, '2020-06-29', 0, '2020-06-22 22:30:14', '2020-06-22 22:30:14'),
(74, 72, 1, 'Light Margherita Medium', 1, 19, 1, '2020-06-29', 0, '2020-06-23 00:29:31', '2020-06-23 00:29:31'),
(75, 72, 2, 'Cajun Shrimp', 1, 36, 1, '2020-06-30', 0, '2020-06-23 00:29:31', '2020-06-23 00:29:31'),
(76, 73, 2, 'Italian rice', 1, 45, 1, '2020-06-30', 0, '2020-06-23 00:35:42', '2020-06-23 00:35:42'),
(77, 73, 2, 'Cajun Shrimp', 2, 36, 1, '2020-07-07', 0, '2020-06-23 00:35:42', '2020-06-23 00:35:42'),
(78, 74, 4, 'Light Margherita Large', 1, 20, 1, '2020-07-02', 0, '2020-06-23 00:54:26', '2020-06-23 00:54:26'),
(79, 75, 1, 'Light Margherita Medium', 1, 19, 1, '2020-06-29', 0, '2020-06-23 03:12:52', '2020-06-23 03:12:52'),
(80, 75, 4, 'Italian rice', 1, 45, 1, '2020-07-02', 0, '2020-06-23 03:12:52', '2020-06-23 03:12:52'),
(81, 75, 3, 'Low Carb Halloumi Wrap', 2, 53, 1, '2020-07-08', 0, '2020-06-23 03:12:52', '2020-06-23 03:12:52'),
(82, 76, 2, 'Light Margherita Medium', 1, 19, 1, '2020-06-30', 0, '2020-06-23 10:27:47', '2020-06-23 10:27:47'),
(83, 76, 4, 'Beef Tenderloin Large', 1, 28, 1, '2020-07-02', 0, '2020-06-23 10:27:47', '2020-06-23 10:27:47'),
(84, 76, 0, 'Grilled Hamour & Spinach', 0, 37, 0, '0000-00-00', 0, '2020-06-23 10:27:47', '2020-06-23 10:27:47'),
(85, 76, 1, 'Italian rice', 1, 45, 1, '2020-06-29', 0, '2020-06-23 10:27:47', '2020-06-23 10:27:47'),
(86, 77, 1, 'Grilled Chicken Tortilla Wrap', 1, 49, 1, '2020-06-29', 0, '2020-06-23 12:46:44', '2020-06-23 12:46:44'),
(87, 77, 3, 'Light Margherita Medium', 1, 19, 2, '2020-07-01', 0, '2020-06-23 12:46:44', '2020-06-23 12:46:44'),
(88, 77, 5, 'Grilled Chicken Tortilla Wrap', 1, 49, 1, '2020-07-03', 0, '2020-06-23 12:46:44', '2020-06-23 12:46:44'),
(89, 77, 2, 'Smoked Turkey & Rocket Wrap', 1, 57, 3, '2020-06-30', 0, '2020-06-23 12:46:44', '2020-06-23 12:46:44'),
(90, 78, 2, 'Light Margherita Medium', 1, 19, 2, '2020-06-30', 0, '2020-06-23 12:47:33', '2020-06-23 12:47:33'),
(91, 79, 5, 'Grilled Chicken Tortilla Wrap', 1, 49, 2, '2020-07-03', 0, '2020-06-23 12:48:11', '2020-06-23 12:48:11'),
(92, 79, 2, 'Light Margherita Medium', 1, 19, 2, '2020-06-30', 0, '2020-06-23 12:48:11', '2020-06-23 12:48:11'),
(93, 80, 2, 'Vegetarian Medium', 1, 23, 2, '2020-06-30', 0, '2020-06-23 12:49:13', '2020-06-23 12:49:13'),
(94, 81, 1, 'Light Margherita Medium', 1, 19, 2, '2020-06-29', 0, '2020-06-23 13:03:36', '2020-06-23 13:03:36'),
(95, 81, 2, 'Spaghetti Bolognese', 1, 34, 3, '2020-06-30', 0, '2020-06-23 13:03:36', '2020-06-23 13:03:36'),
(96, 81, 1, 'Penne Arrabiata', 2, 32, 2, '2020-07-06', 0, '2020-06-23 13:03:36', '2020-06-23 13:03:36'),
(97, 81, 7, 'Grilled Beef Tenderloin', 2, 40, 4, '2020-07-12', 0, '2020-06-23 13:03:36', '2020-06-23 13:03:36'),
(98, 82, 1, 'Light Margherita Medium', 1, 19, 1, '2020-06-29', 0, '2020-06-23 14:24:23', '2020-06-23 14:24:23'),
(99, 82, 2, 'Light Margherita Large', 1, 20, 1, '2020-06-30', 0, '2020-06-23 14:24:23', '2020-06-23 14:24:23'),
(100, 83, 1, 'Grilled Hamour & Spinach', 1, 37, 1, '2020-06-29', 1, '2020-06-23 14:57:29', '2020-06-23 12:26:48'),
(101, 83, 1, 'Light Margherita Medium', 1, 19, 2, '2020-06-29', 1, '2020-06-23 14:57:29', '2020-06-23 12:35:47'),
(102, 83, 1, 'Grilled Chicken Tortilla Wrap', 1, 49, 3, '2020-06-29', 1, '2020-06-23 14:57:29', '2020-06-23 12:35:52'),
(103, 83, 1, 'Light Margherita Large', 1, 20, 4, '2020-06-29', 1, '2020-06-23 14:57:29', '2020-06-23 12:35:57'),
(104, 83, 2, 'Cajun Shrimp', 1, 36, 1, '2020-06-30', 0, '2020-06-23 14:57:29', '2020-06-23 14:57:29'),
(105, 83, 2, 'Tagliatelle Alfredo', 1, 33, 2, '2020-06-30', 0, '2020-06-23 14:57:29', '2020-06-23 14:57:29'),
(106, 83, 2, 'Lettuce Chicken Caesar Wrap', 1, 54, 3, '2020-06-30', 0, '2020-06-23 14:57:29', '2020-06-23 14:57:29'),
(107, 83, 2, 'Vegetarian Medium', 1, 23, 4, '2020-06-30', 0, '2020-06-23 14:57:29', '2020-06-23 14:57:29'),
(108, 83, 3, 'Chicken with Lemon Sauce', 1, 44, 1, '2020-07-01', 0, '2020-06-23 14:57:29', '2020-06-23 14:57:29'),
(109, 83, 3, 'Light Margherita Medium', 1, 19, 2, '2020-07-01', 0, '2020-06-23 14:57:29', '2020-06-23 14:57:29'),
(110, 83, 3, 'Penne Arrabiata', 1, 32, 3, '2020-07-01', 0, '2020-06-23 14:57:29', '2020-06-23 14:57:29'),
(111, 83, 3, 'Fettuccine & Veggie', 1, 31, 4, '2020-07-01', 0, '2020-06-23 14:57:29', '2020-06-23 14:57:29'),
(112, 83, 4, 'Spaghetti Bolognese', 1, 34, 1, '2020-07-02', 0, '2020-06-23 14:57:29', '2020-06-23 14:57:29'),
(113, 83, 4, 'Grilled Steak With Mushroom Sauce', 1, 39, 2, '2020-07-02', 0, '2020-06-23 14:57:29', '2020-06-23 14:57:29'),
(114, 83, 4, 'Grilled Salmon Fillet Fish', 1, 42, 3, '2020-07-02', 0, '2020-06-23 14:57:29', '2020-06-23 14:57:29'),
(115, 83, 4, 'Light Margherita Medium', 1, 19, 4, '2020-07-02', 0, '2020-06-23 14:57:29', '2020-06-23 14:57:29'),
(116, 83, 5, 'Grilled Hammour Fillet Fish', 1, 43, 1, '2020-07-03', 0, '2020-06-23 14:57:29', '2020-06-23 14:57:29'),
(117, 83, 5, 'Vegetarian Medium', 1, 23, 2, '2020-07-03', 0, '2020-06-23 14:57:29', '2020-06-23 14:57:29'),
(118, 83, 5, 'Chicken & Mushroom Medium', 1, 25, 3, '2020-07-03', 0, '2020-06-23 14:57:29', '2020-06-23 14:57:29'),
(119, 83, 5, 'Vegetarian Large', 1, 24, 4, '2020-07-03', 0, '2020-06-23 14:57:29', '2020-06-23 14:57:29'),
(120, 83, 6, 'Pepperoni & Olive Medium', 1, 29, 1, '2020-07-04', 0, '2020-06-23 14:57:29', '2020-06-23 14:57:29'),
(121, 83, 6, 'Grilled Salmon Fillet Fish', 1, 42, 2, '2020-07-04', 0, '2020-06-23 14:57:29', '2020-06-23 14:57:29'),
(122, 83, 6, 'Light Margherita Medium', 1, 19, 3, '2020-07-04', 0, '2020-06-23 14:57:29', '2020-06-23 14:57:29'),
(123, 83, 6, 'Grilled Chicken Tortilla Wrap', 1, 49, 4, '2020-07-04', 0, '2020-06-23 14:57:29', '2020-06-23 14:57:29'),
(124, 83, 7, 'Chicken with Lemon Sauce', 1, 44, 1, '2020-07-05', 0, '2020-06-23 14:57:29', '2020-06-23 14:57:29'),
(125, 83, 7, 'Risotto Vegetable', 1, 47, 2, '2020-07-05', 0, '2020-06-23 14:57:29', '2020-06-23 14:57:29'),
(126, 83, 7, 'Tuna Sandwich', 1, 63, 3, '2020-07-05', 0, '2020-06-23 14:57:29', '2020-06-23 14:57:29'),
(127, 83, 7, 'Light Margherita Medium', 1, 19, 4, '2020-07-05', 0, '2020-06-23 14:57:29', '2020-06-23 14:57:29'),
(128, 84, 1, 'Light Margherita Medium', 1, 19, 1, '2020-06-29', 0, '2020-06-23 15:00:40', '2020-06-23 15:00:40'),
(129, 84, 1, 'Spaghetti Bolognese', 1, 34, 2, '2020-06-29', 0, '2020-06-23 15:00:40', '2020-06-23 15:00:40'),
(130, 84, 1, 'Grilled Light Halloume Wrap', 1, 50, 3, '2020-06-29', 0, '2020-06-23 15:00:40', '2020-06-23 15:00:40'),
(131, 84, 1, 'Italian rice', 1, 45, 4, '2020-06-29', 0, '2020-06-23 15:00:40', '2020-06-23 15:00:40'),
(132, 84, 2, 'Vegetarian Large', 1, 24, 1, '2020-06-30', 0, '2020-06-23 15:00:40', '2020-06-23 15:00:40'),
(133, 84, 2, 'Spaghetti Sea Food', 1, 35, 2, '2020-06-30', 0, '2020-06-23 15:00:40', '2020-06-23 15:00:40'),
(134, 84, 2, 'Grilled Chicken Breast', 1, 41, 3, '2020-06-30', 0, '2020-06-23 15:00:40', '2020-06-23 15:00:40'),
(135, 84, 2, 'Grilled Hamour & Spinach', 1, 37, 4, '2020-06-30', 0, '2020-06-23 15:00:40', '2020-06-23 15:00:40'),
(136, 84, 3, 'Tagliatelle Alfredo', 1, 33, 1, '2020-07-01', 0, '2020-06-23 15:00:40', '2020-06-23 15:00:40'),
(137, 84, 3, 'Cajun Shrimp', 1, 36, 2, '2020-07-01', 0, '2020-06-23 15:00:40', '2020-06-23 15:00:40'),
(138, 84, 3, 'Beef Tenderloin Medium', 1, 27, 3, '2020-07-01', 0, '2020-06-23 15:00:40', '2020-06-23 15:00:40'),
(139, 84, 3, 'Grilled Salmon & Artichoke Heart', 1, 38, 4, '2020-07-01', 0, '2020-06-23 15:00:40', '2020-06-23 15:00:40'),
(140, 84, 4, 'Risotto Al Pollo', 1, 48, 1, '2020-07-02', 0, '2020-06-23 15:00:40', '2020-06-23 15:00:40'),
(141, 84, 4, 'Fettuccine & Veggie', 1, 31, 2, '2020-07-02', 0, '2020-06-23 15:00:40', '2020-06-23 15:00:40'),
(142, 84, 4, 'Grilled Light Halloume Wrap', 1, 50, 3, '2020-07-02', 0, '2020-06-23 15:00:40', '2020-06-23 15:00:40'),
(143, 84, 4, 'Grilled Beef Tenderloin', 1, 40, 4, '2020-07-02', 0, '2020-06-23 15:00:40', '2020-06-23 15:00:40'),
(144, 84, 5, 'Grilled Hamour & Spinach', 1, 37, 1, '2020-07-03', 0, '2020-06-23 15:00:40', '2020-06-23 15:00:40'),
(145, 84, 5, 'Spaghetti Bolognese', 1, 34, 2, '2020-07-03', 0, '2020-06-23 15:00:40', '2020-06-23 15:00:40'),
(146, 84, 5, 'Baked Potato With Cheddar & Bacon', 1, 77, 3, '2020-07-03', 0, '2020-06-23 15:00:40', '2020-06-23 15:00:40'),
(147, 84, 5, 'Tuna Sandwich', 1, 63, 4, '2020-07-03', 0, '2020-06-23 15:00:40', '2020-06-23 15:00:40'),
(148, 84, 6, 'Lettuce Turkey Wrap', 1, 52, 1, '2020-07-04', 0, '2020-06-23 15:00:40', '2020-06-23 15:00:40'),
(149, 84, 6, 'Cheese Burger', 1, 62, 2, '2020-07-04', 0, '2020-06-23 15:00:40', '2020-06-23 15:00:40'),
(150, 84, 6, 'Chicken with Lemon Sauce', 1, 44, 3, '2020-07-04', 0, '2020-06-23 15:00:40', '2020-06-23 15:00:40'),
(151, 84, 6, 'Lettuce Turkey Wrap', 1, 52, 4, '2020-07-04', 0, '2020-06-23 15:00:40', '2020-06-23 15:00:40'),
(152, 84, 7, 'Fettuccine & Veggie', 1, 31, 1, '2020-07-05', 0, '2020-06-23 15:00:40', '2020-06-23 15:00:40'),
(153, 84, 7, 'Grilled Steak With Mushroom Sauce', 1, 39, 2, '2020-07-05', 0, '2020-06-23 15:00:40', '2020-06-23 15:00:40'),
(154, 84, 7, 'Lettuce Beef Wrap', 1, 58, 3, '2020-07-05', 0, '2020-06-23 15:00:40', '2020-06-23 15:00:40'),
(155, 84, 7, 'Spaghetti Bolognese', 1, 34, 4, '2020-07-05', 0, '2020-06-23 15:00:40', '2020-06-23 15:00:40'),
(156, 85, 1, 'Grilled Hammour Fillet Fish', 1, 43, 1, '2020-06-29', 1, '2020-06-23 15:30:34', '2020-06-23 11:47:27'),
(157, 85, 2, 'Grilled Salmon & Artichoke Heart', 1, 38, 1, '2020-06-30', 0, '2020-06-23 15:30:34', '2020-06-23 15:30:34'),
(158, 85, 3, 'Grilled Hamour & Spinach', 1, 37, 1, '2020-07-01', 0, '2020-06-23 15:30:34', '2020-06-23 15:30:34'),
(159, 85, 4, 'Grilled Steak With Mushroom Sauce', 1, 39, 1, '2020-07-02', 0, '2020-06-23 15:30:34', '2020-06-23 15:30:34'),
(160, 85, 5, 'Grilled Hammour Fillet Fish', 1, 43, 1, '2020-07-03', 0, '2020-06-23 15:30:34', '2020-06-23 15:30:34'),
(161, 85, 6, 'Grilled Salmon & Artichoke Heart', 1, 38, 1, '2020-07-04', 0, '2020-06-23 15:30:34', '2020-06-23 15:30:34'),
(162, 85, 7, 'Grilled Hammour Fillet Fish', 1, 43, 1, '2020-07-05', 0, '2020-06-23 15:30:34', '2020-06-23 15:30:34'),
(163, 85, 1, 'Light Margherita Medium', 1, 19, 2, '2020-06-29', 1, '2020-06-23 15:30:34', '2020-06-23 12:36:33'),
(164, 85, 2, 'Light Margherita Large', 1, 20, 2, '2020-06-30', 0, '2020-06-23 15:30:34', '2020-06-23 15:30:34'),
(165, 85, 3, 'Al Funghi Medium', 1, 21, 2, '2020-07-01', 0, '2020-06-23 15:30:34', '2020-06-23 15:30:34'),
(166, 85, 4, 'Al Funghi Large', 1, 22, 2, '2020-07-02', 0, '2020-06-23 15:30:34', '2020-06-23 15:30:34'),
(167, 85, 5, 'Vegetarian Medium', 1, 23, 2, '2020-07-03', 0, '2020-06-23 15:30:34', '2020-06-23 15:30:34'),
(168, 85, 6, 'Vegetarian Large', 1, 24, 2, '2020-07-04', 0, '2020-06-23 15:30:34', '2020-06-23 15:30:34'),
(169, 85, 7, 'Chicken & Mushroom Medium', 1, 25, 2, '2020-07-05', 0, '2020-06-23 15:30:34', '2020-06-23 15:30:34'),
(170, 85, 1, 'Grilled Chicken Tortilla Wrap', 1, 49, 3, '2020-06-29', 1, '2020-06-23 15:30:34', '2020-06-23 12:36:51'),
(171, 85, 2, 'Grilled Light Halloume Wrap', 1, 50, 3, '2020-06-30', 0, '2020-06-23 15:30:34', '2020-06-23 15:30:34'),
(172, 85, 3, 'Light Tuna Wrap', 1, 51, 3, '2020-07-01', 0, '2020-06-23 15:30:34', '2020-06-23 15:30:34'),
(173, 85, 4, 'Lettuce Turkey Wrap', 1, 52, 3, '2020-07-02', 0, '2020-06-23 15:30:34', '2020-06-23 15:30:34'),
(174, 85, 5, 'Lettuce Beef Wrap', 1, 58, 3, '2020-07-03', 0, '2020-06-23 15:30:34', '2020-06-23 15:30:34'),
(175, 85, 6, 'Low Carb Halloumi Wrap', 1, 53, 3, '2020-07-04', 0, '2020-06-23 15:30:34', '2020-06-23 15:30:34'),
(176, 85, 7, 'Chicken Caesar Wrap', 1, 55, 3, '2020-07-05', 0, '2020-06-23 15:30:34', '2020-06-23 15:30:34'),
(177, 85, 1, 'Chicken with Lemon Sauce', 1, 44, 4, '2020-06-29', 1, '2020-06-23 15:30:34', '2020-06-23 12:37:04'),
(178, 85, 2, 'Grilled Hamour & Spinach', 1, 37, 4, '2020-06-30', 0, '2020-06-23 15:30:34', '2020-06-23 15:30:34'),
(179, 85, 3, 'Grilled Steak With Mushroom Sauce', 1, 39, 4, '2020-07-01', 0, '2020-06-23 15:30:34', '2020-06-23 15:30:34'),
(180, 85, 4, 'Italian rice', 1, 45, 4, '2020-07-02', 0, '2020-06-23 15:30:34', '2020-06-23 15:30:34'),
(181, 85, 5, 'Chicken with Lemon Sauce', 1, 44, 4, '2020-07-03', 0, '2020-06-23 15:30:34', '2020-06-23 15:30:34'),
(182, 85, 6, 'Grilled Chicken Breast', 1, 41, 4, '2020-07-04', 0, '2020-06-23 15:30:34', '2020-06-23 15:30:34'),
(183, 85, 7, 'Grilled Hamour & Spinach', 1, 37, 4, '2020-07-05', 0, '2020-06-23 15:30:34', '2020-06-23 15:30:34'),
(184, 86, 1, 'Light Margherita Medium', 1, 19, 1, '2020-06-29', 0, '2020-06-23 15:33:18', '2020-06-23 15:33:18'),
(185, 87, 1, 'Light Margherita Medium', 2, 19, 1, '2020-07-06', 0, '2020-06-23 15:35:34', '2020-06-23 15:35:34'),
(186, 87, 1, 'Al Funghi Medium', 1, 21, 1, '2020-06-29', 0, '2020-06-23 15:35:34', '2020-06-23 15:35:34'),
(187, 87, 2, 'Spaghetti Bolognese', 1, 34, 1, '2020-06-30', 0, '2020-06-23 15:35:34', '2020-06-23 15:35:34'),
(188, 87, 1, 'Fettuccine & Veggie', 1, 31, 2, '2020-06-29', 0, '2020-06-23 15:35:34', '2020-06-23 15:35:34'),
(189, 87, 3, 'Grilled Beef Tenderloin', 1, 40, 2, '2020-07-01', 0, '2020-06-23 15:35:34', '2020-06-23 15:35:34'),
(190, 87, 2, 'Light Margherita Large', 1, 20, 2, '2020-06-30', 0, '2020-06-23 15:35:34', '2020-06-23 15:35:34'),
(191, 87, 3, 'Grilled Beef & Pepper Wrap', 1, 56, 1, '2020-07-01', 0, '2020-06-23 15:35:34', '2020-06-23 15:35:34'),
(192, 87, 1, 'Mashed Potatoes', 1, 75, 3, '2020-06-29', 0, '2020-06-23 15:35:34', '2020-06-23 15:35:34'),
(193, 87, 2, 'Grilled Beef Sandwich', 1, 67, 3, '2020-06-30', 0, '2020-06-23 15:35:34', '2020-06-23 15:35:34'),
(194, 87, 3, 'Grilled Light Halloume Wrap', 1, 50, 3, '2020-07-01', 0, '2020-06-23 15:35:34', '2020-06-23 15:35:34'),
(195, 87, 1, 'Pepperoni & Olive Large', 1, 30, 4, '2020-06-29', 0, '2020-06-23 15:35:34', '2020-06-23 15:35:34'),
(196, 87, 2, 'Italian rice', 1, 45, 4, '2020-06-30', 0, '2020-06-23 15:35:34', '2020-06-23 15:35:34'),
(197, 87, 3, 'Penne Arrabiata', 1, 32, 4, '2020-07-01', 0, '2020-06-23 15:35:34', '2020-06-23 15:35:34'),
(198, 87, 4, 'Cajun Shrimp', 1, 36, 1, '2020-07-02', 0, '2020-06-23 15:35:34', '2020-06-23 15:35:34'),
(199, 87, 4, 'Grilled Steak With Mushroom Sauce', 1, 39, 2, '2020-07-02', 0, '2020-06-23 15:35:34', '2020-06-23 15:35:34'),
(200, 87, 4, 'Chicken with Lemon Sauce', 1, 44, 3, '2020-07-02', 0, '2020-06-23 15:35:34', '2020-06-23 15:35:34'),
(201, 87, 4, 'Light Margherita Medium', 1, 19, 4, '2020-07-02', 0, '2020-06-23 15:35:34', '2020-06-23 15:35:34'),
(202, 87, 5, 'Grilled Chicken Breast', 1, 41, 1, '2020-07-03', 0, '2020-06-23 15:35:34', '2020-06-23 15:35:34'),
(203, 87, 5, 'Spaghetti Sea Food', 1, 35, 2, '2020-07-03', 0, '2020-06-23 15:35:34', '2020-06-23 15:35:34'),
(204, 87, 5, 'Al Funghi Large', 1, 22, 3, '2020-07-03', 0, '2020-06-23 15:35:34', '2020-06-23 15:35:34'),
(205, 87, 5, 'Tagliatelle Alfredo', 1, 33, 4, '2020-07-03', 0, '2020-06-23 15:35:34', '2020-06-23 15:35:34'),
(206, 87, 6, 'Spaghetti Bolognese', 1, 34, 1, '2020-07-04', 0, '2020-06-23 15:35:34', '2020-06-23 15:35:34'),
(207, 87, 6, 'Chicken Grilled Sandwich', 1, 65, 2, '2020-07-04', 0, '2020-06-23 15:35:34', '2020-06-23 15:35:34'),
(208, 87, 6, 'Cajun Shrimp', 1, 36, 3, '2020-07-04', 0, '2020-06-23 15:35:34', '2020-06-23 15:35:34'),
(209, 87, 6, 'Grilled Hamour & Spinach', 1, 37, 4, '2020-07-04', 0, '2020-06-23 15:35:34', '2020-06-23 15:35:34'),
(210, 87, 7, 'Light Margherita Medium', 1, 19, 1, '2020-07-05', 0, '2020-06-23 15:35:34', '2020-06-23 15:35:34'),
(211, 87, 7, 'Fettuccine & Veggie', 1, 31, 2, '2020-07-05', 0, '2020-06-23 15:35:34', '2020-06-23 15:35:34'),
(212, 87, 7, 'Light Margherita Medium', 1, 19, 3, '2020-07-05', 0, '2020-06-23 15:35:34', '2020-06-23 15:35:34'),
(213, 87, 7, 'Low Carb Halloumi Wrap', 1, 53, 4, '2020-07-05', 0, '2020-06-23 15:35:34', '2020-06-23 15:35:34'),
(214, 88, 1, 'Italian rice', 1, 45, 1, '2020-06-29', 1, '2020-06-23 15:39:35', '2020-06-23 12:35:08'),
(215, 88, 1, 'Pepperoni & Olive Medium', 1, 29, 2, '2020-06-29', 1, '2020-06-23 15:39:35', '2020-06-23 12:35:10'),
(216, 88, 1, 'Lettuce Chicken Caesar Wrap', 1, 54, 3, '2020-06-29', 1, '2020-06-23 15:39:35', '2020-06-23 12:35:21'),
(217, 88, 2, 'Grilled Hamour & Spinach', 1, 37, 1, '2020-06-30', 0, '2020-06-23 15:39:35', '2020-06-23 15:39:35'),
(218, 88, 2, 'Risotto Vegetable', 1, 47, 2, '2020-06-30', 0, '2020-06-23 15:39:35', '2020-06-23 15:39:35'),
(219, 88, 2, 'Steamed Seasonal Vegetables', 1, 60, 3, '2020-06-30', 0, '2020-06-23 15:39:35', '2020-06-23 15:39:35'),
(220, 88, 3, 'Chicken Grilled Sandwich', 1, 65, 1, '2020-07-01', 0, '2020-06-23 15:39:35', '2020-06-23 15:39:35'),
(221, 88, 3, 'Risotto Al Pollo', 1, 48, 2, '2020-07-01', 0, '2020-06-23 15:39:35', '2020-06-23 15:39:35'),
(222, 88, 3, 'Grilled Chicken Salad', 1, 86, 3, '2020-07-01', 0, '2020-06-23 15:39:35', '2020-06-23 15:39:35'),
(223, 88, 4, 'Chicken Milano', 1, 70, 1, '2020-07-02', 0, '2020-06-23 15:39:35', '2020-06-23 15:39:35'),
(224, 88, 5, 'Italian rice', 1, 45, 1, '2020-07-03', 0, '2020-06-23 15:39:35', '2020-06-23 15:39:35'),
(225, 88, 6, 'Grilled Veggie Skewer', 1, 72, 1, '2020-07-04', 0, '2020-06-23 15:39:35', '2020-06-23 15:39:35'),
(226, 88, 7, 'Grilled Salmon & Artichoke Heart', 1, 38, 1, '2020-07-05', 0, '2020-06-23 15:39:35', '2020-06-23 15:39:35'),
(227, 88, 4, 'Spaghetti Sea Food', 1, 35, 2, '2020-07-02', 0, '2020-06-23 15:39:35', '2020-06-23 15:39:35'),
(228, 88, 5, 'Grilled Steak With Mushroom Sauce', 1, 39, 2, '2020-07-03', 0, '2020-06-23 15:39:35', '2020-06-23 15:39:35'),
(229, 88, 6, 'Mashed Potatoes', 1, 75, 2, '2020-07-04', 0, '2020-06-23 15:39:35', '2020-06-23 15:39:35'),
(230, 88, 4, 'Chicken Skewer', 1, 80, 3, '2020-07-02', 0, '2020-06-23 15:39:35', '2020-06-23 15:39:35'),
(231, 88, 7, 'Fettuccine & Veggie', 1, 31, 2, '2020-07-05', 0, '2020-06-23 15:39:35', '2020-06-23 15:39:35'),
(232, 88, 5, 'Vegetarian Large', 1, 24, 3, '2020-07-03', 0, '2020-06-23 15:39:36', '2020-06-23 15:39:36'),
(233, 88, 6, 'Grilled Halloum  Sandwich', 1, 68, 3, '2020-07-04', 0, '2020-06-23 15:39:36', '2020-06-23 15:39:36'),
(234, 88, 7, 'Grilled Chicken Breast', 1, 41, 3, '2020-07-05', 0, '2020-06-23 15:39:36', '2020-06-23 15:39:36'),
(235, 89, 1, 'Light Margherita Medium', 1, 19, 1, '2020-06-29', 0, '2020-06-23 15:52:03', '2020-06-23 15:52:03'),
(236, 89, 2, 'Cajun Shrimp', 1, 36, 1, '2020-06-30', 0, '2020-06-23 15:52:03', '2020-06-23 15:52:03'),
(237, 89, 1, 'Grilled Chicken Tortilla Wrap', 1, 49, 3, '2020-06-29', 0, '2020-06-23 15:52:03', '2020-06-23 15:52:03'),
(238, 89, 3, 'Italian rice', 1, 45, 1, '2020-07-01', 0, '2020-06-23 15:52:03', '2020-06-23 15:52:03'),
(239, 89, 2, 'Tagliatelle Alfredo', 1, 33, 3, '2020-06-30', 0, '2020-06-23 15:52:03', '2020-06-23 15:52:03'),
(240, 89, 4, 'Beef Tenderloin Large', 1, 28, 1, '2020-07-02', 0, '2020-06-23 15:52:03', '2020-06-23 15:52:03'),
(241, 89, 5, 'Chicken with Lemon Sauce', 1, 44, 1, '2020-07-03', 0, '2020-06-23 15:52:03', '2020-06-23 15:52:03'),
(242, 89, 6, 'Fettuccine & Veggie', 1, 31, 1, '2020-07-04', 0, '2020-06-23 15:52:03', '2020-06-23 15:52:03'),
(243, 89, 7, 'Grilled Chicken Breast', 1, 41, 1, '2020-07-05', 0, '2020-06-23 15:52:03', '2020-06-23 15:52:03'),
(244, 89, 1, 'Grilled Beef Tenderloin', 1, 40, 2, '2020-06-29', 0, '2020-06-23 15:52:03', '2020-06-23 15:52:03'),
(245, 89, 2, 'Grilled Salmon & Artichoke Heart', 1, 38, 2, '2020-06-30', 0, '2020-06-23 15:52:03', '2020-06-23 15:52:03'),
(246, 89, 3, 'Ceaser Sandwich', 1, 69, 2, '2020-07-01', 0, '2020-06-23 15:52:03', '2020-06-23 15:52:03'),
(247, 89, 4, 'Risotto Vegetable', 1, 47, 2, '2020-07-02', 0, '2020-06-23 15:52:03', '2020-06-23 15:52:03'),
(248, 89, 5, 'Fettuccine & Veggie', 1, 31, 2, '2020-07-03', 0, '2020-06-23 15:52:03', '2020-06-23 15:52:03'),
(249, 89, 6, 'Chicken Caesar Wrap', 1, 55, 2, '2020-07-04', 0, '2020-06-23 15:52:03', '2020-06-23 15:52:03'),
(250, 89, 7, 'Turkey Sandwich', 1, 64, 2, '2020-07-05', 0, '2020-06-23 15:52:03', '2020-06-23 15:52:03'),
(251, 89, 3, 'Chicken Milano', 1, 70, 3, '2020-07-01', 0, '2020-06-23 15:52:03', '2020-06-23 15:52:03'),
(252, 89, 4, 'Grilled Chicken Breast', 1, 41, 3, '2020-07-02', 0, '2020-06-23 15:52:03', '2020-06-23 15:52:03'),
(253, 89, 5, 'Tagliatelle Alfredo', 1, 33, 3, '2020-07-03', 0, '2020-06-23 15:52:03', '2020-06-23 15:52:03'),
(254, 89, 6, 'Lettuce Beef Wrap', 1, 58, 3, '2020-07-04', 0, '2020-06-23 15:52:03', '2020-06-23 15:52:03'),
(255, 89, 7, 'Low Carb Halloumi Wrap', 1, 53, 3, '2020-07-05', 0, '2020-06-23 15:52:03', '2020-06-23 15:52:03'),
(256, 89, 1, 'Beef Tenderloin Large', 1, 28, 4, '2020-06-29', 0, '2020-06-23 15:52:03', '2020-06-23 15:52:03'),
(257, 89, 2, 'Penne Arrabiata', 1, 32, 4, '2020-06-30', 0, '2020-06-23 15:52:03', '2020-06-23 15:52:03'),
(258, 89, 3, 'Chicken with Lemon Sauce', 1, 44, 4, '2020-07-01', 0, '2020-06-23 15:52:03', '2020-06-23 15:52:03'),
(259, 89, 4, 'Spaghetti Sea Food', 1, 35, 4, '2020-07-02', 0, '2020-06-23 15:52:03', '2020-06-23 15:52:03'),
(260, 89, 5, 'Tuna Sandwich', 1, 63, 4, '2020-07-03', 0, '2020-06-23 15:52:03', '2020-06-23 15:52:03'),
(261, 89, 6, 'Light Caesar Salad with Chicken', 1, 91, 4, '2020-07-04', 0, '2020-06-23 15:52:03', '2020-06-23 15:52:03'),
(262, 89, 7, 'Turkey And Beef Bacon Large', 1, 98, 4, '2020-07-05', 0, '2020-06-23 15:52:03', '2020-06-23 15:52:03'),
(263, 90, 1, 'Light Margherita Large', 1, 20, 1, '2020-06-29', 0, '2020-06-23 15:53:01', '2020-06-23 15:53:01'),
(264, 90, 2, 'Penne Arrabiata', 1, 32, 1, '2020-06-30', 0, '2020-06-23 15:53:01', '2020-06-23 15:53:01'),
(265, 90, 3, 'Grilled Light Halloume Wrap', 1, 50, 1, '2020-07-01', 0, '2020-06-23 15:53:01', '2020-06-23 15:53:01'),
(266, 90, 4, 'Lettuce Chicken Caesar Wrap', 1, 54, 1, '2020-07-02', 0, '2020-06-23 15:53:01', '2020-06-23 15:53:01'),
(267, 90, 5, 'Grilled Chicken Breast', 1, 41, 1, '2020-07-03', 0, '2020-06-23 15:53:01', '2020-06-23 15:53:01'),
(268, 90, 6, 'Lettuce Beef Wrap', 1, 58, 1, '2020-07-04', 0, '2020-06-23 15:53:01', '2020-06-23 15:53:01'),
(269, 90, 7, 'Tuna Sandwich', 1, 63, 1, '2020-07-05', 0, '2020-06-23 15:53:01', '2020-06-23 15:53:01'),
(270, 90, 1, 'Baked Potato With Mushroom', 1, 76, 3, '2020-06-29', 0, '2020-06-23 15:53:01', '2020-06-23 15:53:01'),
(271, 90, 2, 'Healthy Tuna Salad', 1, 93, 3, '2020-06-30', 0, '2020-06-23 15:53:01', '2020-06-23 15:53:01'),
(272, 90, 3, 'Lettuce Chicken Caesar Wrap', 1, 54, 3, '2020-07-01', 0, '2020-06-23 15:53:01', '2020-06-23 15:53:01'),
(273, 90, 4, 'Baked Potato With Cheddar & Bacon', 1, 77, 3, '2020-07-02', 0, '2020-06-23 15:53:01', '2020-06-23 15:53:01'),
(274, 90, 5, 'Grilled Beef & Pepper Wrap', 1, 56, 3, '2020-07-03', 0, '2020-06-23 15:53:01', '2020-06-23 15:53:01'),
(275, 90, 6, 'Grilled Beef Sandwich', 1, 67, 3, '2020-07-04', 0, '2020-06-23 15:53:01', '2020-06-23 15:53:01'),
(276, 90, 7, 'Grilled Veggie Skewer', 1, 72, 3, '2020-07-05', 0, '2020-06-23 15:53:01', '2020-06-23 15:53:01'),
(277, 91, 1, 'Light Margherita Medium', 2, 19, 2, '2020-07-06', 0, '2020-06-23 16:03:53', '2020-06-23 16:03:53'),
(278, 91, 1, 'Light Margherita Medium', 1, 19, 1, '2020-06-29', 0, '2020-06-23 16:03:53', '2020-06-23 16:03:53'),
(279, 91, 1, 'Al Funghi Large', 1, 22, 2, '2020-06-29', 0, '2020-06-23 16:03:53', '2020-06-23 16:03:53'),
(280, 91, 1, 'Grilled Hamour & Spinach', 1, 37, 3, '2020-06-29', 0, '2020-06-23 16:03:53', '2020-06-23 16:03:53'),
(281, 91, 1, 'Al Funghi Large', 1, 22, 4, '2020-06-29', 0, '2020-06-23 16:03:53', '2020-06-23 16:03:53'),
(282, 91, 2, 'Tagliatelle Alfredo', 1, 33, 1, '2020-06-30', 0, '2020-06-23 16:03:53', '2020-06-23 16:03:53'),
(283, 91, 2, 'Penne Arrabiata', 1, 32, 2, '2020-06-30', 0, '2020-06-23 16:03:53', '2020-06-23 16:03:53'),
(284, 91, 2, 'Cheese Burger', 1, 62, 3, '2020-06-30', 0, '2020-06-23 16:03:53', '2020-06-23 16:03:53'),
(285, 91, 2, 'Penne Arrabiata', 1, 32, 4, '2020-06-30', 0, '2020-06-23 16:03:53', '2020-06-23 16:03:53'),
(286, 91, 3, 'Vegetarian Medium', 1, 23, 1, '2020-07-01', 0, '2020-06-23 16:03:53', '2020-06-23 16:03:53'),
(287, 91, 3, 'Lettuce Turkey Wrap', 1, 52, 2, '2020-07-01', 0, '2020-06-23 16:03:53', '2020-06-23 16:03:53'),
(288, 91, 3, 'Lettuce Beef Wrap', 1, 58, 3, '2020-07-01', 0, '2020-06-23 16:03:53', '2020-06-23 16:03:53'),
(289, 91, 3, 'Light Margherita Large', 1, 20, 4, '2020-07-01', 0, '2020-06-23 16:03:53', '2020-06-23 16:03:53'),
(290, 91, 4, 'Fettuccine & Veggie', 1, 31, 1, '2020-07-02', 0, '2020-06-23 16:03:53', '2020-06-23 16:03:53'),
(291, 91, 4, 'Grilled Beef & Pepper Wrap', 1, 56, 2, '2020-07-02', 0, '2020-06-23 16:03:53', '2020-06-23 16:03:53'),
(292, 91, 4, 'Light Margherita Large', 1, 20, 3, '2020-07-02', 0, '2020-06-23 16:03:53', '2020-06-23 16:03:53'),
(293, 91, 4, 'Light Margherita Medium', 1, 19, 4, '2020-07-02', 0, '2020-06-23 16:03:53', '2020-06-23 16:03:53'),
(294, 91, 5, 'Lettuce Beef Wrap', 1, 58, 1, '2020-07-03', 0, '2020-06-23 16:03:53', '2020-06-23 16:03:53'),
(295, 91, 5, 'Lettuce Turkey Wrap', 1, 52, 2, '2020-07-03', 0, '2020-06-23 16:03:53', '2020-06-23 16:03:53'),
(296, 91, 5, 'Low Carb Halloumi Wrap', 1, 53, 3, '2020-07-03', 0, '2020-06-23 16:03:53', '2020-06-23 16:03:53'),
(297, 91, 5, 'Light Margherita Large', 1, 20, 4, '2020-07-03', 0, '2020-06-23 16:03:53', '2020-06-23 16:03:53'),
(298, 91, 6, 'Spaghetti Bolognese', 1, 34, 1, '2020-07-04', 0, '2020-06-23 16:03:53', '2020-06-23 16:03:53'),
(299, 91, 6, 'Light Margherita Medium', 1, 19, 2, '2020-07-04', 0, '2020-06-23 16:03:53', '2020-06-23 16:03:53'),
(300, 91, 6, 'Light Margherita Large', 1, 20, 3, '2020-07-04', 0, '2020-06-23 16:03:53', '2020-06-23 16:03:53'),
(301, 91, 6, 'Cajun Shrimp', 1, 36, 4, '2020-07-04', 0, '2020-06-23 16:03:53', '2020-06-23 16:03:53'),
(302, 91, 7, 'Tagliatelle Alfredo', 1, 33, 1, '2020-07-05', 0, '2020-06-23 16:03:53', '2020-06-23 16:03:53'),
(303, 91, 7, 'Grilled Hamour & Spinach', 1, 37, 3, '2020-07-05', 0, '2020-06-23 16:03:53', '2020-06-23 16:03:53'),
(304, 91, 7, 'Grilled Chicken Breast', 1, 41, 2, '2020-07-05', 0, '2020-06-23 16:03:53', '2020-06-23 16:03:53'),
(305, 91, 7, 'Grilled Salmon Fillet Fish', 1, 42, 4, '2020-07-05', 0, '2020-06-23 16:03:53', '2020-06-23 16:03:53'),
(306, 91, 1, 'Light Margherita Medium', 2, 19, 1, '2020-07-06', 0, '2020-06-23 16:03:53', '2020-06-23 16:03:53'),
(307, 91, 1, 'Cajun Shrimp', 2, 36, 3, '2020-07-06', 0, '2020-06-23 16:03:53', '2020-06-23 16:03:53'),
(308, 91, 1, 'Grilled Steak With Mushroom Sauce', 2, 39, 4, '2020-07-06', 0, '2020-06-23 16:03:53', '2020-06-23 16:03:53'),
(309, 91, 2, 'Grilled Chicken Breast', 2, 41, 1, '2020-07-07', 0, '2020-06-23 16:03:53', '2020-06-23 16:03:53'),
(310, 91, 2, 'Grilled Salmon Fillet Fish', 2, 42, 2, '2020-07-07', 0, '2020-06-23 16:03:53', '2020-06-23 16:03:53'),
(311, 91, 2, 'Italian rice', 2, 45, 3, '2020-07-07', 0, '2020-06-23 16:03:53', '2020-06-23 16:03:53'),
(312, 91, 2, 'Grilled Chicken Tortilla Wrap', 2, 49, 4, '2020-07-07', 0, '2020-06-23 16:03:53', '2020-06-23 16:03:53'),
(313, 91, 3, 'Grilled Light Halloume Wrap', 2, 50, 1, '2020-07-08', 0, '2020-06-23 16:03:53', '2020-06-23 16:03:53'),
(314, 91, 3, 'Lettuce Turkey Wrap', 2, 52, 2, '2020-07-08', 0, '2020-06-23 16:03:53', '2020-06-23 16:03:53'),
(315, 91, 3, 'Grilled Steak With Mushroom Sauce', 2, 39, 3, '2020-07-08', 0, '2020-06-23 16:03:53', '2020-06-23 16:03:53'),
(316, 91, 3, 'Lettuce Beef Wrap', 2, 58, 4, '2020-07-08', 0, '2020-06-23 16:03:53', '2020-06-23 16:03:53'),
(317, 91, 4, 'Lettuce Chicken Wrap', 2, 59, 1, '2020-07-09', 0, '2020-06-23 16:03:53', '2020-06-23 16:03:53'),
(318, 91, 4, 'Chicken with Lemon Sauce', 2, 44, 4, '2020-07-09', 0, '2020-06-23 16:03:53', '2020-06-23 16:03:53'),
(319, 91, 4, 'Lettuce Chicken Caesar Wrap', 2, 54, 2, '2020-07-09', 0, '2020-06-23 16:03:53', '2020-06-23 16:03:53'),
(320, 91, 4, 'Turkey Sandwich', 2, 64, 3, '2020-07-09', 0, '2020-06-23 16:03:53', '2020-06-23 16:03:53'),
(321, 91, 5, 'Lettuce Tuna Wrap', 2, 61, 1, '2020-07-10', 0, '2020-06-23 16:03:53', '2020-06-23 16:03:53'),
(322, 91, 5, 'Light Margherita Medium', 2, 19, 2, '2020-07-10', 0, '2020-06-23 16:03:53', '2020-06-23 16:03:53'),
(323, 91, 5, 'Italian rice', 2, 45, 3, '2020-07-10', 0, '2020-06-23 16:03:53', '2020-06-23 16:03:53'),
(324, 91, 5, 'Light Margherita Large', 2, 20, 4, '2020-07-10', 0, '2020-06-23 16:03:53', '2020-06-23 16:03:53'),
(325, 91, 6, 'Cheese Burger', 2, 62, 1, '2020-07-11', 0, '2020-06-23 16:03:53', '2020-06-23 16:03:53'),
(326, 91, 6, 'Lettuce Chicken Wrap', 2, 59, 2, '2020-07-11', 0, '2020-06-23 16:03:53', '2020-06-23 16:03:53'),
(327, 91, 6, 'Grilled Chicken Tortilla Wrap', 2, 49, 3, '2020-07-11', 0, '2020-06-23 16:03:53', '2020-06-23 16:03:53'),
(328, 91, 6, 'Grilled Chicken Tortilla Wrap', 2, 49, 4, '2020-07-11', 0, '2020-06-23 16:03:53', '2020-06-23 16:03:53'),
(329, 91, 7, 'Grilled Chicken Tortilla Wrap', 2, 49, 1, '2020-07-12', 0, '2020-06-23 16:03:53', '2020-06-23 16:03:53'),
(330, 91, 7, 'Light Margherita Medium', 2, 19, 2, '2020-07-12', 0, '2020-06-23 16:03:53', '2020-06-23 16:03:53'),
(331, 91, 7, 'Light Margherita Medium', 2, 19, 3, '2020-07-12', 0, '2020-06-23 16:03:53', '2020-06-23 16:03:53'),
(332, 91, 7, 'Cajun Shrimp', 2, 36, 4, '2020-07-12', 0, '2020-06-23 16:03:53', '2020-06-23 16:03:53'),
(333, 92, 1, 'Light Margherita Medium', 1, 19, 1, '2020-06-29', 1, '2020-06-23 16:20:06', '2020-06-23 11:48:32'),
(334, 92, 1, 'Grilled Chicken Tortilla Wrap', 1, 49, 2, '2020-06-29', 1, '2020-06-23 16:20:06', '2020-06-23 12:40:42'),
(335, 92, 1, 'Light Margherita Medium', 1, 19, 3, '2020-06-29', 1, '2020-06-23 16:20:06', '2020-06-23 12:40:47'),
(336, 92, 1, 'Penne Arrabiata', 1, 32, 4, '2020-06-29', 1, '2020-06-23 16:20:06', '2020-06-23 12:40:53'),
(337, 92, 2, 'Light Margherita Medium', 1, 19, 1, '2020-06-30', 0, '2020-06-23 16:20:06', '2020-06-23 16:20:06'),
(338, 92, 2, 'Grilled Chicken Breast', 1, 41, 2, '2020-06-30', 0, '2020-06-23 16:20:06', '2020-06-23 16:20:06'),
(339, 92, 2, 'Grilled Hamour & Spinach', 1, 37, 3, '2020-06-30', 0, '2020-06-23 16:20:06', '2020-06-23 16:20:06'),
(340, 92, 2, 'Grilled Chicken Tortilla Wrap', 1, 49, 4, '2020-06-30', 0, '2020-06-23 16:20:06', '2020-06-23 16:20:06'),
(341, 92, 3, 'Cajun Shrimp', 1, 36, 1, '2020-07-01', 0, '2020-06-23 16:20:06', '2020-06-23 16:20:06'),
(342, 92, 3, 'Grilled Light Halloume Wrap', 1, 50, 2, '2020-07-01', 0, '2020-06-23 16:20:06', '2020-06-23 16:20:06'),
(343, 92, 3, 'Grilled Steak With Mushroom Sauce', 1, 39, 3, '2020-07-01', 0, '2020-06-23 16:20:06', '2020-06-23 16:20:06'),
(344, 92, 3, 'Grilled Chicken Breast', 1, 41, 4, '2020-07-01', 0, '2020-06-23 16:20:06', '2020-06-23 16:20:06'),
(345, 92, 4, 'Grilled Steak With Mushroom Sauce', 1, 39, 1, '2020-07-02', 0, '2020-06-23 16:20:06', '2020-06-23 16:20:06'),
(346, 92, 4, 'Light Margherita Medium', 1, 19, 2, '2020-07-02', 0, '2020-06-23 16:20:06', '2020-06-23 16:20:06'),
(347, 92, 4, 'Light Margherita Medium', 1, 19, 3, '2020-07-02', 0, '2020-06-23 16:20:06', '2020-06-23 16:20:06'),
(348, 92, 4, 'Lettuce Turkey Wrap', 1, 52, 4, '2020-07-02', 0, '2020-06-23 16:20:06', '2020-06-23 16:20:06'),
(349, 92, 5, 'Grilled Beef & Pepper Wrap', 1, 56, 1, '2020-07-03', 0, '2020-06-23 16:20:06', '2020-06-23 16:20:06'),
(350, 92, 5, 'Grilled Chicken Tortilla Wrap', 1, 49, 2, '2020-07-03', 0, '2020-06-23 16:20:06', '2020-06-23 16:20:06'),
(351, 92, 5, 'Turkey Sandwich', 1, 64, 3, '2020-07-03', 0, '2020-06-23 16:20:06', '2020-06-23 16:20:06'),
(352, 92, 5, 'Light Margherita Medium', 1, 19, 4, '2020-07-03', 0, '2020-06-23 16:20:06', '2020-06-23 16:20:06'),
(353, 92, 6, 'Cajun Shrimp', 1, 36, 1, '2020-07-04', 0, '2020-06-23 16:20:06', '2020-06-23 16:20:06'),
(354, 92, 6, 'Lettuce Beef Wrap', 1, 58, 2, '2020-07-04', 0, '2020-06-23 16:20:06', '2020-06-23 16:20:06'),
(355, 92, 6, 'Tagliatelle Alfredo', 1, 33, 3, '2020-07-04', 0, '2020-06-23 16:20:06', '2020-06-23 16:20:06'),
(356, 92, 6, 'Light Margherita Medium', 1, 19, 4, '2020-07-04', 0, '2020-06-23 16:20:06', '2020-06-23 16:20:06'),
(357, 92, 7, 'Spaghetti Bolognese', 1, 34, 1, '2020-07-05', 0, '2020-06-23 16:20:06', '2020-06-23 16:20:06'),
(358, 92, 7, 'Grilled Hammour Fillet Fish', 1, 43, 2, '2020-07-05', 0, '2020-06-23 16:20:06', '2020-06-23 16:20:06'),
(359, 92, 7, 'Grilled Salmon Fillet Fish', 1, 42, 3, '2020-07-05', 0, '2020-06-23 16:20:06', '2020-06-23 16:20:06'),
(360, 92, 7, 'Grilled Chicken Breast', 1, 41, 4, '2020-07-05', 0, '2020-06-23 16:20:06', '2020-06-23 16:20:06'),
(361, 93, 1, 'Light Margherita Medium', 1, 19, 1, '2020-06-29', 1, '2020-06-23 16:46:28', '2020-06-23 12:39:49'),
(362, 93, 1, 'Cajun Shrimp', 1, 36, 2, '2020-06-29', 1, '2020-06-23 16:46:28', '2020-06-23 12:39:54'),
(363, 93, 1, 'Grilled Chicken Tortilla Wrap', 1, 49, 3, '2020-06-29', 1, '2020-06-23 16:46:28', '2020-06-23 12:40:00'),
(364, 93, 1, 'Grilled Salmon & Artichoke Heart', 1, 38, 4, '2020-06-29', 1, '2020-06-23 16:46:28', '2020-06-23 12:40:05'),
(365, 93, 2, 'Grilled Chicken Tortilla Wrap', 1, 49, 1, '2020-06-30', 0, '2020-06-23 16:46:28', '2020-06-23 16:46:28'),
(366, 93, 2, 'Light Margherita Medium', 1, 19, 2, '2020-06-30', 0, '2020-06-23 16:46:28', '2020-06-23 16:46:28'),
(367, 93, 2, 'Grilled Chicken Breast', 1, 41, 3, '2020-06-30', 0, '2020-06-23 16:46:28', '2020-06-23 16:46:28'),
(368, 93, 2, 'Grilled Chicken Tortilla Wrap', 1, 49, 4, '2020-06-30', 0, '2020-06-23 16:46:28', '2020-06-23 16:46:28'),
(369, 93, 3, 'Beef Tenderloin Medium', 1, 27, 1, '2020-07-01', 0, '2020-06-23 16:46:28', '2020-06-23 16:46:28'),
(370, 93, 3, 'Grilled Hamour & Spinach', 1, 37, 2, '2020-07-01', 0, '2020-06-23 16:46:28', '2020-06-23 16:46:28'),
(371, 93, 3, 'Grilled Light Halloume Wrap', 1, 50, 3, '2020-07-01', 0, '2020-06-23 16:46:28', '2020-06-23 16:46:28'),
(372, 93, 3, 'Grilled Hamour & Spinach', 1, 37, 4, '2020-07-01', 0, '2020-06-23 16:46:28', '2020-06-23 16:46:28'),
(373, 93, 4, 'Light Margherita Medium', 1, 19, 1, '2020-07-02', 0, '2020-06-23 16:46:28', '2020-06-23 16:46:28'),
(374, 93, 4, 'Grilled Chicken Tortilla Wrap', 1, 49, 2, '2020-07-02', 0, '2020-06-23 16:46:28', '2020-06-23 16:46:28'),
(375, 93, 4, 'Al Funghi Large', 1, 22, 3, '2020-07-02', 0, '2020-06-23 16:46:28', '2020-06-23 16:46:28'),
(376, 93, 4, 'Vegetarian Medium', 1, 23, 4, '2020-07-02', 0, '2020-06-23 16:46:28', '2020-06-23 16:46:28'),
(377, 93, 5, 'Chicken & Mushroom Large', 1, 26, 1, '2020-07-03', 0, '2020-06-23 16:46:28', '2020-06-23 16:46:28'),
(378, 93, 5, 'Grilled Light Halloume Wrap', 1, 50, 2, '2020-07-03', 0, '2020-06-23 16:46:28', '2020-06-23 16:46:28'),
(379, 93, 5, 'Cajun Shrimp', 1, 36, 3, '2020-07-03', 0, '2020-06-23 16:46:28', '2020-06-23 16:46:28'),
(380, 93, 5, 'Light Margherita Large', 1, 20, 4, '2020-07-03', 0, '2020-06-23 16:46:28', '2020-06-23 16:46:28'),
(381, 93, 6, 'Grilled Hamour & Spinach', 1, 37, 1, '2020-07-04', 0, '2020-06-23 16:46:28', '2020-06-23 16:46:28'),
(382, 93, 6, 'Grilled Steak With Mushroom Sauce', 1, 39, 2, '2020-07-04', 0, '2020-06-23 16:46:28', '2020-06-23 16:46:28'),
(383, 93, 6, 'Grilled Hammour Fillet Fish', 1, 43, 3, '2020-07-04', 0, '2020-06-23 16:46:28', '2020-06-23 16:46:28'),
(384, 93, 6, 'Grilled Light Halloume Wrap', 1, 50, 4, '2020-07-04', 0, '2020-06-23 16:46:28', '2020-06-23 16:46:28'),
(385, 93, 7, 'Grilled Light Halloume Wrap', 1, 50, 1, '2020-07-05', 0, '2020-06-23 16:46:28', '2020-06-23 16:46:28'),
(386, 93, 7, 'Steamed Seasonal Vegetables', 1, 60, 2, '2020-07-05', 0, '2020-06-23 16:46:28', '2020-06-23 16:46:28'),
(387, 93, 7, 'Grilled Hamour & Spinach', 1, 37, 4, '2020-07-05', 0, '2020-06-23 16:46:28', '2020-06-23 16:46:28'),
(388, 93, 1, 'Light Margherita Medium', 2, 19, 1, '2020-07-06', 0, '2020-06-23 16:46:28', '2020-06-23 16:46:28'),
(389, 93, 1, 'Light Margherita Large', 2, 20, 2, '2020-07-06', 0, '2020-06-23 16:46:28', '2020-06-23 16:46:28'),
(390, 93, 1, 'Grilled Light Halloume Wrap', 2, 50, 3, '2020-07-06', 0, '2020-06-23 16:46:28', '2020-06-23 16:46:28'),
(391, 93, 1, 'Grilled Hammour Fillet Fish', 2, 43, 4, '2020-07-06', 0, '2020-06-23 16:46:28', '2020-06-23 16:46:28'),
(392, 93, 2, 'Pepperoni & Olive Large', 2, 30, 1, '2020-07-07', 0, '2020-06-23 16:46:28', '2020-06-23 16:46:28'),
(393, 93, 2, 'Cajun Shrimp', 2, 36, 2, '2020-07-07', 0, '2020-06-23 16:46:28', '2020-06-23 16:46:28'),
(394, 93, 2, 'Light Margherita Medium', 2, 19, 3, '2020-07-07', 0, '2020-06-23 16:46:28', '2020-06-23 16:46:28'),
(395, 93, 2, 'Italian rice', 2, 45, 4, '2020-07-07', 0, '2020-06-23 16:46:28', '2020-06-23 16:46:28'),
(396, 93, 3, 'Light Margherita Medium', 2, 19, 1, '2020-07-08', 0, '2020-06-23 16:46:28', '2020-06-23 16:46:28'),
(397, 93, 3, 'Grilled Salmon Fillet Fish', 2, 42, 2, '2020-07-08', 0, '2020-06-23 16:46:28', '2020-06-23 16:46:28'),
(398, 93, 3, 'Chicken with Lemon Sauce', 2, 44, 3, '2020-07-08', 0, '2020-06-23 16:46:28', '2020-06-23 16:46:28'),
(399, 93, 3, 'Lettuce Chicken Caesar Wrap', 2, 54, 4, '2020-07-08', 0, '2020-06-23 16:46:28', '2020-06-23 16:46:28'),
(400, 93, 4, 'Grilled Steak With Mushroom Sauce', 2, 39, 1, '2020-07-09', 0, '2020-06-23 16:46:28', '2020-06-23 16:46:28'),
(401, 93, 4, 'Light Margherita Medium', 2, 19, 2, '2020-07-09', 0, '2020-06-23 16:46:28', '2020-06-23 16:46:28'),
(402, 93, 4, 'Lettuce Beef Wrap', 2, 58, 3, '2020-07-09', 0, '2020-06-23 16:46:28', '2020-06-23 16:46:28'),
(403, 93, 4, 'Grilled Chicken Tortilla Wrap', 2, 49, 4, '2020-07-09', 0, '2020-06-23 16:46:28', '2020-06-23 16:46:28'),
(404, 93, 5, 'Light Margherita Medium', 2, 19, 1, '2020-07-10', 0, '2020-06-23 16:46:28', '2020-06-23 16:46:28'),
(405, 93, 6, 'Tagliatelle Alfredo', 2, 33, 1, '2020-07-11', 0, '2020-06-23 16:46:28', '2020-06-23 16:46:28'),
(406, 93, 5, 'Light Margherita Medium', 2, 19, 2, '2020-07-10', 0, '2020-06-23 16:46:28', '2020-06-23 16:46:28'),
(407, 93, 7, 'Light Margherita Medium', 1, 19, 3, '2020-07-05', 0, '2020-06-23 16:46:28', '2020-06-23 16:46:28'),
(408, 93, 5, 'Grilled Hamour & Spinach', 2, 37, 3, '2020-07-10', 0, '2020-06-23 16:46:28', '2020-06-23 16:46:28'),
(409, 93, 6, 'Grilled Beef & Pepper Wrap', 2, 56, 2, '2020-07-11', 0, '2020-06-23 16:46:28', '2020-06-23 16:46:28'),
(410, 93, 5, 'Grilled Beef & Pepper Wrap', 2, 56, 4, '2020-07-10', 0, '2020-06-23 16:46:28', '2020-06-23 16:46:28'),
(411, 93, 6, 'Grilled Hamour & Spinach', 2, 37, 3, '2020-07-11', 0, '2020-06-23 16:46:28', '2020-06-23 16:46:28'),
(412, 93, 6, 'Grilled Hamour & Spinach', 2, 37, 4, '2020-07-11', 0, '2020-06-23 16:46:28', '2020-06-23 16:46:28'),
(413, 93, 7, 'Grilled Light Halloume Wrap', 2, 50, 1, '2020-07-12', 0, '2020-06-23 16:46:28', '2020-06-23 16:46:28'),
(414, 93, 7, 'Grilled Salmon & Artichoke Heart', 2, 38, 2, '2020-07-12', 0, '2020-06-23 16:46:28', '2020-06-23 16:46:28'),
(415, 93, 7, 'Smoked Turkey & Rocket Wrap', 2, 57, 3, '2020-07-12', 0, '2020-06-23 16:46:28', '2020-06-23 16:46:28'),
(416, 93, 7, 'Grilled Light Halloume Wrap', 2, 50, 4, '2020-07-12', 0, '2020-06-23 16:46:28', '2020-06-23 16:46:28'),
(417, 94, 1, 'Light Margherita Medium', 1, 19, 1, '2020-06-29', 1, '2020-06-23 17:11:23', '2020-06-23 12:26:26'),
(418, 94, 1, 'Light Margherita Medium', 1, 19, 2, '2020-06-29', 1, '2020-06-23 17:11:23', '2020-06-23 12:29:01'),
(419, 94, 1, 'Light Margherita Medium', 1, 19, 3, '2020-06-29', 1, '2020-06-23 17:11:23', '2020-06-23 12:29:04'),
(420, 94, 1, 'Light Margherita Large', 1, 20, 4, '2020-06-29', 1, '2020-06-23 17:11:23', '2020-06-23 12:29:13'),
(421, 94, 2, 'Cajun Shrimp', 1, 36, 1, '2020-06-30', 0, '2020-06-23 17:11:23', '2020-06-23 17:11:23'),
(422, 94, 2, 'Light Margherita Medium', 1, 19, 2, '2020-06-30', 0, '2020-06-23 17:11:23', '2020-06-23 17:11:23'),
(423, 94, 2, 'Light Margherita Large', 1, 20, 3, '2020-06-30', 0, '2020-06-23 17:11:23', '2020-06-23 17:11:23'),
(424, 94, 2, 'Cajun Shrimp', 1, 36, 4, '2020-06-30', 0, '2020-06-23 17:11:23', '2020-06-23 17:11:23'),
(425, 94, 3, 'Light Margherita Medium', 1, 19, 1, '2020-07-01', 0, '2020-06-23 17:11:23', '2020-06-23 17:11:23'),
(426, 94, 3, 'Light Margherita Large', 1, 20, 2, '2020-07-01', 0, '2020-06-23 17:11:23', '2020-06-23 17:11:23'),
(427, 94, 3, 'Light Margherita Medium', 1, 19, 3, '2020-07-01', 0, '2020-06-23 17:11:23', '2020-06-23 17:11:23'),
(428, 94, 3, 'Light Margherita Medium', 1, 19, 4, '2020-07-01', 0, '2020-06-23 17:11:23', '2020-06-23 17:11:23'),
(429, 94, 4, 'Light Margherita Large', 1, 20, 1, '2020-07-02', 0, '2020-06-23 17:11:23', '2020-06-23 17:11:23'),
(430, 94, 4, 'Light Margherita Medium', 1, 19, 2, '2020-07-02', 0, '2020-06-23 17:11:23', '2020-06-23 17:11:23'),
(431, 94, 4, 'Light Margherita Medium', 1, 19, 3, '2020-07-02', 0, '2020-06-23 17:11:23', '2020-06-23 17:11:23'),
(432, 94, 4, 'Light Margherita Medium', 1, 19, 4, '2020-07-02', 0, '2020-06-23 17:11:23', '2020-06-23 17:11:23'),
(433, 94, 5, 'Light Margherita Medium', 1, 19, 1, '2020-07-03', 0, '2020-06-23 17:11:23', '2020-06-23 17:11:23'),
(434, 94, 5, 'Light Margherita Medium', 1, 19, 2, '2020-07-03', 0, '2020-06-23 17:11:23', '2020-06-23 17:11:23'),
(435, 94, 5, 'Light Margherita Large', 1, 20, 3, '2020-07-03', 0, '2020-06-23 17:11:23', '2020-06-23 17:11:23'),
(436, 94, 5, 'Light Margherita Medium', 1, 19, 4, '2020-07-03', 0, '2020-06-23 17:11:23', '2020-06-23 17:11:23'),
(437, 94, 6, 'Light Margherita Medium', 1, 19, 1, '2020-07-04', 0, '2020-06-23 17:11:23', '2020-06-23 17:11:23'),
(438, 94, 6, 'Light Margherita Medium', 1, 19, 2, '2020-07-04', 0, '2020-06-23 17:11:23', '2020-06-23 17:11:23'),
(439, 94, 6, 'Light Margherita Medium', 1, 19, 3, '2020-07-04', 0, '2020-06-23 17:11:23', '2020-06-23 17:11:23'),
(440, 94, 6, 'Light Margherita Medium', 1, 19, 4, '2020-07-04', 0, '2020-06-23 17:11:23', '2020-06-23 17:11:23'),
(441, 94, 7, 'Light Margherita Medium', 1, 19, 1, '2020-07-05', 0, '2020-06-23 17:11:23', '2020-06-23 17:11:23'),
(442, 94, 7, 'Light Margherita Medium', 1, 19, 2, '2020-07-05', 0, '2020-06-23 17:11:23', '2020-06-23 17:11:23'),
(443, 94, 7, 'Light Margherita Medium', 1, 19, 3, '2020-07-05', 0, '2020-06-23 17:11:23', '2020-06-23 17:11:23'),
(444, 94, 7, 'Light Margherita Medium', 1, 19, 4, '2020-07-05', 0, '2020-06-23 17:11:23', '2020-06-23 17:11:23'),
(445, 94, 1, 'Light Margherita Medium', 2, 19, 1, '2020-07-06', 0, '2020-06-23 17:11:23', '2020-06-23 17:11:23'),
(446, 94, 1, 'Light Margherita Medium', 2, 19, 2, '2020-07-06', 0, '2020-06-23 17:11:23', '2020-06-23 17:11:23'),
(447, 94, 1, 'Light Margherita Medium', 2, 19, 3, '2020-07-06', 0, '2020-06-23 17:11:23', '2020-06-23 17:11:23'),
(448, 94, 1, 'Light Margherita Medium', 2, 19, 4, '2020-07-06', 0, '2020-06-23 17:11:23', '2020-06-23 17:11:23'),
(449, 94, 2, 'Light Margherita Medium', 2, 19, 1, '2020-07-07', 0, '2020-06-23 17:11:23', '2020-06-23 17:11:23'),
(450, 94, 2, 'Light Margherita Medium', 2, 19, 2, '2020-07-07', 0, '2020-06-23 17:11:23', '2020-06-23 17:11:23'),
(451, 94, 2, 'Light Margherita Medium', 2, 19, 3, '2020-07-07', 0, '2020-06-23 17:11:23', '2020-06-23 17:11:23'),
(452, 94, 2, 'Light Margherita Medium', 2, 19, 4, '2020-07-07', 0, '2020-06-23 17:11:23', '2020-06-23 17:11:23'),
(453, 94, 3, 'Light Margherita Medium', 2, 19, 1, '2020-07-08', 0, '2020-06-23 17:11:23', '2020-06-23 17:11:23'),
(454, 94, 3, 'Light Margherita Medium', 2, 19, 2, '2020-07-08', 0, '2020-06-23 17:11:23', '2020-06-23 17:11:23'),
(455, 94, 3, 'Light Margherita Medium', 2, 19, 3, '2020-07-08', 0, '2020-06-23 17:11:23', '2020-06-23 17:11:23'),
(456, 94, 3, 'Light Margherita Medium', 2, 19, 4, '2020-07-08', 0, '2020-06-23 17:11:23', '2020-06-23 17:11:23'),
(457, 94, 4, 'Light Margherita Medium', 2, 19, 1, '2020-07-09', 0, '2020-06-23 17:11:23', '2020-06-23 17:11:23'),
(458, 94, 4, 'Light Margherita Medium', 2, 19, 2, '2020-07-09', 0, '2020-06-23 17:11:23', '2020-06-23 17:11:23'),
(459, 94, 4, 'Light Margherita Medium', 2, 19, 3, '2020-07-09', 0, '2020-06-23 17:11:23', '2020-06-23 17:11:23'),
(460, 94, 4, 'Light Margherita Medium', 2, 19, 4, '2020-07-09', 0, '2020-06-23 17:11:23', '2020-06-23 17:11:23'),
(461, 94, 5, 'Light Margherita Medium', 2, 19, 1, '2020-07-10', 0, '2020-06-23 17:11:23', '2020-06-23 17:11:23'),
(462, 94, 5, 'Light Margherita Medium', 2, 19, 2, '2020-07-10', 0, '2020-06-23 17:11:23', '2020-06-23 17:11:23'),
(463, 94, 5, 'Light Margherita Medium', 2, 19, 3, '2020-07-10', 0, '2020-06-23 17:11:23', '2020-06-23 17:11:23'),
(464, 94, 5, 'Light Margherita Medium', 2, 19, 4, '2020-07-10', 0, '2020-06-23 17:11:23', '2020-06-23 17:11:23'),
(465, 94, 6, 'Light Margherita Medium', 2, 19, 1, '2020-07-11', 0, '2020-06-23 17:11:23', '2020-06-23 17:11:23'),
(466, 94, 6, 'Light Margherita Medium', 2, 19, 2, '2020-07-11', 0, '2020-06-23 17:11:23', '2020-06-23 17:11:23'),
(467, 94, 6, 'Light Margherita Medium', 2, 19, 3, '2020-07-11', 0, '2020-06-23 17:11:23', '2020-06-23 17:11:23'),
(468, 94, 6, 'Light Margherita Medium', 2, 19, 4, '2020-07-11', 0, '2020-06-23 17:11:23', '2020-06-23 17:11:23'),
(469, 94, 7, 'Light Margherita Medium', 2, 19, 1, '2020-07-12', 0, '2020-06-23 17:11:23', '2020-06-23 17:11:23'),
(470, 94, 7, 'Light Margherita Medium', 2, 19, 2, '2020-07-12', 0, '2020-06-23 17:11:23', '2020-06-23 17:11:23'),
(471, 94, 7, 'Light Margherita Medium', 2, 19, 3, '2020-07-12', 0, '2020-06-23 17:11:23', '2020-06-23 17:11:23'),
(472, 94, 7, 'Light Margherita Medium', 2, 19, 4, '2020-07-12', 0, '2020-06-23 17:11:23', '2020-06-23 17:11:23'),
(473, 95, 3, 'Cajun Shrimp', 1, 36, 2, '2020-07-01', 1, '2020-06-23 17:19:32', '2020-06-23 12:26:03'),
(474, 95, 1, 'Light Margherita Medium', 1, 19, 2, '2020-06-29', 1, '2020-06-23 17:19:32', '2020-06-23 12:34:39'),
(475, 95, 1, 'Light Tuna Wrap', 1, 51, 1, '2020-06-29', 1, '2020-06-23 17:19:32', '2020-06-23 12:34:47'),
(476, 96, 1, 'Light Margherita Medium', 1, 19, 1, '2020-06-29', 0, '2020-06-23 18:28:10', '2020-06-23 18:28:10'),
(477, 96, 1, 'Light Margherita Medium', 1, 19, 2, '2020-06-29', 0, '2020-06-23 18:28:10', '2020-06-23 18:28:10'),
(478, 96, 1, 'Light Margherita Medium', 1, 19, 3, '2020-06-29', 0, '2020-06-23 18:28:10', '2020-06-23 18:28:10'),
(479, 96, 1, 'Light Margherita Medium', 1, 19, 4, '2020-06-29', 0, '2020-06-23 18:28:10', '2020-06-23 18:28:10'),
(480, 96, 2, 'Light Margherita Medium', 1, 19, 1, '2020-06-30', 0, '2020-06-23 18:28:10', '2020-06-23 18:28:10'),
(481, 96, 2, 'Light Margherita Medium', 1, 19, 2, '2020-06-30', 0, '2020-06-23 18:28:10', '2020-06-23 18:28:10'),
(482, 96, 2, 'Light Margherita Medium', 1, 19, 3, '2020-06-30', 0, '2020-06-23 18:28:10', '2020-06-23 18:28:10'),
(483, 96, 2, 'Light Margherita Medium', 1, 19, 4, '2020-06-30', 0, '2020-06-23 18:28:10', '2020-06-23 18:28:10'),
(484, 96, 3, 'Light Margherita Medium', 1, 19, 1, '2020-07-01', 0, '2020-06-23 18:28:10', '2020-06-23 18:28:10');
INSERT INTO `mealdetails` (`id`, `meal_id`, `day_id`, `food_name`, `weekno`, `food_id`, `food_type`, `order_date`, `status`, `created_at`, `updated_at`) VALUES
(485, 96, 3, 'Light Margherita Medium', 1, 19, 2, '2020-07-01', 0, '2020-06-23 18:28:10', '2020-06-23 18:28:10'),
(486, 96, 3, 'Light Margherita Medium', 1, 19, 3, '2020-07-01', 0, '2020-06-23 18:28:10', '2020-06-23 18:28:10'),
(487, 96, 3, 'Light Margherita Medium', 1, 19, 4, '2020-07-01', 0, '2020-06-23 18:28:10', '2020-06-23 18:28:10'),
(488, 96, 4, 'Light Margherita Medium', 1, 19, 1, '2020-07-02', 0, '2020-06-23 18:28:10', '2020-06-23 18:28:10'),
(489, 96, 4, 'Light Margherita Medium', 1, 19, 2, '2020-07-02', 0, '2020-06-23 18:28:10', '2020-06-23 18:28:10'),
(490, 96, 4, 'Light Margherita Medium', 1, 19, 3, '2020-07-02', 0, '2020-06-23 18:28:10', '2020-06-23 18:28:10'),
(491, 96, 4, 'Light Margherita Medium', 1, 19, 4, '2020-07-02', 0, '2020-06-23 18:28:10', '2020-06-23 18:28:10'),
(492, 96, 5, 'Light Margherita Medium', 1, 19, 1, '2020-07-03', 0, '2020-06-23 18:28:10', '2020-06-23 18:28:10'),
(493, 96, 5, 'Light Margherita Medium', 1, 19, 2, '2020-07-03', 0, '2020-06-23 18:28:10', '2020-06-23 18:28:10'),
(494, 96, 5, 'Light Margherita Medium', 1, 19, 3, '2020-07-03', 0, '2020-06-23 18:28:10', '2020-06-23 18:28:10'),
(495, 96, 5, 'Light Margherita Medium', 1, 19, 4, '2020-07-03', 0, '2020-06-23 18:28:10', '2020-06-23 18:28:10'),
(496, 96, 6, 'Light Margherita Medium', 1, 19, 1, '2020-07-04', 0, '2020-06-23 18:28:10', '2020-06-23 18:28:10'),
(497, 96, 6, 'Light Margherita Medium', 1, 19, 2, '2020-07-04', 0, '2020-06-23 18:28:10', '2020-06-23 18:28:10'),
(498, 96, 6, 'Light Margherita Medium', 1, 19, 3, '2020-07-04', 0, '2020-06-23 18:28:10', '2020-06-23 18:28:10'),
(499, 96, 6, 'Light Margherita Medium', 1, 19, 4, '2020-07-04', 0, '2020-06-23 18:28:10', '2020-06-23 18:28:10'),
(500, 96, 7, 'Light Margherita Medium', 1, 19, 1, '2020-07-05', 0, '2020-06-23 18:28:10', '2020-06-23 18:28:10'),
(501, 96, 7, 'Light Margherita Medium', 1, 19, 2, '2020-07-05', 0, '2020-06-23 18:28:10', '2020-06-23 18:28:10'),
(502, 96, 7, 'Light Margherita Medium', 1, 19, 3, '2020-07-05', 0, '2020-06-23 18:28:10', '2020-06-23 18:28:10'),
(503, 96, 7, 'Light Margherita Medium', 1, 19, 4, '2020-07-05', 0, '2020-06-23 18:28:10', '2020-06-23 18:28:10'),
(504, 96, 1, 'Light Margherita Medium', 2, 19, 1, '2020-07-06', 0, '2020-06-23 18:28:10', '2020-06-23 18:28:10'),
(505, 96, 1, 'Light Margherita Medium', 2, 19, 2, '2020-07-06', 0, '2020-06-23 18:28:10', '2020-06-23 18:28:10'),
(506, 96, 1, 'Light Margherita Medium', 2, 19, 3, '2020-07-06', 0, '2020-06-23 18:28:10', '2020-06-23 18:28:10'),
(507, 96, 1, 'Light Margherita Medium', 2, 19, 4, '2020-07-06', 0, '2020-06-23 18:28:10', '2020-06-23 18:28:10'),
(508, 96, 2, 'Light Margherita Medium', 2, 19, 1, '2020-07-07', 0, '2020-06-23 18:28:10', '2020-06-23 18:28:10'),
(509, 96, 2, 'Light Margherita Medium', 2, 19, 2, '2020-07-07', 0, '2020-06-23 18:28:10', '2020-06-23 18:28:10'),
(510, 96, 2, 'Light Margherita Medium', 2, 19, 3, '2020-07-07', 0, '2020-06-23 18:28:10', '2020-06-23 18:28:10'),
(511, 96, 2, 'Light Margherita Medium', 2, 19, 4, '2020-07-07', 0, '2020-06-23 18:28:10', '2020-06-23 18:28:10'),
(512, 96, 3, 'Light Margherita Medium', 2, 19, 1, '2020-07-08', 0, '2020-06-23 18:28:10', '2020-06-23 18:28:10'),
(513, 96, 3, 'Light Margherita Medium', 2, 19, 2, '2020-07-08', 0, '2020-06-23 18:28:10', '2020-06-23 18:28:10'),
(514, 96, 3, 'Light Margherita Medium', 2, 19, 3, '2020-07-08', 0, '2020-06-23 18:28:10', '2020-06-23 18:28:10'),
(515, 96, 3, 'Light Margherita Medium', 2, 19, 4, '2020-07-08', 0, '2020-06-23 18:28:10', '2020-06-23 18:28:10'),
(516, 96, 4, 'Light Margherita Medium', 2, 19, 1, '2020-07-09', 0, '2020-06-23 18:28:10', '2020-06-23 18:28:10'),
(517, 96, 4, 'Light Margherita Medium', 2, 19, 2, '2020-07-09', 0, '2020-06-23 18:28:10', '2020-06-23 18:28:10'),
(518, 96, 4, 'Light Margherita Medium', 2, 19, 3, '2020-07-09', 0, '2020-06-23 18:28:10', '2020-06-23 18:28:10'),
(519, 96, 4, 'Light Margherita Medium', 2, 19, 4, '2020-07-09', 0, '2020-06-23 18:28:10', '2020-06-23 18:28:10'),
(520, 96, 5, 'Light Margherita Medium', 2, 19, 1, '2020-07-10', 0, '2020-06-23 18:28:10', '2020-06-23 18:28:10'),
(521, 96, 5, 'Al Funghi Medium', 2, 21, 2, '2020-07-10', 0, '2020-06-23 18:28:10', '2020-06-23 18:28:10'),
(522, 96, 5, 'Light Margherita Medium', 2, 19, 3, '2020-07-10', 0, '2020-06-23 18:28:10', '2020-06-23 18:28:10'),
(523, 96, 5, 'Light Margherita Medium', 2, 19, 4, '2020-07-10', 0, '2020-06-23 18:28:10', '2020-06-23 18:28:10'),
(524, 96, 6, 'Light Margherita Medium', 2, 19, 1, '2020-07-11', 0, '2020-06-23 18:28:10', '2020-06-23 18:28:10'),
(525, 96, 6, 'Light Margherita Medium', 2, 19, 2, '2020-07-11', 0, '2020-06-23 18:28:10', '2020-06-23 18:28:10'),
(526, 96, 6, 'Light Margherita Medium', 2, 19, 3, '2020-07-11', 0, '2020-06-23 18:28:10', '2020-06-23 18:28:10'),
(527, 96, 6, 'Light Margherita Medium', 2, 19, 4, '2020-07-11', 0, '2020-06-23 18:28:10', '2020-06-23 18:28:10'),
(528, 96, 7, 'Light Margherita Medium', 2, 19, 1, '2020-07-12', 0, '2020-06-23 18:28:10', '2020-06-23 18:28:10'),
(529, 96, 7, 'Light Margherita Medium', 2, 19, 2, '2020-07-12', 0, '2020-06-23 18:28:10', '2020-06-23 18:28:10'),
(530, 96, 7, 'Light Margherita Medium', 2, 19, 3, '2020-07-12', 0, '2020-06-23 18:28:10', '2020-06-23 18:28:10'),
(531, 96, 7, 'Light Margherita Medium', 2, 19, 4, '2020-07-12', 0, '2020-06-23 18:28:10', '2020-06-23 18:28:10'),
(532, 97, 1, 'Light Margherita Medium', 1, 19, 1, '2020-06-29', 0, '2020-06-23 18:37:58', '2020-06-23 18:37:58'),
(533, 97, 1, 'Light Margherita Medium', 1, 19, 2, '2020-06-29', 0, '2020-06-23 18:37:58', '2020-06-23 18:37:58'),
(534, 97, 1, 'Light Margherita Medium', 1, 19, 3, '2020-06-29', 0, '2020-06-23 18:37:58', '2020-06-23 18:37:58'),
(535, 97, 1, 'Light Margherita Medium', 1, 19, 4, '2020-06-29', 0, '2020-06-23 18:37:58', '2020-06-23 18:37:58'),
(536, 97, 2, 'Light Margherita Medium', 1, 19, 1, '2020-06-30', 0, '2020-06-23 18:37:58', '2020-06-23 18:37:58'),
(537, 97, 2, 'Light Margherita Medium', 1, 19, 2, '2020-06-30', 0, '2020-06-23 18:37:58', '2020-06-23 18:37:58'),
(538, 97, 2, 'Light Margherita Medium', 1, 19, 3, '2020-06-30', 0, '2020-06-23 18:37:58', '2020-06-23 18:37:58'),
(539, 97, 2, 'Light Margherita Medium', 1, 19, 4, '2020-06-30', 0, '2020-06-23 18:37:58', '2020-06-23 18:37:58'),
(540, 97, 3, 'Light Margherita Medium', 1, 19, 1, '2020-07-01', 0, '2020-06-23 18:37:58', '2020-06-23 18:37:58'),
(541, 97, 3, 'Light Margherita Medium', 1, 19, 2, '2020-07-01', 0, '2020-06-23 18:37:58', '2020-06-23 18:37:58'),
(542, 97, 3, 'Light Margherita Medium', 1, 19, 3, '2020-07-01', 0, '2020-06-23 18:37:58', '2020-06-23 18:37:58'),
(543, 97, 3, 'Light Margherita Large', 1, 20, 4, '2020-07-01', 0, '2020-06-23 18:37:58', '2020-06-23 18:37:58'),
(544, 97, 4, 'Light Margherita Medium', 1, 19, 1, '2020-07-02', 0, '2020-06-23 18:37:58', '2020-06-23 18:37:58'),
(545, 97, 4, 'Light Margherita Medium', 1, 19, 2, '2020-07-02', 0, '2020-06-23 18:37:58', '2020-06-23 18:37:58'),
(546, 97, 4, 'Light Margherita Medium', 1, 19, 3, '2020-07-02', 0, '2020-06-23 18:37:58', '2020-06-23 18:37:58'),
(547, 97, 4, 'Light Margherita Medium', 1, 19, 4, '2020-07-02', 0, '2020-06-23 18:37:59', '2020-06-23 18:37:59'),
(548, 97, 5, 'Light Margherita Medium', 1, 19, 1, '2020-07-03', 0, '2020-06-23 18:37:59', '2020-06-23 18:37:59'),
(549, 97, 5, 'Light Margherita Medium', 1, 19, 2, '2020-07-03', 0, '2020-06-23 18:37:59', '2020-06-23 18:37:59'),
(550, 97, 5, 'Light Margherita Medium', 1, 19, 3, '2020-07-03', 0, '2020-06-23 18:37:59', '2020-06-23 18:37:59'),
(551, 97, 5, 'Light Margherita Medium', 1, 19, 4, '2020-07-03', 0, '2020-06-23 18:37:59', '2020-06-23 18:37:59'),
(552, 97, 6, 'Light Margherita Medium', 1, 19, 1, '2020-07-04', 0, '2020-06-23 18:37:59', '2020-06-23 18:37:59'),
(553, 97, 6, 'Light Margherita Medium', 1, 19, 2, '2020-07-04', 0, '2020-06-23 18:37:59', '2020-06-23 18:37:59'),
(554, 97, 6, 'Light Margherita Medium', 1, 19, 3, '2020-07-04', 0, '2020-06-23 18:37:59', '2020-06-23 18:37:59'),
(555, 97, 6, 'Light Margherita Medium', 1, 19, 4, '2020-07-04', 0, '2020-06-23 18:37:59', '2020-06-23 18:37:59'),
(556, 97, 7, 'Light Margherita Medium', 1, 19, 1, '2020-07-05', 0, '2020-06-23 18:37:59', '2020-06-23 18:37:59'),
(557, 97, 7, 'Light Margherita Medium', 1, 19, 2, '2020-07-05', 0, '2020-06-23 18:37:59', '2020-06-23 18:37:59'),
(558, 97, 7, 'Light Margherita Medium', 1, 19, 3, '2020-07-05', 0, '2020-06-23 18:37:59', '2020-06-23 18:37:59'),
(559, 98, 1, 'Cajun Shrimp', 1, 36, 1, '2020-06-29', 0, '2020-06-23 19:25:40', '2020-06-23 19:25:40'),
(560, 98, 2, 'Grilled Chicken Breast', 1, 41, 1, '2020-06-30', 0, '2020-06-23 19:25:40', '2020-06-23 19:25:40'),
(561, 98, 3, 'Grilled Hammour Fillet Fish', 1, 43, 1, '2020-07-01', 0, '2020-06-23 19:25:40', '2020-06-23 19:25:40'),
(562, 98, 4, 'Grilled Salmon & Artichoke Heart', 1, 38, 1, '2020-07-02', 0, '2020-06-23 19:25:40', '2020-06-23 19:25:40'),
(563, 98, 5, 'Italian rice', 1, 45, 1, '2020-07-03', 0, '2020-06-23 19:25:40', '2020-06-23 19:25:40'),
(564, 98, 6, 'Spaghetti Bolognese', 1, 34, 1, '2020-07-04', 0, '2020-06-23 19:25:40', '2020-06-23 19:25:40'),
(565, 98, 7, 'Grilled Steak With Mushroom Sauce', 1, 39, 1, '2020-07-05', 0, '2020-06-23 19:25:40', '2020-06-23 19:25:40'),
(566, 98, 1, 'Al Funghi Large', 1, 22, 2, '2020-06-29', 0, '2020-06-23 19:25:40', '2020-06-23 19:25:40'),
(567, 98, 1, 'Al Funghi Large', 2, 22, 1, '2020-07-06', 0, '2020-06-23 19:25:40', '2020-06-23 19:25:40'),
(568, 98, 2, 'Spaghetti Sea Food', 2, 35, 2, '2020-07-07', 0, '2020-06-23 19:25:40', '2020-06-23 19:25:40'),
(569, 98, 3, 'Fettuccine & Veggie', 2, 31, 2, '2020-07-08', 0, '2020-06-23 19:25:40', '2020-06-23 19:25:40'),
(570, 98, 4, 'Grilled Salmon & Artichoke Heart', 2, 38, 2, '2020-07-09', 0, '2020-06-23 19:25:40', '2020-06-23 19:25:40'),
(571, 98, 5, 'Grilled Beef Tenderloin', 2, 40, 2, '2020-07-10', 0, '2020-06-23 19:25:40', '2020-06-23 19:25:40'),
(572, 98, 6, 'Light Margherita Large', 2, 20, 4, '2020-07-11', 0, '2020-06-23 19:25:40', '2020-06-23 19:25:40'),
(573, 98, 7, 'Italian rice', 2, 45, 4, '2020-07-12', 0, '2020-06-23 19:25:40', '2020-06-23 19:25:40'),
(574, 98, 1, 'Grilled Chicken Breast', 3, 41, 1, '2020-07-13', 0, '2020-06-23 19:25:40', '2020-06-23 19:25:40'),
(575, 98, 2, 'Grilled Salmon Fillet Fish', 3, 42, 4, '2020-07-14', 0, '2020-06-23 19:25:40', '2020-06-23 19:25:40'),
(576, 98, 3, 'Fettuccine & Veggie', 3, 31, 4, '2020-07-15', 0, '2020-06-23 19:25:40', '2020-06-23 19:25:40'),
(577, 98, 4, 'Cajun Shrimp', 3, 36, 4, '2020-07-16', 0, '2020-06-23 19:25:40', '2020-06-23 19:25:40'),
(578, 98, 5, 'Tagliatelle Alfredo', 3, 33, 4, '2020-07-17', 0, '2020-06-23 19:25:40', '2020-06-23 19:25:40'),
(579, 98, 6, 'Chicken & Mushroom Large', 3, 26, 4, '2020-07-18', 0, '2020-06-23 19:25:40', '2020-06-23 19:25:40'),
(580, 98, 7, 'Penne Arrabiata', 3, 32, 4, '2020-07-19', 0, '2020-06-23 19:25:40', '2020-06-23 19:25:40'),
(581, 98, 1, 'Grilled Light Halloume Wrap', 4, 50, 3, '2020-07-20', 0, '2020-06-23 19:25:40', '2020-06-23 19:25:40'),
(582, 98, 2, 'Lettuce Turkey Wrap', 4, 52, 3, '2020-07-21', 0, '2020-06-23 19:25:40', '2020-06-23 19:25:40'),
(583, 98, 3, 'Light Tuna Wrap', 4, 51, 3, '2020-07-22', 0, '2020-06-23 19:25:40', '2020-06-23 19:25:40'),
(584, 98, 4, 'Lettuce Beef Wrap', 4, 58, 3, '2020-07-23', 0, '2020-06-23 19:25:40', '2020-06-23 19:25:40'),
(585, 98, 5, 'Lettuce Chicken Wrap', 4, 59, 3, '2020-07-24', 0, '2020-06-23 19:25:40', '2020-06-23 19:25:40'),
(586, 98, 6, 'Tuna Sandwich', 4, 63, 3, '2020-07-25', 0, '2020-06-23 19:25:40', '2020-06-23 19:25:40'),
(587, 98, 7, 'Baked Potato With Mushroom', 4, 76, 3, '2020-07-26', 0, '2020-06-23 19:25:40', '2020-06-23 19:25:40'),
(588, 99, 1, 'Light Margherita Medium', 1, 19, 1, '2020-06-29', 0, '2020-06-23 21:44:07', '2020-06-23 21:44:07'),
(589, 99, 1, 'Light Margherita Medium', 1, 19, 2, '2020-06-29', 0, '2020-06-23 21:44:07', '2020-06-23 21:44:07'),
(590, 99, 1, 'Light Margherita Medium', 1, 19, 3, '2020-06-29', 0, '2020-06-23 21:44:07', '2020-06-23 21:44:07'),
(591, 99, 1, 'Light Margherita Medium', 1, 19, 4, '2020-06-29', 0, '2020-06-23 21:44:07', '2020-06-23 21:44:07'),
(592, 99, 2, 'Light Margherita Medium', 1, 19, 1, '2020-06-30', 0, '2020-06-23 21:44:07', '2020-06-23 21:44:07'),
(593, 99, 2, 'Light Margherita Medium', 1, 19, 2, '2020-06-30', 0, '2020-06-23 21:44:07', '2020-06-23 21:44:07'),
(594, 99, 2, 'Light Margherita Medium', 1, 19, 3, '2020-06-30', 0, '2020-06-23 21:44:07', '2020-06-23 21:44:07'),
(595, 99, 2, 'Light Margherita Medium', 1, 19, 4, '2020-06-30', 0, '2020-06-23 21:44:07', '2020-06-23 21:44:07'),
(596, 99, 3, 'Light Margherita Medium', 1, 19, 1, '2020-07-01', 0, '2020-06-23 21:44:07', '2020-06-23 21:44:07'),
(597, 99, 3, 'Light Margherita Medium', 1, 19, 2, '2020-07-01', 0, '2020-06-23 21:44:07', '2020-06-23 21:44:07'),
(598, 99, 3, 'Light Margherita Medium', 1, 19, 3, '2020-07-01', 0, '2020-06-23 21:44:07', '2020-06-23 21:44:07'),
(599, 99, 3, 'Light Margherita Medium', 1, 19, 4, '2020-07-01', 0, '2020-06-23 21:44:07', '2020-06-23 21:44:07'),
(600, 99, 4, 'Light Margherita Medium', 1, 19, 1, '2020-07-02', 0, '2020-06-23 21:44:07', '2020-06-23 21:44:07'),
(601, 99, 4, 'Light Margherita Medium', 1, 19, 2, '2020-07-02', 0, '2020-06-23 21:44:07', '2020-06-23 21:44:07'),
(602, 99, 4, 'Light Margherita Medium', 1, 19, 3, '2020-07-02', 0, '2020-06-23 21:44:07', '2020-06-23 21:44:07'),
(603, 99, 4, 'Light Margherita Medium', 1, 19, 4, '2020-07-02', 0, '2020-06-23 21:44:07', '2020-06-23 21:44:07'),
(604, 99, 5, 'Light Margherita Medium', 1, 19, 1, '2020-07-03', 0, '2020-06-23 21:44:07', '2020-06-23 21:44:07'),
(605, 99, 5, 'Light Margherita Medium', 1, 19, 2, '2020-07-03', 0, '2020-06-23 21:44:07', '2020-06-23 21:44:07'),
(606, 99, 5, 'Light Margherita Medium', 1, 19, 3, '2020-07-03', 0, '2020-06-23 21:44:07', '2020-06-23 21:44:07'),
(607, 99, 5, 'Light Margherita Medium', 1, 19, 4, '2020-07-03', 0, '2020-06-23 21:44:07', '2020-06-23 21:44:07'),
(608, 99, 6, 'Light Margherita Medium', 1, 19, 1, '2020-07-04', 0, '2020-06-23 21:44:07', '2020-06-23 21:44:07'),
(609, 99, 6, 'Light Margherita Medium', 1, 19, 2, '2020-07-04', 0, '2020-06-23 21:44:07', '2020-06-23 21:44:07'),
(610, 99, 6, 'Light Margherita Medium', 1, 19, 3, '2020-07-04', 0, '2020-06-23 21:44:07', '2020-06-23 21:44:07'),
(611, 99, 6, 'Light Margherita Medium', 1, 19, 4, '2020-07-04', 0, '2020-06-23 21:44:07', '2020-06-23 21:44:07'),
(612, 99, 7, 'Light Margherita Medium', 1, 19, 1, '2020-07-05', 0, '2020-06-23 21:44:07', '2020-06-23 21:44:07'),
(613, 99, 7, 'Light Margherita Medium', 1, 19, 2, '2020-07-05', 0, '2020-06-23 21:44:07', '2020-06-23 21:44:07'),
(614, 99, 7, 'Light Margherita Medium', 1, 19, 3, '2020-07-05', 0, '2020-06-23 21:44:07', '2020-06-23 21:44:07'),
(615, 99, 7, 'Light Margherita Medium', 1, 19, 4, '2020-07-05', 0, '2020-06-23 21:44:07', '2020-06-23 21:44:07'),
(616, 100, 1, 'Light Margherita Medium', 2, 19, 1, '2020-07-06', 0, '2020-06-23 21:45:27', '2020-06-23 21:45:27'),
(617, 100, 1, 'Light Margherita Medium', 2, 19, 2, '2020-07-06', 0, '2020-06-23 21:45:27', '2020-06-23 21:45:27'),
(618, 100, 1, 'Light Margherita Medium', 2, 19, 3, '2020-07-06', 0, '2020-06-23 21:45:27', '2020-06-23 21:45:27'),
(619, 101, 1, 'Light Margherita Medium', 1, 19, 1, '2020-06-29', 0, '2020-06-24 09:50:37', '2020-06-24 09:50:37'),
(620, 101, 2, 'Light Margherita Medium', 1, 19, 1, '2020-06-30', 0, '2020-06-24 09:50:37', '2020-06-24 09:50:37'),
(621, 101, 3, 'Light Margherita Medium', 1, 19, 1, '2020-07-01', 0, '2020-06-24 09:50:37', '2020-06-24 09:50:37'),
(622, 102, 1, 'Light Margherita Large', 1, 20, 1, '2020-06-29', 0, '2020-06-24 12:04:05', '2020-06-24 12:04:05'),
(623, 102, 4, 'Vegetarian Medium', 1, 23, 2, '2020-07-02', 0, '2020-06-24 12:04:05', '2020-06-24 12:04:05'),
(624, 103, 1, 'Light Margherita Medium', 1, 19, 1, '2020-06-29', 0, '2020-06-24 12:55:17', '2020-06-24 12:55:17'),
(625, 104, 1, 'Cajun Shrimp', 2, 36, 1, '2020-07-06', 0, '2020-06-24 14:27:25', '2020-06-24 14:27:25'),
(626, 104, 1, 'Chicken & Mushroom Large', 2, 26, 2, '2020-07-06', 0, '2020-06-24 14:27:25', '2020-06-24 14:27:25'),
(627, 104, 1, 'Grilled Steak With Mushroom Sauce', 2, 39, 3, '2020-07-06', 0, '2020-06-24 14:27:25', '2020-06-24 14:27:25'),
(628, 104, 2, 'Spaghetti Bolognese', 2, 34, 1, '2020-07-07', 0, '2020-06-24 14:27:25', '2020-06-24 14:27:25'),
(629, 104, 2, 'Tagliatelle Alfredo', 2, 33, 2, '2020-07-07', 0, '2020-06-24 14:27:25', '2020-06-24 14:27:25'),
(630, 104, 2, 'Penne Arrabiata', 2, 32, 3, '2020-07-07', 0, '2020-06-24 14:27:25', '2020-06-24 14:27:25'),
(631, 104, 3, 'Spaghetti Sea Food', 2, 35, 1, '2020-07-08', 0, '2020-06-24 14:27:25', '2020-06-24 14:27:25'),
(632, 104, 3, 'Grilled Beef Tenderloin', 2, 40, 2, '2020-07-08', 0, '2020-06-24 14:27:25', '2020-06-24 14:27:25'),
(633, 104, 3, 'Grilled Chicken Tortilla Wrap', 2, 49, 3, '2020-07-08', 0, '2020-06-24 14:27:25', '2020-06-24 14:27:25'),
(634, 104, 4, 'Risotto Vegetable', 2, 47, 1, '2020-07-09', 0, '2020-06-24 14:27:25', '2020-06-24 14:27:25'),
(635, 104, 4, 'Chicken with Lemon Sauce', 2, 44, 2, '2020-07-09', 0, '2020-06-24 14:27:25', '2020-06-24 14:27:25'),
(636, 104, 4, 'Lettuce Turkey Wrap', 2, 52, 3, '2020-07-09', 0, '2020-06-24 14:27:25', '2020-06-24 14:27:25'),
(637, 104, 5, 'Grilled Chicken Breast', 2, 41, 1, '2020-07-10', 0, '2020-06-24 14:27:25', '2020-06-24 14:27:25'),
(638, 104, 5, 'Light Tuna Wrap', 2, 51, 2, '2020-07-10', 0, '2020-06-24 14:27:25', '2020-06-24 14:27:25'),
(639, 104, 5, 'Lettuce Beef Wrap', 2, 58, 3, '2020-07-10', 0, '2020-06-24 14:27:25', '2020-06-24 14:27:25'),
(640, 104, 6, 'Grilled Steak With Mushroom Sauce', 2, 39, 1, '2020-07-11', 0, '2020-06-24 14:27:25', '2020-06-24 14:27:25'),
(641, 104, 6, 'Grilled Salmon Fillet Fish', 2, 42, 2, '2020-07-11', 0, '2020-06-24 14:27:25', '2020-06-24 14:27:25'),
(642, 104, 6, 'Light Option Salad', 2, 95, 3, '2020-07-11', 0, '2020-06-24 14:27:25', '2020-06-24 14:27:25'),
(643, 104, 7, 'Beef Tenderloin Large', 2, 28, 2, '2020-07-12', 0, '2020-06-24 14:27:25', '2020-06-24 14:27:25'),
(644, 104, 7, 'Low Carb Halloumi Wrap', 2, 53, 1, '2020-07-12', 0, '2020-06-24 14:27:25', '2020-06-24 14:27:25'),
(645, 105, 1, 'Al Funghi Large', 1, 22, 1, '2020-06-29', 0, '2020-06-24 15:05:39', '2020-06-24 15:05:39'),
(646, 105, 3, 'Grilled Hamour & Spinach', 1, 37, 1, '2020-07-01', 0, '2020-06-24 15:05:39', '2020-06-24 15:05:39'),
(647, 105, 4, 'Grilled Chicken Breast', 1, 41, 1, '2020-07-02', 0, '2020-06-24 15:05:39', '2020-06-24 15:05:39'),
(648, 105, 5, 'Grilled Steak With Mushroom Sauce', 1, 39, 1, '2020-07-03', 0, '2020-06-24 15:05:39', '2020-06-24 15:05:39'),
(649, 105, 6, 'Chicken with Lemon Sauce', 1, 44, 1, '2020-07-04', 0, '2020-06-24 15:05:39', '2020-06-24 15:05:39'),
(650, 105, 7, 'Vegetarian Medium', 1, 23, 1, '2020-07-05', 0, '2020-06-24 15:05:39', '2020-06-24 15:05:39'),
(651, 105, 1, 'Fettuccine & Veggie', 1, 31, 2, '2020-06-29', 0, '2020-06-24 15:05:39', '2020-06-24 15:05:39'),
(652, 105, 2, 'Al Funghi Large', 1, 22, 2, '2020-06-30', 0, '2020-06-24 15:05:39', '2020-06-24 15:05:39'),
(653, 105, 3, 'Tagliatelle Alfredo', 1, 33, 2, '2020-07-01', 0, '2020-06-24 15:05:39', '2020-06-24 15:05:39'),
(654, 105, 4, 'Risotto Mushroom', 1, 46, 2, '2020-07-02', 0, '2020-06-24 15:05:39', '2020-06-24 15:05:39'),
(655, 105, 6, 'Chicken & Mushroom Large', 1, 26, 2, '2020-07-04', 0, '2020-06-24 15:05:39', '2020-06-24 15:05:39'),
(656, 105, 7, 'Vegetarian Large', 1, 24, 2, '2020-07-05', 0, '2020-06-24 15:05:39', '2020-06-24 15:05:39'),
(657, 105, 1, 'Lettuce Chicken Caesar Wrap', 1, 54, 3, '2020-06-29', 0, '2020-06-24 15:05:39', '2020-06-24 15:05:39'),
(658, 105, 2, 'Grilled Light Halloume Wrap', 1, 50, 1, '2020-06-30', 0, '2020-06-24 15:05:39', '2020-06-24 15:05:39'),
(659, 105, 2, 'Grilled Beef & Pepper Wrap', 1, 56, 3, '2020-06-30', 0, '2020-06-24 15:05:39', '2020-06-24 15:05:39'),
(660, 105, 3, 'Steamed Seasonal Vegetables', 1, 60, 3, '2020-07-01', 0, '2020-06-24 15:05:39', '2020-06-24 15:05:39'),
(661, 105, 4, 'Mashed Potatoes', 1, 75, 3, '2020-07-02', 0, '2020-06-24 15:05:39', '2020-06-24 15:05:39'),
(662, 105, 5, 'Grilled Beef & Pepper Wrap', 1, 56, 3, '2020-07-03', 0, '2020-06-24 15:05:39', '2020-06-24 15:05:39'),
(663, 105, 6, 'Smoked Turkey & Rocket Wrap', 1, 57, 3, '2020-07-04', 0, '2020-06-24 15:05:39', '2020-06-24 15:05:39'),
(664, 105, 7, 'Light Tuna Wrap', 1, 51, 3, '2020-07-05', 0, '2020-06-24 15:05:39', '2020-06-24 15:05:39'),
(665, 105, 5, 'Beef Tenderloin Large', 1, 28, 2, '2020-07-03', 0, '2020-06-24 15:05:39', '2020-06-24 15:05:39'),
(666, 106, 1, 'Light Margherita Medium', 1, 19, 1, '2020-06-29', 1, '2020-06-24 15:14:26', '2020-06-24 10:31:36'),
(667, 106, 1, 'Light Margherita Medium', 1, 19, 2, '2020-06-29', 1, '2020-06-24 15:14:26', '2020-06-24 10:31:42'),
(668, 106, 1, 'Light Margherita Large', 1, 20, 3, '2020-06-29', 1, '2020-06-24 15:14:26', '2020-06-24 10:31:44'),
(669, 106, 1, 'Al Funghi Medium', 1, 21, 4, '2020-06-29', 1, '2020-06-24 15:14:26', '2020-06-24 10:31:48'),
(670, 106, 2, 'Grilled Hamour & Spinach', 1, 37, 1, '2020-06-30', 0, '2020-06-24 15:14:26', '2020-06-24 15:14:26'),
(671, 106, 2, 'Grilled Chicken Tortilla Wrap', 1, 49, 2, '2020-06-30', 0, '2020-06-24 15:14:26', '2020-06-24 15:14:26'),
(672, 106, 2, 'Vegetarian Medium', 1, 23, 3, '2020-06-30', 0, '2020-06-24 15:14:26', '2020-06-24 15:14:26'),
(673, 106, 2, 'Grilled Steak With Mushroom Sauce', 1, 39, 4, '2020-06-30', 0, '2020-06-24 15:14:26', '2020-06-24 15:14:26'),
(674, 106, 3, 'Grilled Steak With Mushroom Sauce', 1, 39, 1, '2020-07-01', 0, '2020-06-24 15:14:26', '2020-06-24 15:14:26'),
(675, 106, 3, 'Penne Arrabiata', 1, 32, 2, '2020-07-01', 0, '2020-06-24 15:14:26', '2020-06-24 15:14:26'),
(676, 106, 3, 'Chicken with Lemon Sauce', 1, 44, 3, '2020-07-01', 0, '2020-06-24 15:14:26', '2020-06-24 15:14:26'),
(677, 106, 3, 'Light Margherita Medium', 1, 19, 4, '2020-07-01', 0, '2020-06-24 15:14:26', '2020-06-24 15:14:26'),
(678, 106, 4, 'Grilled Chicken Tortilla Wrap', 1, 49, 1, '2020-07-02', 0, '2020-06-24 15:14:26', '2020-06-24 15:14:26'),
(679, 106, 4, 'Cajun Shrimp', 1, 36, 2, '2020-07-02', 0, '2020-06-24 15:14:26', '2020-06-24 15:14:26'),
(680, 106, 4, 'Grilled Light Halloume Wrap', 1, 50, 3, '2020-07-02', 0, '2020-06-24 15:14:26', '2020-06-24 15:14:26'),
(681, 106, 4, 'Lettuce Turkey Wrap', 1, 52, 4, '2020-07-02', 0, '2020-06-24 15:14:26', '2020-06-24 15:14:26'),
(682, 106, 5, 'Grilled Steak With Mushroom Sauce', 1, 39, 1, '2020-07-03', 0, '2020-06-24 15:14:26', '2020-06-24 15:14:26'),
(683, 106, 5, 'Light Margherita Medium', 1, 19, 2, '2020-07-03', 0, '2020-06-24 15:14:26', '2020-06-24 15:14:26'),
(684, 106, 5, 'Grilled Chicken Breast', 1, 41, 3, '2020-07-03', 0, '2020-06-24 15:14:26', '2020-06-24 15:14:26'),
(685, 106, 5, 'Italian rice', 1, 45, 4, '2020-07-03', 0, '2020-06-24 15:14:26', '2020-06-24 15:14:26'),
(686, 106, 6, 'Grilled Chicken Breast', 1, 41, 1, '2020-07-04', 0, '2020-06-24 15:14:26', '2020-06-24 15:14:26'),
(687, 106, 6, 'Al Funghi Medium', 1, 21, 2, '2020-07-04', 0, '2020-06-24 15:14:26', '2020-06-24 15:14:26'),
(688, 106, 6, 'Grilled Chicken Tortilla Wrap', 1, 49, 3, '2020-07-04', 0, '2020-06-24 15:14:26', '2020-06-24 15:14:26'),
(689, 106, 6, 'Vegetarian Medium', 1, 23, 4, '2020-07-04', 0, '2020-06-24 15:14:26', '2020-06-24 15:14:26'),
(690, 106, 7, 'Italian rice', 1, 45, 1, '2020-07-05', 0, '2020-06-24 15:14:26', '2020-06-24 15:14:26'),
(691, 106, 7, 'Light Margherita Large', 1, 20, 2, '2020-07-05', 0, '2020-06-24 15:14:26', '2020-06-24 15:14:26'),
(692, 106, 7, 'Grilled Hammour Fillet Fish', 1, 43, 3, '2020-07-05', 0, '2020-06-24 15:14:26', '2020-06-24 15:14:26'),
(693, 106, 7, 'Vegetarian Medium', 1, 23, 4, '2020-07-05', 0, '2020-06-24 15:14:26', '2020-06-24 15:14:26'),
(694, 107, 1, 'Light Margherita Medium', 1, 19, 1, '2020-06-29', 0, '2020-06-24 17:02:38', '2020-06-24 17:02:38'),
(695, 108, 1, 'Light Margherita Large', 1, 20, 1, '2020-06-29', 0, '2020-06-25 01:38:48', '2020-06-25 01:38:48'),
(696, 108, 2, 'Beef Stroganoff', 1, 71, 1, '2020-06-30', 0, '2020-06-25 01:38:48', '2020-06-25 01:38:48'),
(697, 108, 3, 'Grilled Steak With Mushroom Sauce', 1, 39, 2, '2020-07-01', 0, '2020-06-25 01:38:48', '2020-06-25 01:38:48'),
(698, 108, 6, 'Brown Rice', 1, 74, 3, '2020-07-04', 0, '2020-06-25 01:38:48', '2020-06-25 01:38:48'),
(699, 108, 3, 'Light Caesar Salad with Chicken', 2, 91, 1, '2020-07-08', 0, '2020-06-25 01:38:48', '2020-06-25 01:38:48'),
(700, 108, 6, 'Beef Skewer', 2, 81, 2, '2020-07-11', 0, '2020-06-25 01:38:48', '2020-06-25 01:38:48'),
(701, 108, 3, 'Al Funghi Large', 2, 22, 3, '2020-07-08', 0, '2020-06-25 01:38:48', '2020-06-25 01:38:48'),
(702, 108, 6, 'Orange Strawberry Smoothie 330Ml', 3, 135, 1, '2020-07-18', 0, '2020-06-25 01:38:48', '2020-06-25 01:38:48'),
(703, 108, 5, 'Mango Frozen', 3, 133, 4, '2020-07-17', 0, '2020-06-25 01:38:48', '2020-06-25 01:38:48'),
(704, 109, 2, 'Light Margherita Medium', 1, 19, 2, '2020-06-30', 0, '2020-06-25 13:13:02', '2020-06-25 13:13:02'),
(705, 109, 4, 'Light Margherita Medium', 1, 19, 2, '2020-07-02', 0, '2020-06-25 13:13:02', '2020-06-25 13:13:02'),
(706, 110, 1, 'Light Margherita Medium', 2, 19, 1, '2020-07-06', 0, '2020-06-25 13:15:38', '2020-06-25 13:15:38'),
(707, 111, 1, 'Light Margherita Medium', 1, 19, 1, '2020-06-29', 0, '2020-06-25 13:27:07', '2020-06-25 13:27:07'),
(708, 111, 2, 'Al Funghi Medium', 1, 21, 2, '2020-06-30', 0, '2020-06-25 13:27:07', '2020-06-25 13:27:07'),
(709, 111, 3, 'Lettuce Chicken Caesar Wrap', 1, 54, 3, '2020-07-01', 0, '2020-06-25 13:27:07', '2020-06-25 13:27:07'),
(710, 111, 4, 'Grilled Chicken Tortilla Wrap', 1, 49, 2, '2020-07-02', 0, '2020-06-25 13:27:07', '2020-06-25 13:27:07'),
(711, 111, 5, 'Spaghetti Sea Food', 1, 35, 2, '2020-07-03', 0, '2020-06-25 13:27:07', '2020-06-25 13:27:07'),
(712, 111, 6, 'Vegetarian Large', 1, 24, 2, '2020-07-04', 0, '2020-06-25 13:27:07', '2020-06-25 13:27:07'),
(713, 111, 7, 'Light Margherita Medium', 1, 19, 2, '2020-07-05', 0, '2020-06-25 13:27:07', '2020-06-25 13:27:07'),
(714, 112, 4, 'Light Option Salad', 1, 95, 3, '2020-07-09', 0, '2020-07-02 01:40:28', '2020-07-02 01:40:28'),
(715, 112, 3, 'Light Margherita Medium', 1, 19, 2, '2020-07-08', 0, '2020-07-02 01:40:28', '2020-07-02 01:40:28'),
(716, 113, 1, 'Al Funghi Large', 1, 22, 1, '2020-08-10', 0, '2020-08-06 13:23:23', '2020-08-06 13:23:23'),
(717, 113, 2, 'Vegetarian Medium', 1, 23, 2, '2020-08-11', 0, '2020-08-06 13:23:23', '2020-08-06 13:23:23'),
(718, 113, 3, 'Low Carb Halloumi Wrap', 1, 53, 3, '2020-08-12', 0, '2020-08-06 13:23:23', '2020-08-06 13:23:23'),
(719, 113, 4, 'Vegetarian Medium', 1, 23, 4, '2020-08-13', 0, '2020-08-06 13:23:23', '2020-08-06 13:23:23'),
(720, 113, 5, 'Pepperoni & Olive Medium', 1, 29, 3, '2020-08-14', 0, '2020-08-06 13:23:23', '2020-08-06 13:23:23'),
(721, 113, 6, 'Cajun Shrimp', 1, 36, 2, '2020-08-15', 0, '2020-08-06 13:23:23', '2020-08-06 13:23:23'),
(722, 113, 7, 'Grilled Hammour Fillet Fish', 1, 43, 1, '2020-08-16', 0, '2020-08-06 13:23:23', '2020-08-06 13:23:23'),
(723, 114, 1, 'Vegetarian Medium', 1, 23, 2, '2021-03-22', 0, '2021-03-17 01:15:12', '2021-03-17 01:15:12');

-- --------------------------------------------------------

--
-- Table structure for table `mealhelps`
--

CREATE TABLE `mealhelps` (
  `id` bigint(20) NOT NULL,
  `created_at` timestamp NOT NULL DEFAULT CURRENT_TIMESTAMP,
  `updated_at` timestamp NOT NULL DEFAULT CURRENT_TIMESTAMP ON UPDATE CURRENT_TIMESTAMP
) ENGINE=InnoDB DEFAULT CHARSET=utf8mb4;

--
-- Dumping data for table `mealhelps`
--

INSERT INTO `mealhelps` (`id`, `created_at`, `updated_at`) VALUES
(2261, '2020-04-11 06:51:27', '2021-03-17 06:15:12');

-- --------------------------------------------------------

--
-- Table structure for table `mealplans`
--

CREATE TABLE `mealplans` (
  `id` int(11) NOT NULL,
  `meal_name` varchar(255) DEFAULT NULL,
  `meal_days` int(11) NOT NULL,
  `starting_date` date NOT NULL,
  `meal_image` text,
  `created_at` timestamp NOT NULL DEFAULT CURRENT_TIMESTAMP,
  `updated_at` timestamp NOT NULL DEFAULT CURRENT_TIMESTAMP ON UPDATE CURRENT_TIMESTAMP
) ENGINE=InnoDB DEFAULT CHARSET=utf8mb4;

--
-- Dumping data for table `mealplans`
--

INSERT INTO `mealplans` (`id`, `meal_name`, `meal_days`, `starting_date`, `meal_image`, `created_at`, `updated_at`) VALUES
(52, NULL, 7, '2020-06-22', NULL, '2020-06-21 03:04:05', '2020-06-21 03:04:05'),
(53, NULL, 14, '2020-06-29', NULL, '2020-06-22 12:32:41', '2020-06-22 12:32:41'),
(54, NULL, 14, '2020-06-29', NULL, '2020-06-22 13:55:35', '2020-06-22 13:55:35'),
(55, NULL, 7, '2020-06-29', NULL, '2020-06-22 15:23:17', '2020-06-22 15:23:17'),
(56, NULL, 7, '2020-06-29', NULL, '2020-06-22 18:28:53', '2020-06-22 18:28:53'),
(57, NULL, 7, '2020-06-29', NULL, '2020-06-22 18:45:50', '2020-06-22 18:45:50'),
(58, NULL, 14, '2020-06-29', NULL, '2020-06-22 19:58:12', '2020-06-22 19:58:12'),
(59, NULL, 14, '2020-06-29', NULL, '2020-06-22 20:24:24', '2020-06-22 20:24:24'),
(60, NULL, 14, '2020-06-29', NULL, '2020-06-22 21:17:27', '2020-06-22 21:17:27'),
(61, NULL, 28, '2020-06-29', NULL, '2020-06-22 21:31:45', '2020-06-22 21:31:45'),
(62, NULL, 14, '2020-06-29', NULL, '2020-06-22 21:33:08', '2020-06-22 21:33:08'),
(63, NULL, 14, '2020-06-29', NULL, '2020-06-22 21:33:46', '2020-06-22 21:33:46'),
(64, NULL, 14, '2020-06-29', NULL, '2020-06-22 21:34:45', '2020-06-22 21:34:45'),
(65, NULL, 14, '2020-06-29', NULL, '2020-06-22 21:36:29', '2020-06-22 21:36:29'),
(66, NULL, 28, '2020-06-29', NULL, '2020-06-22 22:00:03', '2020-06-22 22:00:03'),
(67, NULL, 14, '2020-06-29', NULL, '2020-06-22 22:02:08', '2020-06-22 22:02:08'),
(68, NULL, 14, '2020-06-29', NULL, '2020-06-22 22:08:25', '2020-06-22 22:08:25'),
(69, NULL, 7, '2020-06-29', NULL, '2020-06-22 22:15:57', '2020-06-22 22:15:57'),
(70, NULL, 7, '2020-06-29', NULL, '2020-06-22 22:23:33', '2020-06-22 22:23:33'),
(71, NULL, 7, '2020-06-29', NULL, '2020-06-22 22:30:14', '2020-06-22 22:30:14'),
(72, NULL, 7, '2020-06-29', NULL, '2020-06-23 00:29:31', '2020-06-23 00:29:31'),
(73, NULL, 14, '2020-06-29', NULL, '2020-06-23 00:35:42', '2020-06-23 00:35:42'),
(74, NULL, 14, '2020-06-29', NULL, '2020-06-23 00:54:26', '2020-06-23 00:54:26'),
(75, NULL, 14, '2020-06-29', NULL, '2020-06-23 03:12:52', '2020-06-23 03:12:52'),
(76, NULL, 7, '2020-06-29', NULL, '2020-06-23 10:27:47', '2020-06-23 10:27:47'),
(77, NULL, 7, '2020-06-29', NULL, '2020-06-23 12:46:44', '2020-06-23 12:46:44'),
(78, NULL, 7, '2020-06-29', NULL, '2020-06-23 12:47:33', '2020-06-23 12:47:33'),
(79, NULL, 7, '2020-06-29', NULL, '2020-06-23 12:48:11', '2020-06-23 12:48:11'),
(80, NULL, 7, '2020-06-29', NULL, '2020-06-23 12:49:13', '2020-06-23 12:49:13'),
(81, NULL, 14, '2020-06-29', NULL, '2020-06-23 13:03:36', '2020-06-23 13:03:36'),
(82, NULL, 7, '2020-06-29', NULL, '2020-06-23 14:24:23', '2020-06-23 14:24:23'),
(83, NULL, 28, '2020-06-29', NULL, '2020-06-23 14:57:29', '2020-06-23 14:57:29'),
(84, NULL, 14, '2020-06-29', NULL, '2020-06-23 15:00:40', '2020-06-23 15:00:40'),
(85, NULL, 7, '2020-06-29', NULL, '2020-06-23 15:30:34', '2020-06-23 15:30:34'),
(86, NULL, 7, '2020-06-29', NULL, '2020-06-23 15:33:18', '2020-06-23 15:33:18'),
(87, NULL, 14, '2020-06-29', NULL, '2020-06-23 15:35:34', '2020-06-23 15:35:34'),
(88, NULL, 7, '2020-06-29', NULL, '2020-06-23 15:39:35', '2020-06-23 15:39:35'),
(89, NULL, 7, '2020-06-29', NULL, '2020-06-23 15:52:03', '2020-06-23 15:52:03'),
(90, NULL, 7, '2020-06-29', NULL, '2020-06-23 15:53:01', '2020-06-23 15:53:01'),
(91, NULL, 14, '2020-06-29', NULL, '2020-06-23 16:03:53', '2020-06-23 16:03:53'),
(92, NULL, 14, '2020-06-29', NULL, '2020-06-23 16:20:06', '2020-06-23 16:20:06'),
(93, NULL, 14, '2020-06-29', NULL, '2020-06-23 16:46:28', '2020-06-23 16:46:28'),
(94, NULL, 14, '2020-06-29', NULL, '2020-06-23 17:11:23', '2020-06-23 17:11:23'),
(95, NULL, 14, '2020-06-29', NULL, '2020-06-23 17:19:32', '2020-06-23 17:19:32'),
(96, NULL, 14, '2020-06-29', NULL, '2020-06-23 18:28:10', '2020-06-23 18:28:10'),
(97, NULL, 14, '2020-06-29', NULL, '2020-06-23 18:37:58', '2020-06-23 18:37:58'),
(98, NULL, 28, '2020-06-29', NULL, '2020-06-23 19:25:40', '2020-06-23 19:25:40'),
(99, NULL, 14, '2020-06-29', NULL, '2020-06-23 21:44:07', '2020-06-23 21:44:07'),
(100, NULL, 14, '2020-06-29', NULL, '2020-06-23 21:45:27', '2020-06-23 21:45:27'),
(101, NULL, 7, '2020-06-29', NULL, '2020-06-24 09:50:37', '2020-06-24 09:50:37'),
(102, NULL, 7, '2020-06-29', NULL, '2020-06-24 12:04:05', '2020-06-24 12:04:05'),
(103, NULL, 7, '2020-06-29', NULL, '2020-06-24 12:55:17', '2020-06-24 12:55:17'),
(104, NULL, 14, '2020-06-29', NULL, '2020-06-24 14:27:25', '2020-06-24 14:27:25'),
(105, NULL, 14, '2020-06-29', NULL, '2020-06-24 15:05:38', '2020-06-24 15:05:38'),
(106, NULL, 7, '2020-06-29', NULL, '2020-06-24 15:14:26', '2020-06-24 15:14:26'),
(107, NULL, 7, '2020-06-29', NULL, '2020-06-24 17:02:38', '2020-06-24 17:02:38'),
(108, NULL, 21, '2020-06-29', NULL, '2020-06-25 01:38:48', '2020-06-25 01:38:48'),
(109, NULL, 7, '2020-06-29', NULL, '2020-06-25 13:13:02', '2020-06-25 13:13:02'),
(110, NULL, 14, '2020-06-29', NULL, '2020-06-25 13:15:38', '2020-06-25 13:15:38'),
(111, NULL, 7, '2020-06-29', NULL, '2020-06-25 13:27:07', '2020-06-25 13:27:07'),
(112, NULL, 7, '2020-07-06', NULL, '2020-07-02 01:40:28', '2020-07-02 01:40:28'),
(113, NULL, 7, '2020-08-10', NULL, '2020-08-06 13:23:23', '2020-08-06 13:23:23'),
(114, NULL, 7, '2021-03-22', NULL, '2021-03-17 01:15:12', '2021-03-17 01:15:12');

-- --------------------------------------------------------

--
-- Table structure for table `migrations`
--

CREATE TABLE `migrations` (
  `id` int(10) UNSIGNED NOT NULL,
  `migration` varchar(191) COLLATE utf8mb4_unicode_ci NOT NULL,
  `batch` int(11) NOT NULL
) ENGINE=InnoDB DEFAULT CHARSET=utf8mb4 COLLATE=utf8mb4_unicode_ci;

--
-- Dumping data for table `migrations`
--

INSERT INTO `migrations` (`id`, `migration`, `batch`) VALUES
(1, '2014_10_12_000000_create_users_table', 1),
(2, '2014_10_12_100000_create_password_resets_table', 1),
(3, '2019_04_16_053944_create_admins_table', 1),
(4, '2019_05_05_044544_create_general_settings_table', 1),
(5, '2019_05_20_045031_create_front_end_settings_table', 1),
(6, '2019_05_20_053137_create_about_settings_table', 1),
(7, '2019_05_20_063403_create_testimonials_table', 1),
(8, '2019_05_20_074016_create_food_categories_table', 1),
(9, '2019_05_21_050531_create_food_items_table', 1),
(10, '2019_05_21_081551_create_our_chefs_table', 1),
(11, '2019_05_21_093949_create_blog_categories_table', 1),
(12, '2019_05_21_100940_create_blog_posts_table', 1),
(13, '2019_05_22_065857_create_reservations_table', 1),
(14, '2019_05_22_082638_create_food_galleries_table', 1),
(15, '2019_05_22_100754_create_events_table', 1),
(16, '2019_05_23_044308_create_contacts_table', 1),
(17, '2019_05_27_062023_create_orders_table', 1),
(18, '2019_06_29_134716_create_languages_table', 1),
(19, '2019_07_02_050441_create_social_settings_table', 1),
(20, '2019_07_02_051709_create_counters_table', 1);

-- --------------------------------------------------------

--
-- Table structure for table `orderplans`
--

CREATE TABLE `orderplans` (
  `id` int(11) NOT NULL,
  `order_id` int(11) NOT NULL,
  `user_id` int(11) NOT NULL,
  `plan_id` int(11) NOT NULL,
  `day_id` int(11) NOT NULL,
  `food_item_id` int(11) NOT NULL,
  `food_type_id` int(11) NOT NULL,
  `order_status` int(11) NOT NULL,
  `order_date` date DEFAULT NULL,
  `created_at` timestamp NOT NULL DEFAULT CURRENT_TIMESTAMP,
  `updated_at` timestamp NOT NULL DEFAULT CURRENT_TIMESTAMP ON UPDATE CURRENT_TIMESTAMP
) ENGINE=InnoDB DEFAULT CHARSET=utf8mb4;

--
-- Dumping data for table `orderplans`
--

INSERT INTO `orderplans` (`id`, `order_id`, `user_id`, `plan_id`, `day_id`, `food_item_id`, `food_type_id`, `order_status`, `order_date`, `created_at`, `updated_at`) VALUES
(145, 338, 10, 21, 7, 27, 1, 0, '2020-07-04', '2020-06-24 13:05:50', '2020-06-24 13:05:50'),
(146, 338, 10, 21, 7, 40, 2, 0, '2020-07-04', '2020-06-24 13:05:50', '2020-06-24 13:05:50'),
(147, 338, 10, 21, 7, 116, 3, 0, '2020-07-04', '2020-06-24 13:05:50', '2020-06-24 13:05:50'),
(148, 338, 10, 21, 7, 84, 4, 0, '2020-07-04', '2020-06-24 13:05:50', '2020-06-24 13:05:50'),
(149, 338, 10, 21, 7, 42, 4, 0, '2020-07-04', '2020-06-24 13:05:50', '2020-06-24 13:05:50'),
(150, 338, 10, 21, 1, 58, 1, 0, '2020-07-05', '2020-06-24 13:05:50', '2020-06-24 13:05:50'),
(151, 338, 10, 21, 1, 39, 2, 0, '2020-07-05', '2020-06-24 13:05:50', '2020-06-24 13:05:50'),
(152, 338, 10, 21, 2, 52, 1, 0, '2020-06-29', '2020-06-24 13:05:50', '2020-06-24 13:05:50'),
(153, 338, 10, 21, 2, 32, 4, 0, '2020-06-29', '2020-06-24 13:05:50', '2020-06-24 13:05:50'),
(154, 338, 10, 21, 3, 78, 3, 0, '2020-06-30', '2020-06-24 13:05:50', '2020-06-24 13:05:50'),
(155, 338, 10, 21, 4, 31, 1, 0, '2020-07-01', '2020-06-24 13:05:50', '2020-06-24 13:05:50'),
(156, 338, 10, 21, 4, 95, 2, 0, '2020-07-01', '2020-06-24 13:05:50', '2020-06-24 13:05:50'),
(157, 338, 10, 21, 4, 37, 3, 0, '2020-07-01', '2020-06-24 13:05:50', '2020-06-24 13:05:50'),
(158, 338, 10, 21, 4, 103, 4, 0, '2020-07-01', '2020-06-24 13:05:50', '2020-06-24 13:05:50'),
(159, 338, 10, 21, 6, 26, 4, 0, '2020-07-03', '2020-06-24 13:05:50', '2020-06-24 13:05:50'),
(160, 338, 10, 21, 5, 25, 1, 0, '2020-07-02', '2020-06-24 13:05:50', '2020-06-24 13:05:50'),
(161, 338, 10, 21, 5, 72, 3, 0, '2020-07-02', '2020-06-24 13:05:50', '2020-06-24 13:05:50');

-- --------------------------------------------------------

--
-- Table structure for table `orderplansoptions`
--

CREATE TABLE `orderplansoptions` (
  `id` int(11) NOT NULL,
  `order_id` int(11) NOT NULL,
  `user_id` int(11) NOT NULL,
  `planoption_id` int(11) NOT NULL,
  `food_type_id` int(11) NOT NULL,
  `order_status` int(11) NOT NULL,
  `created_at` timestamp NOT NULL DEFAULT CURRENT_TIMESTAMP,
  `updated_at` timestamp NOT NULL DEFAULT CURRENT_TIMESTAMP
) ENGINE=InnoDB DEFAULT CHARSET=utf8mb4;

--
-- Dumping data for table `orderplansoptions`
--

INSERT INTO `orderplansoptions` (`id`, `order_id`, `user_id`, `planoption_id`, `food_type_id`, `order_status`, `created_at`, `updated_at`) VALUES
(103, 305, 39, 18, 1, 0, '2020-06-21 14:12:40', '2020-06-21 14:12:40'),
(104, 305, 39, 18, 1, 0, '2020-06-21 14:12:40', '2020-06-21 14:12:40'),
(105, 305, 39, 18, 1, 0, '2020-06-21 14:12:40', '2020-06-21 14:12:40'),
(106, 305, 39, 18, 1, 0, '2020-06-21 14:12:40', '2020-06-21 14:12:40'),
(107, 305, 39, 18, 1, 0, '2020-06-21 14:12:40', '2020-06-21 14:12:40'),
(108, 311, 10, 21, 1, 1, '2020-06-22 13:56:41', '2020-06-22 13:56:41'),
(109, 311, 10, 21, 1, 1, '2020-06-22 13:56:41', '2020-06-22 13:56:41'),
(110, 311, 10, 21, 1, 1, '2020-06-22 13:56:41', '2020-06-22 13:56:41'),
(111, 311, 10, 21, 1, 1, '2020-06-22 13:56:41', '2020-06-22 13:56:41'),
(112, 311, 10, 21, 1, 1, '2020-06-22 13:56:41', '2020-06-22 13:56:41'),
(113, 315, 8, 30, 1, 1, '2020-06-22 20:28:07', '2020-06-22 20:28:07'),
(114, 315, 8, 30, 2, 1, '2020-06-22 20:28:07', '2020-06-22 20:28:07'),
(115, 315, 8, 30, 4, 1, '2020-06-22 20:28:07', '2020-06-22 20:28:07'),
(116, 315, 8, 30, 2, 1, '2020-06-22 20:28:07', '2020-06-22 20:28:07'),
(117, 315, 8, 30, 1, 1, '2020-06-22 20:28:07', '2020-06-22 20:28:07'),
(118, 315, 8, 30, 3, 1, '2020-06-22 20:28:07', '2020-06-22 20:28:07'),
(119, 315, 8, 30, 3, 1, '2020-06-22 20:28:07', '2020-06-22 20:28:07'),
(120, 321, 10, 19, 1, 1, '2020-06-22 22:11:41', '2020-06-22 22:11:41'),
(121, 321, 10, 19, 1, 1, '2020-06-22 22:11:41', '2020-06-22 22:11:41'),
(122, 321, 10, 19, 1, 1, '2020-06-22 22:11:41', '2020-06-22 22:11:41'),
(123, 321, 10, 19, 1, 1, '2020-06-22 22:11:41', '2020-06-22 22:11:41'),
(124, 321, 10, 19, 1, 1, '2020-06-22 22:11:41', '2020-06-22 22:11:41');

-- --------------------------------------------------------

--
-- Table structure for table `orders`
--

CREATE TABLE `orders` (
  `id` bigint(20) UNSIGNED NOT NULL,
  `invoice_no` text COLLATE utf8mb4_unicode_ci,
  `food_id` int(191) DEFAULT NULL,
  `addon_id` varchar(255) COLLATE utf8mb4_unicode_ci DEFAULT NULL,
  `product_type` varchar(65) COLLATE utf8mb4_unicode_ci DEFAULT NULL,
  `users_id` int(11) DEFAULT NULL,
  `c_quantity` int(11) DEFAULT NULL,
  `price` decimal(65,3) DEFAULT NULL,
  `location` varchar(255) COLLATE utf8mb4_unicode_ci DEFAULT NULL,
  `c_payment` varchar(50) COLLATE utf8mb4_unicode_ci DEFAULT NULL,
  `planoption_id` int(11) DEFAULT NULL,
  `meal_id` int(11) NOT NULL DEFAULT '0',
  `meal_name` varchar(255) COLLATE utf8mb4_unicode_ci DEFAULT NULL,
  `deliverydate` date DEFAULT NULL,
  `status` varchar(191) COLLATE utf8mb4_unicode_ci NOT NULL DEFAULT '0',
  `bill_fname` varchar(30) COLLATE utf8mb4_unicode_ci DEFAULT NULL,
  `bill_lname` varchar(30) COLLATE utf8mb4_unicode_ci DEFAULT NULL,
  `companyname` varchar(30) COLLATE utf8mb4_unicode_ci DEFAULT NULL,
  `bill_country` varchar(10) COLLATE utf8mb4_unicode_ci DEFAULT NULL,
  `bill_street` varchar(50) COLLATE utf8mb4_unicode_ci DEFAULT NULL,
  `bill_appartment` varchar(50) COLLATE utf8mb4_unicode_ci DEFAULT NULL,
  `bill_town` text COLLATE utf8mb4_unicode_ci,
  `bill_zip` varchar(10) COLLATE utf8mb4_unicode_ci DEFAULT NULL,
  `bill_phone` varchar(25) COLLATE utf8mb4_unicode_ci DEFAULT NULL,
  `bill_email` varchar(50) COLLATE utf8mb4_unicode_ci DEFAULT NULL,
  `ship_fname` varchar(30) COLLATE utf8mb4_unicode_ci DEFAULT NULL,
  `ship_lname` varchar(30) COLLATE utf8mb4_unicode_ci DEFAULT NULL,
  `ship_company` varchar(30) COLLATE utf8mb4_unicode_ci DEFAULT NULL,
  `ship_country` varchar(10) COLLATE utf8mb4_unicode_ci DEFAULT NULL,
  `ship_appartment` varchar(40) COLLATE utf8mb4_unicode_ci DEFAULT NULL,
  `ship_street` varchar(50) COLLATE utf8mb4_unicode_ci DEFAULT NULL,
  `ship_town` varchar(50) COLLATE utf8mb4_unicode_ci DEFAULT NULL,
  `ship_zip` varchar(10) COLLATE utf8mb4_unicode_ci DEFAULT NULL,
  `ship_phone` varchar(25) COLLATE utf8mb4_unicode_ci DEFAULT NULL,
  `ship_email` varchar(50) COLLATE utf8mb4_unicode_ci DEFAULT NULL,
  `notes` varchar(100) COLLATE utf8mb4_unicode_ci DEFAULT NULL,
  `created_at` timestamp NULL DEFAULT CURRENT_TIMESTAMP,
  `updated_at` timestamp NULL DEFAULT CURRENT_TIMESTAMP
) ENGINE=InnoDB DEFAULT CHARSET=utf8mb4 COLLATE=utf8mb4_unicode_ci;

--
-- Dumping data for table `orders`
--

INSERT INTO `orders` (`id`, `invoice_no`, `food_id`, `addon_id`, `product_type`, `users_id`, `c_quantity`, `price`, `location`, `c_payment`, `planoption_id`, `meal_id`, `meal_name`, `deliverydate`, `status`, `bill_fname`, `bill_lname`, `companyname`, `bill_country`, `bill_street`, `bill_appartment`, `bill_town`, `bill_zip`, `bill_phone`, `bill_email`, `ship_fname`, `ship_lname`, `ship_company`, `ship_country`, `ship_appartment`, `ship_street`, `ship_town`, `ship_zip`, `ship_phone`, `ship_email`, `notes`, `created_at`, `updated_at`) VALUES
(300, 'LTMOM-000000', 1316, '', 'meal', 22, 1, '23.600', '2', '0', 52, 52, '7 days meal plan', '2020-06-22', '0', 'Syed Waqas', 'Ahmad', NULL, 'Kuwait', 'Block 1, Building # 5, Floor 1, Flat 3', NULL, 'Hawalli', '25400', '65040385', 'waqgsii@gmail.com', NULL, NULL, NULL, 'Kuwait', NULL, NULL, NULL, NULL, NULL, NULL, NULL, '2020-06-20 22:12:20', '2020-06-20 22:12:20'),
(301, 'LPFI-000000', 19, '', 'product', 22, 1, '2.500', '2', '0', 0, 0, '', '2020-06-22', '3', 'Syed Waqas', 'Ahmad', NULL, 'Kuwait', 'Block 1, Building # 5, Floor 1, Flat 3', NULL, 'hawalli', '25400', '65040385', 'waqgsii@gmail.com', NULL, NULL, NULL, 'Kuwait', NULL, NULL, NULL, NULL, NULL, NULL, NULL, '2020-06-20 22:33:04', '2020-06-23 17:58:31'),
(302, 'LPFI-000001', 46, '', 'product', 22, 1, '2.500', '2', '0', 0, 0, '', '2020-06-22', '0', 'Syed Waqas', 'Ahmad', NULL, 'Kuwait', 'Block 1, Building # 5, Floor 1, Flat 3', NULL, 'hawalli', '25400', '65040385', 'waqgsii@gmail.com', NULL, NULL, NULL, 'Kuwait', NULL, NULL, NULL, NULL, NULL, NULL, NULL, '2020-06-20 22:33:04', '2020-06-20 22:33:04'),
(303, 'LPFI-000002', 19, '', 'product', 39, 1, '2.500', '2', '0', 0, 0, '', '2020-06-22', '3', 'Syed Waqas', 'Ahmad', NULL, 'Kuwait', 'Block 1, Building #. Zarqa AlYamama Street', NULL, 'Hawalli', '27845', '50358848', 'waqdiamond@gmail.com', 'Syed Waqas', 'Ahmad', NULL, 'Kuwait', 'Block 1, Building #. Zarqa AlYamama Stre', NULL, 'Hawalli', NULL, '50358848', 'waqdiamond@gmail.com', NULL, '2020-06-21 06:57:39', '2020-06-21 11:59:25'),
(304, 'LPFI-000003', 23, '', 'product', 39, 1, '2.750', '2', '0', 0, 0, '', '2020-06-22', '0', 'Syed Waqas', 'Ahmad', NULL, 'Kuwait', 'Block 1, Building #. Zarqa AlYamama Street', NULL, 'Hawalli', '27845', '50358848', 'waqdiamond@gmail.com', 'Syed Waqas', 'Ahmad', NULL, 'Kuwait', 'Block 1, Building #. Zarqa AlYamama Stre', NULL, 'Hawalli', NULL, '50358848', 'waqdiamond@gmail.com', NULL, '2020-06-21 06:57:39', '2020-06-21 06:57:39'),
(305, 'LTPO-000000', 1327, '', 'plan_option', 39, 1, '37.000', '2', '0', 18, 0, '', '2020-06-22', '1', 'Syed Waqas', 'Ahmad', NULL, 'Kuwait', 'Block 1, Building #. Zarqa AlYamama Street', NULL, 'Hawalli', '27854', '50358848', 'waqdiamond@gmail.com', 'Syed Waqas', 'Ahmad', NULL, 'Kuwait', 'Block 1, Building #. Zarqa AlYamama Stre', NULL, 'Hawalli', '27854', '50358848', 'waqdiamond@gmail.com', NULL, '2020-06-21 09:12:40', '2020-06-21 09:12:40'),
(307, 'LPFI-000004', 19, '', 'product', 10, 1, '2.500', '2', '0', 0, 0, '', '2020-06-29', '3', 'hsy', 'Anwar', NULL, 'Kuwait', 'my Billing adress', NULL, 'Lahore', '123456', '0300123456', 'haseebanwar022@gmail.com', 'hsy', 'Anwar', NULL, 'Kuwait', 'my Billing adress', NULL, 'Lahore', '123456', '0300123456', 'haseebanwar022@gmail.com', NULL, '2020-06-22 06:48:54', '2020-06-23 17:58:24'),
(308, 'LTMOM-000001', 1333, '', 'meal', 10, 1, '5.750', '1', '0', 53, 53, '14 days meal plan', '2020-06-29', '0', 'hsy', 'Anwar', NULL, 'Kuwait', 'my Billing adress', NULL, 'Lahore', '123456', '0300123456', 'haseebanwar022@gmail.com', 'hsy', 'Anwar', NULL, 'Kuwait', 'my Billing adress', NULL, 'Lahore', '123456', '0300123456', 'haseebanwar022@gmail.com', NULL, '2020-06-22 07:32:59', '2020-06-22 07:32:59'),
(309, 'LPFI-000005', 20, '', 'product', 10, 1, '3.000', '1', '0', 0, 0, '', '2020-06-29', '0', 'hsy', 'Anwar', 'Test', 'Kuwait', 'my Billing address', NULL, 'Lahore', '123456', '0300123456', 'haseebanwar022@gmail.com', 'hsy', 'Anwar', 'Test', 'Kuwait', 'my Shipping address', NULL, 'Lahore', '123456', '0300123456', 'haseebanwar022@gmail.com', NULL, '2020-06-22 08:56:40', '2020-06-22 08:56:40'),
(311, 'LTPO-000001', 1335, '', 'plan_option', 10, 1, '147.000', '1', '0', 21, 0, '', '2020-06-29', '1', 'hsy', 'Anwar', 'Test', 'Kuwait', 'my Billing address', NULL, 'Lahore', '123456', '0300123456', 'haseebanwar022@gmail.com', 'hsy', 'Anwar', 'Test', 'Kuwait', 'my Shipping address', NULL, 'Lahore', '123456', '0300123456', 'haseebanwar022@gmail.com', NULL, '2020-06-22 08:56:41', '2020-06-22 08:56:41'),
(312, 'LTMOM-000002', 1338, '', 'meal', 10, 1, '8.250', '1', '0', 54, 54, '14 days meal plan', '2020-06-29', '2', 'hsy', 'Anwar', 'Test', 'Kuwait', 'my Billing address', NULL, 'Lahore', '123456', '0300123456', 'haseebanwar022@gmail.com', 'hsy', 'Anwar', 'Test', 'Kuwait', 'my Shipping address', NULL, 'Lahore', '123456', '0300123456', 'haseebanwar022@gmail.com', NULL, '2020-06-22 08:56:41', '2020-06-22 08:56:41'),
(313, 'LPFI-000006', 23, '', 'product', 8, 1, '2.750', '1', '0', 0, 0, '', '2020-06-29', '3', 'bilal', 'azhar', 'sitara group of company', 'Kuwait', '13098 Safat', 'lower apartment', 'salwa', '536378', '031445', 'bilalazhar125@gmail.com', 'bilal', 'azhar', 'sitara group of company', 'Kuwait', '13098 Safat', NULL, 'salwa', '536378', '031445', 'bilalazhar125@gmail.com', NULL, '2020-06-22 15:28:07', '2020-06-23 17:58:36'),
(315, 'LTPO-000002', 1377, '', 'plan_option', 8, 1, '350.000', '1', '0', 30, 0, '', '2020-06-29', '1', 'bilal', 'azhar', 'sitara group of company', 'Kuwait', '13098 Safat', 'lower apartment', 'salwa', '536378', '031445', 'bilalazhar125@gmail.com', 'bilal', 'azhar', 'sitara group of company', 'Kuwait', '13098 Safat', NULL, 'salwa', '536378', '031445', 'bilalazhar125@gmail.com', NULL, '2020-06-22 15:28:07', '2020-06-22 15:28:07'),
(316, 'LTMOM-000003', 1378, '', 'meal', 8, 1, '1.750', '1', '0', 118, 118, 'Kiwi Juice', '2020-06-29', '1', 'bilal', 'azhar', 'sitara group of company', 'Kuwait', '13098 Safat', 'lower apartment', 'salwa', '536378', '031445', 'bilalazhar125@gmail.com', 'bilal', 'azhar', 'sitara group of company', 'Kuwait', '13098 Safat', NULL, 'salwa', '536378', '031445', 'bilalazhar125@gmail.com', NULL, '2020-06-22 15:28:07', '2020-06-22 15:28:07'),
(317, 'LTMOM-000004', 1403, '', 'meal', 10, 1, '14.150', '2', '0', 66, 66, '28 days meal plan', '2020-06-29', '0', 'hsy', 'Anwar', NULL, 'Kuwait', 'my Billing adress', NULL, 'Lahore', '123456', '0300123456', 'haseebanwar022@gmail.com', 'hsy', 'Anwar', NULL, 'Kuwait', 'my Billing adress', NULL, 'Lahore', '123456', '0300123456', 'haseebanwar022@gmail.com', NULL, '2020-06-22 17:11:40', '2020-06-22 17:11:40'),
(318, 'LTMOM-000005', 1406, '', 'meal', 10, 1, '4.750', '2', '0', 67, 67, '14 days meal plan', '2020-06-29', '0', 'hsy', 'Anwar', NULL, 'Kuwait', 'my Billing adress', NULL, 'Lahore', '123456', '0300123456', 'haseebanwar022@gmail.com', 'hsy', 'Anwar', NULL, 'Kuwait', 'my Billing adress', NULL, 'Lahore', '123456', '0300123456', 'haseebanwar022@gmail.com', NULL, '2020-06-22 17:11:40', '2020-06-22 17:11:40'),
(319, 'LPFI-000007', 28, '', 'product', 10, 1, '3.750', '2', '0', 0, 0, '', '2020-06-29', '0', 'hsy', 'Anwar', NULL, 'Kuwait', 'my Billing adress', NULL, 'Lahore', '123456', '0300123456', 'haseebanwar022@gmail.com', 'hsy', 'Anwar', NULL, 'Kuwait', 'my Billing adress', NULL, 'Lahore', '123456', '0300123456', 'haseebanwar022@gmail.com', NULL, '2020-06-22 17:11:40', '2020-06-22 17:11:40'),
(321, 'LTPO-000003', 1407, '', 'plan_option', 10, 1, '102.000', '2', '0', 19, 0, '', '2020-06-29', '1', 'hsy', 'Anwar', NULL, 'Kuwait', 'my Billing adress', NULL, 'Lahore', '123456', '0300123456', 'haseebanwar022@gmail.com', 'hsy', 'Anwar', NULL, 'Kuwait', 'my Billing adress', NULL, 'Lahore', '123456', '0300123456', 'haseebanwar022@gmail.com', NULL, '2020-06-22 17:11:40', '2020-06-22 17:11:40'),
(323, 'LTMOM-000006', 1566, '', 'meal', 33, 1, '91.150', '2', '0', 83, 83, '28 days meal plan', '2020-06-29', '0', 'Maribel', 'Legatis', NULL, 'Kuwait', 'Jabriya, Block 1A ,Street 6, Building 181', NULL, 'Jabriya', '17205', '60624440', 'maribel_lightoptions@yahoo.com.ph', 'Maribel', 'Legatis', NULL, 'Kuwait', 'Jabriya, Block 1A ,Street 6, Building 18', NULL, 'Jabriya', '17205', '60624440', 'maribel_lightoptions@yahoo.com.ph', NULL, '2020-06-23 10:02:27', '2020-06-23 10:02:27'),
(324, 'LTMOM-000007', 1656, '', 'meal', 47, 1, '97.100', '2', '0', 85, 85, '7 days meal plan', '2020-06-29', '0', 'monir', 'samir', NULL, 'Kuwait', 'hwalli', NULL, 'hwalli', '11', '66910690', 'monirsamir123456@gmail.com', 'monir', 'samir', NULL, 'Kuwait', 'hwalli', NULL, 'hwalli', '11', '66910690', 'monirsamir123456@gmail.com', NULL, '2020-06-23 10:37:34', '2020-06-23 10:37:34'),
(325, 'LTMOM-000008', 1732, '', 'meal', 22, 1, '34.150', '2', '0', 90, 90, '7 days meal plan', '2020-06-29', '0', 'Syed Waqas', 'Ahmad', NULL, 'Kuwait', 'Block 1, Building # 5, Floor 1, Flat 3', NULL, 'Hawalli', '25400', '65040385', 'waqgsii@gmail.com', 'Syed Waqas', 'Ahmad', NULL, 'Kuwait', 'Block 1, Building # 5, Floor 1, Flat 3', NULL, 'Hawalli', '25400', '65040385', 'waqgsii@gmail.com', NULL, '2020-06-23 10:55:01', '2020-06-23 10:55:01'),
(326, 'LPFI-000008', 26, '', 'product', 22, 1, '3.500', '2', '0', 0, 0, '', '2020-06-29', '0', 'Syed Waqas', 'Ahmad', NULL, 'Kuwait', 'Block 1, Building # 5, Floor 1, Flat 3', NULL, 'Hawalli', '25400', '65040385', 'waqgsii@gmail.com', 'Syed Waqas', 'Ahmad', NULL, 'Kuwait', 'Block 1, Building # 5, Floor 1, Flat 3', NULL, 'Hawalli', '25400', '65040385', 'waqgsii@gmail.com', NULL, '2020-06-23 11:05:46', '2020-06-23 11:05:46'),
(327, 'LTMOM-000009', 1784, '', 'meal', 48, 1, '89.750', '2', '0', 92, 92, '14 days meal plan', '2020-06-29', '0', 'MARIA', 'Asesor', NULL, 'Kuwait', 'Block 1 street 2', NULL, 'Salmiya', '1111', '60640011', 'teng_54@yahoo.com', 'MARIA', 'Asesor', 'LO', 'Kuwait', 'Block 1 street 2', NULL, 'Salmiya', '1111', '60640011', 'teng_54@yahoo.com', NULL, '2020-06-23 11:26:36', '2020-06-23 11:26:36'),
(328, 'LTMOM-000010', 1674, '', 'meal', 49, 1, '64.523', '2', '0', 88, 88, '7 days meal plan', '2020-06-29', '0', 'IVY', 'RAMOS', NULL, 'Kuwait', 'KUWAIT CITY', '12', 'KUWAIT', '123', '66062127', 'Secreatarycvc@gmail.com', 'IVY', 'RAMOS', NULL, 'Kuwait', 'KUWAIT CITY', NULL, 'KUWAIT', '123', '66062127', 'Secreatarycvc@gmail.com', NULL, '2020-06-23 11:57:12', '2020-06-23 11:57:12'),
(329, 'LTMOM-000011', 1853, '', 'meal', 48, 1, '184.700', '1', '0', 93, 93, '14 days meal plan', '2020-06-29', '0', 'MARIA', 'Asesor', 'LO', 'Kuwait', 'Block 1 street 2', NULL, 'Salmiya', '1111', '60640011', 'teng_54@yahoo.com', NULL, NULL, NULL, 'Kuwait', NULL, NULL, NULL, NULL, NULL, NULL, NULL, '2020-06-23 12:16:29', '2020-06-23 12:16:29'),
(330, 'LTMOM-000012', 1913, '', 'meal', 48, 1, '148.500', '1', '0', 94, 94, '14 days meal plan', '2020-06-29', '0', 'MARIA', 'Asesor', 'LO', 'Kuwait', 'Block 1 street 2', NULL, 'Salmiya', '1111', '60640011', 'teng_54@yahoo.com', NULL, NULL, NULL, 'Kuwait', NULL, NULL, NULL, NULL, NULL, NULL, NULL, '2020-06-23 12:16:29', '2020-06-23 12:16:29'),
(333, 'LTMOM-000013', 1917, '', 'meal', 31, 1, '10.250', '2', '0', 95, 95, '14 days meal plan', '2020-06-29', '0', 'karim', 'mourad', NULL, 'Kuwait', 'İnönü Mah. Halkalı Cad. No:206 Atakent Küçükçekmec', NULL, 'istanbul', '34307', '05343277584', 'krmmourad@gmail.com', 'karim', 'mourad', NULL, 'Kuwait', 'İnönü Mah. Halkalı Cad. No:206 Atakent K', NULL, NULL, NULL, '05343277584', 'krmmourad@gmail.com', NULL, '2020-06-23 12:22:40', '2020-06-23 12:22:40'),
(334, 'LTMOM-000014', 1978, '', 'meal', 48, 1, '140.250', '1', '0', 96, 96, '14 days meal plan', '2020-06-29', '0', 'MARIA', 'Asesor', 'LO', 'Kuwait', 'Block 1 street 2', NULL, 'Salmiya', '1111', '60640011', 'teng_54@yahoo.com', 'MARIA', 'Asesor', NULL, 'Kuwait', NULL, NULL, NULL, NULL, '60640011', 'teng_54@yahoo.com', NULL, '2020-06-23 13:30:58', '2020-06-23 13:30:58'),
(336, 'LTMOM-000015', 2041, '', 'meal', 22, 1, '99.650', '2', '0', 98, 98, '28 days meal plan', '2020-06-29', '0', 'Syed Waqas', 'Ahmad', NULL, 'Kuwait', 'Block 1, Building # 5, Floor 1, Flat 3', NULL, 'Hawalli', '25400', '65040385', 'waqgsii@gmail.com', 'Syed Waqas', 'Ahmad', NULL, 'Kuwait', 'Block 1, Building # 5, Floor 1, Flat 3', NULL, NULL, '25400', '65040385', 'waqgsii@gmail.com', NULL, '2020-06-23 14:27:17', '2020-06-23 14:27:17'),
(338, 'LTMP-000002', 21, '', 'plan', 10, 1, '50.000', '1', '0', 0, 0, '', '2020-06-29', '0', 'hsy', 'Anwar', NULL, 'Kuwait', 'my Billing adress', NULL, 'Lahore', '123456', '0300123456', 'haseebanwar022@gmail.com', 'hsy', 'Anwar', NULL, 'Kuwait', 'my Billing adress', NULL, 'Lahore', '123456', '0300123456', 'haseebanwar022@gmail.com', NULL, '2020-06-24 08:05:50', '2020-06-24 08:05:50'),
(339, 'LTMOM-000016', 2118, '', 'meal', 49, 1, '68.800', '2', '0', 104, 104, '14 days meal plan', '2020-06-29', '0', 'IVY', 'RAMOS', NULL, 'Kuwait', 'MALIYA CITY', NULL, 'KUWAIT CITY', '12', '66062127', 'Secreatarycvc@gmail.com', 'IVY', 'RAMOS', NULL, 'Kuwait', NULL, NULL, NULL, NULL, '66062127', 'Secreatarycvc@gmail.com', 'PLS. DELIVER STARTED TOMORROW BY 9:00AM TNX.', '2020-06-24 10:10:15', '2020-06-24 10:10:15'),
(340, 'LTMOM-000017', 2173, '', 'meal', 49, 1, '63.100', '2', '0', 105, 105, '14 days meal plan', '2020-06-29', '0', 'IVY', 'RAMOS', NULL, 'Kuwait', 'MALIYA CITY', NULL, 'KUWAIT CITY', '12', '66062127', 'Secreatarycvc@gmail.com', 'IVY', 'RAMOS', NULL, 'Kuwait', NULL, NULL, NULL, NULL, '66062127', 'Secreatarycvc@gmail.com', 'PLS. DELIVER STARTED TOMORROW BY 9:00AM TNX.', '2020-06-24 10:10:15', '2020-06-24 10:10:15'),
(341, 'LTMOM-000018', 2203, '', 'meal', 50, 1, '89.050', '1', '0', 106, 106, '7 days meal plan', '2020-06-29', '0', 'Fahad', 'Almuthfar', NULL, 'Kuwait', 'مبارك الكبير ق ٦ شارع ٤ منزل ٣٧', NULL, 'مبارك الكبير', '00956', '50603633', 'fmn2234@gmail.com', 'Fahad', 'Almuthfar', NULL, 'Kuwait', 'مبارك الكبير ق ٦ شارع ٤ منزل ٣٧', NULL, 'مبارك الكبير', '00956', '50603633', 'fmn2234@gmail.com', NULL, '2020-06-24 10:30:10', '2020-06-24 10:30:10'),
(342, 'LPFI-000009', 19, '', 'product', 10, 1, '2.500', '1', '0', 0, 0, '', '2020-06-29', '0', 'hsy', 'Anwar', NULL, 'Kuwait', 'my Billing adress', NULL, 'Lahore', '123456', '0300123456', 'haseebanwar022@gmail.com', 'hsy', 'Anwar', NULL, 'Kuwait', 'my Billing adress', NULL, 'Lahore', '123456', '0300123456', 'haseebanwar022@gmail.com', NULL, '2020-06-26 08:21:24', '2020-06-26 08:21:24'),
(343, 'LPFI-000010', 23, '', 'product', 10, 1, '2.750', '1', '0', 0, 0, '', '2020-06-29', '0', 'hsy', 'Anwar', NULL, 'Kuwait', 'my Billing adress', NULL, 'Lahore', '123456', '0300123456', 'haseebanwar022@gmail.com', NULL, NULL, NULL, 'Kuwait', 'Shipping Address', NULL, NULL, NULL, NULL, NULL, NULL, '2020-06-26 08:26:30', '2020-06-26 08:26:30'),
(344, 'LPFI-000011', 19, '', 'product', 10, 1, '2.500', '1', '0', 0, 0, '', '2020-07-06', '0', 'hsy', 'Anwar', NULL, 'Kuwait', 'my Billing adress', NULL, 'Lahore', '123456', '0300123456', 'haseebanwar022@gmail.com', 'hsy', 'Anwar', NULL, 'Kuwait', 'my Billing adress', NULL, 'Lahore', '123456', '0300123456', 'haseebanwar022@gmail.com', NULL, '2020-07-03 10:41:46', '2020-07-03 10:41:46');

-- --------------------------------------------------------

--
-- Table structure for table `our_chefs`
--

CREATE TABLE `our_chefs` (
  `id` bigint(20) UNSIGNED NOT NULL,
  `name` varchar(191) COLLATE utf8mb4_unicode_ci NOT NULL,
  `designation` varchar(191) COLLATE utf8mb4_unicode_ci NOT NULL,
  `profile_photo` varchar(191) COLLATE utf8mb4_unicode_ci NOT NULL,
  `facebook` varchar(191) COLLATE utf8mb4_unicode_ci NOT NULL,
  `twitter` varchar(191) COLLATE utf8mb4_unicode_ci NOT NULL,
  `pinterest` varchar(191) COLLATE utf8mb4_unicode_ci NOT NULL,
  `linkedin` varchar(191) COLLATE utf8mb4_unicode_ci NOT NULL,
  `created_at` timestamp NULL DEFAULT NULL,
  `updated_at` timestamp NULL DEFAULT NULL
) ENGINE=InnoDB DEFAULT CHARSET=utf8mb4 COLLATE=utf8mb4_unicode_ci;

-- --------------------------------------------------------

--
-- Table structure for table `password_resets`
--

CREATE TABLE `password_resets` (
  `email` varchar(80) COLLATE utf8mb4_unicode_ci NOT NULL,
  `token` varchar(191) COLLATE utf8mb4_unicode_ci NOT NULL,
  `created_at` timestamp NULL DEFAULT NULL
) ENGINE=InnoDB DEFAULT CHARSET=utf8mb4 COLLATE=utf8mb4_unicode_ci;

-- --------------------------------------------------------

--
-- Table structure for table `plancomposes`
--

CREATE TABLE `plancomposes` (
  `id` int(11) NOT NULL,
  `plan_id` int(11) NOT NULL,
  `nutrition` int(11) NOT NULL,
  `type` varchar(11) NOT NULL,
  `unit` varchar(11) NOT NULL,
  `gramvalue` varchar(11) NOT NULL,
  `dmvalue` varchar(11) NOT NULL,
  `created_at` timestamp NOT NULL DEFAULT CURRENT_TIMESTAMP,
  `updated_at` timestamp NOT NULL DEFAULT CURRENT_TIMESTAMP
) ENGINE=InnoDB DEFAULT CHARSET=utf8mb4;

--
-- Dumping data for table `plancomposes`
--

INSERT INTO `plancomposes` (`id`, `plan_id`, `nutrition`, `type`, `unit`, `gramvalue`, `dmvalue`, `created_at`, `updated_at`) VALUES
(1, 21, 1, '', '1', '21', '25', '2020-06-24 15:02:54', '2020-06-24 15:02:54'),
(2, 21, 2, '', '1', '25', '35', '2020-06-24 15:02:54', '2020-06-24 15:02:54'),
(3, 21, 3, '', '1', '40', '12', '2020-06-24 15:02:54', '2020-06-24 15:02:54'),
(4, 24, 6, '', '1', '12', '25', '2020-06-24 15:08:06', '2020-06-24 15:08:06'),
(5, 24, 5, '', '1', '15', '24', '2020-06-24 15:08:06', '2020-06-24 15:08:06'),
(6, 24, 4, '', '1', '17', '44', '2020-06-24 15:08:06', '2020-06-24 15:08:06');

-- --------------------------------------------------------

--
-- Table structure for table `plancompostions`
--

CREATE TABLE `plancompostions` (
  `id` int(11) NOT NULL,
  `plan_id` int(11) NOT NULL,
  `nutrition` int(11) NOT NULL,
  `unit` int(11) NOT NULL,
  `gmvalue` int(11) NOT NULL,
  `dmvalue` int(11) NOT NULL,
  `created_at` timestamp NOT NULL DEFAULT CURRENT_TIMESTAMP,
  `updated_at` timestamp NOT NULL DEFAULT CURRENT_TIMESTAMP ON UPDATE CURRENT_TIMESTAMP
) ENGINE=InnoDB DEFAULT CHARSET=utf8mb4;

--
-- Dumping data for table `plancompostions`
--

INSERT INTO `plancompostions` (`id`, `plan_id`, `nutrition`, `unit`, `gmvalue`, `dmvalue`, `created_at`, `updated_at`) VALUES
(25, 32, 1, 1, 1, 10, '2020-04-18 14:30:51', '2020-04-18 14:30:51'),
(26, 32, 2, 2, 2, 20, '2020-04-18 14:30:51', '2020-04-18 14:30:51'),
(27, 32, 3, 2, 3, 30, '2020-04-18 14:30:51', '2020-04-18 14:30:51'),
(28, 32, 5, 1, 5, 50, '2020-04-18 14:30:51', '2020-04-18 14:30:51'),
(29, 32, 6, 2, 6, 60, '2020-04-18 14:30:51', '2020-04-18 14:30:51'),
(30, 32, 4, 2, 7, 70, '2020-04-18 14:30:51', '2020-04-18 14:30:51'),
(31, 18, 1, 2, 119, 55, '2020-06-21 14:10:42', '2020-06-21 14:10:42'),
(32, 18, 2, 2, 57, 29, '2020-06-21 14:10:42', '2020-06-21 14:10:42'),
(33, 18, 3, 2, 29, 11, '2020-06-21 14:10:42', '2020-06-21 14:10:42'),
(34, 34, 1, 1, 12, 2, '2020-06-22 17:02:49', '2020-06-22 17:02:49'),
(36, 35, 2, 2, 2, 1, '2020-06-22 19:36:34', '2020-06-22 19:36:34');

-- --------------------------------------------------------

--
-- Table structure for table `plandays`
--

CREATE TABLE `plandays` (
  `id` int(11) NOT NULL,
  `plan_id` int(11) NOT NULL,
  `day_id` int(11) NOT NULL,
  `created_at` timestamp NOT NULL DEFAULT CURRENT_TIMESTAMP,
  `updated_at` timestamp NOT NULL DEFAULT CURRENT_TIMESTAMP ON UPDATE CURRENT_TIMESTAMP
) ENGINE=InnoDB DEFAULT CHARSET=utf8mb4;

--
-- Dumping data for table `plandays`
--

INSERT INTO `plandays` (`id`, `plan_id`, `day_id`, `created_at`, `updated_at`) VALUES
(16, 10, 2, '2020-04-12 00:57:19', '2020-04-12 00:57:19'),
(17, 12, 1, '2020-04-12 05:49:23', '2020-04-12 05:49:23'),
(18, 12, 2, '2020-04-12 05:49:47', '2020-04-12 05:49:47'),
(19, 16, 1, '2020-04-13 04:57:08', '2020-04-13 04:57:08'),
(20, 16, 2, '2020-04-13 04:57:54', '2020-04-13 04:57:54'),
(21, 16, 3, '2020-04-13 04:58:13', '2020-04-13 04:58:13'),
(22, 16, 4, '2020-04-13 04:58:47', '2020-04-13 04:58:47'),
(23, 16, 5, '2020-04-13 04:58:59', '2020-04-13 04:58:59'),
(24, 16, 6, '2020-04-13 04:59:39', '2020-04-13 04:59:39'),
(25, 17, 1, '2020-04-16 22:11:37', '2020-04-16 22:11:37'),
(26, 17, 2, '2020-05-05 23:47:48', '2020-05-05 23:47:48'),
(27, 19, 1, '2020-05-09 03:10:39', '2020-05-09 03:10:39'),
(28, 19, 2, '2020-05-09 03:11:21', '2020-05-09 03:11:21'),
(30, 20, 7, '2020-06-10 16:57:11', '2020-06-10 16:57:11'),
(31, 21, 7, '2020-06-14 18:26:08', '2020-06-14 18:26:08'),
(33, 21, 1, '2020-06-23 20:49:47', '2020-06-23 20:49:47'),
(34, 21, 2, '2020-06-23 20:50:21', '2020-06-23 20:50:21'),
(35, 21, 3, '2020-06-23 20:50:49', '2020-06-23 20:50:49'),
(36, 21, 4, '2020-06-23 20:51:32', '2020-06-23 20:51:32'),
(37, 21, 6, '2020-06-23 20:51:54', '2020-06-23 20:51:54'),
(38, 21, 5, '2020-06-23 20:52:25', '2020-06-23 20:52:25'),
(40, 24, 5, '2020-06-24 15:14:52', '2020-06-24 15:14:52'),
(42, 23, 5, '2020-06-24 16:48:38', '2020-06-24 16:48:38');

-- --------------------------------------------------------

--
-- Table structure for table `plandetails`
--

CREATE TABLE `plandetails` (
  `id` int(11) NOT NULL,
  `plan_id` int(11) NOT NULL,
  `day_id` int(11) NOT NULL,
  `food_item_id` int(11) NOT NULL,
  `food_type_id` int(11) NOT NULL,
  `created_at` timestamp NOT NULL DEFAULT CURRENT_TIMESTAMP,
  `updated_at` timestamp NOT NULL DEFAULT CURRENT_TIMESTAMP ON UPDATE CURRENT_TIMESTAMP
) ENGINE=InnoDB DEFAULT CHARSET=utf8mb4;

--
-- Dumping data for table `plandetails`
--

INSERT INTO `plandetails` (`id`, `plan_id`, `day_id`, `food_item_id`, `food_type_id`, `created_at`, `updated_at`) VALUES
(125, 21, 7, 27, 1, '2020-06-23 20:49:07', '2020-06-23 20:49:07'),
(126, 21, 7, 40, 2, '2020-06-23 20:49:07', '2020-06-23 20:49:07'),
(127, 21, 7, 116, 3, '2020-06-23 20:49:07', '2020-06-23 20:49:07'),
(128, 21, 7, 84, 4, '2020-06-23 20:49:07', '2020-06-23 20:49:07'),
(129, 21, 7, 42, 4, '2020-06-23 20:49:07', '2020-06-23 20:49:07'),
(130, 21, 1, 58, 1, '2020-06-23 20:49:47', '2020-06-23 20:49:47'),
(131, 21, 1, 39, 2, '2020-06-23 20:49:47', '2020-06-23 20:49:47'),
(132, 21, 2, 52, 1, '2020-06-23 20:50:21', '2020-06-23 20:50:21'),
(133, 21, 2, 32, 4, '2020-06-23 20:50:21', '2020-06-23 20:50:21'),
(134, 21, 3, 78, 3, '2020-06-23 20:50:49', '2020-06-23 20:50:49'),
(135, 21, 4, 31, 1, '2020-06-23 20:51:32', '2020-06-23 20:51:32'),
(136, 21, 4, 95, 2, '2020-06-23 20:51:32', '2020-06-23 20:51:32'),
(137, 21, 4, 37, 3, '2020-06-23 20:51:32', '2020-06-23 20:51:32'),
(138, 21, 4, 103, 4, '2020-06-23 20:51:32', '2020-06-23 20:51:32'),
(139, 21, 6, 26, 4, '2020-06-23 20:51:54', '2020-06-23 20:51:54'),
(140, 21, 5, 25, 1, '2020-06-23 20:52:25', '2020-06-23 20:52:25'),
(141, 21, 5, 72, 3, '2020-06-23 20:52:25', '2020-06-23 20:52:25'),
(146, 23, 5, 34, 3, '2020-06-24 16:48:38', '2020-06-24 16:48:38');

-- --------------------------------------------------------

--
-- Table structure for table `planoptdetails`
--

CREATE TABLE `planoptdetails` (
  `id` int(11) NOT NULL,
  `planoptions_id` int(11) NOT NULL,
  `meal_type` int(11) NOT NULL,
  `food_name` text NOT NULL,
  `food_type` int(11) NOT NULL,
  `food_image` text,
  `created_at` timestamp NOT NULL DEFAULT CURRENT_TIMESTAMP,
  `updated_at` timestamp NOT NULL DEFAULT CURRENT_TIMESTAMP ON UPDATE CURRENT_TIMESTAMP
) ENGINE=InnoDB DEFAULT CHARSET=utf8mb4;

--
-- Dumping data for table `planoptdetails`
--

INSERT INTO `planoptdetails` (`id`, `planoptions_id`, `meal_type`, `food_name`, `food_type`, `food_image`, `created_at`, `updated_at`) VALUES
(60, 18, 7, 'Grilled Chicken Breast', 1, '202006210901_Grilled-Chicken-Breast.png', '2020-04-17 01:58:22', '2020-06-21 09:07:01'),
(61, 18, 7, 'White or Brown Rice', 1, NULL, '2020-04-17 01:58:22', '2020-04-17 01:58:22'),
(62, 18, 7, 'Small Salad', 1, '202006210901_light option salad.png', '2020-04-17 01:58:22', '2020-06-21 09:07:01'),
(63, 18, 7, 'Cookies', 1, NULL, '2020-04-17 01:58:22', '2020-04-17 01:58:22'),
(64, 18, 7, 'Brownie', 1, NULL, '2020-04-17 01:58:22', '2020-04-17 01:58:22'),
(70, 18, 8, 'Grilled Beef', 1, NULL, '2020-04-17 01:59:28', '2020-04-17 01:59:28'),
(71, 18, 8, 'White/Brown Rice', 1, NULL, '2020-04-17 01:59:28', '2020-04-17 01:59:28'),
(72, 18, 8, 'Small Salad', 1, NULL, '2020-04-17 01:59:28', '2020-04-17 01:59:28'),
(73, 18, 8, 'Cookies', 1, NULL, '2020-04-17 01:59:28', '2020-04-17 01:59:28'),
(74, 18, 8, 'Brownie', 1, NULL, '2020-04-17 01:59:28', '2020-04-17 01:59:28'),
(75, 18, 9, 'Grilled Hamour', 1, NULL, '2020-04-17 02:04:13', '2020-04-17 02:04:13'),
(76, 18, 9, 'White/Brown Rice', 1, NULL, '2020-04-17 02:04:13', '2020-04-17 02:04:13'),
(77, 18, 9, 'Small Salad', 1, NULL, '2020-04-17 02:04:13', '2020-04-17 02:04:13'),
(78, 18, 9, 'Cookies', 1, NULL, '2020-04-17 02:04:13', '2020-04-17 02:04:13'),
(79, 18, 9, 'Brownie', 1, NULL, '2020-04-17 02:04:13', '2020-04-17 02:04:13'),
(80, 18, 10, 'Grilled Salmon', 1, NULL, '2020-04-17 02:05:32', '2020-04-17 02:05:32'),
(81, 18, 10, 'White/Brown Rice', 1, NULL, '2020-04-17 02:05:32', '2020-04-17 02:05:32'),
(82, 18, 10, 'Small Salad', 1, NULL, '2020-04-17 02:05:32', '2020-04-17 02:05:32'),
(83, 18, 10, 'Cookies', 1, NULL, '2020-04-17 02:05:32', '2020-04-17 02:05:32'),
(84, 18, 10, 'Brownie', 1, NULL, '2020-04-17 02:05:32', '2020-04-17 02:05:32'),
(85, 19, 7, 'Grilled Chicken Breast', 1, NULL, '2020-04-17 02:24:24', '2020-04-17 02:24:24'),
(86, 19, 7, 'White/Brown Rice', 1, NULL, '2020-04-17 02:24:24', '2020-04-17 02:24:24'),
(87, 19, 7, 'Small Salad', 1, NULL, '2020-04-17 02:24:24', '2020-04-17 02:24:24'),
(88, 19, 7, 'Cookies', 1, NULL, '2020-04-17 02:24:24', '2020-04-17 02:24:24'),
(89, 19, 7, 'Brownie', 1, NULL, '2020-04-17 02:24:24', '2020-04-17 02:24:24'),
(90, 19, 8, 'Grilled Beef', 1, NULL, '2020-04-17 02:25:43', '2020-04-17 02:25:43'),
(91, 19, 8, 'White/Brown Rice', 1, NULL, '2020-04-17 02:25:43', '2020-04-17 02:25:43'),
(92, 19, 8, 'Small Salad', 1, NULL, '2020-04-17 02:25:43', '2020-04-17 02:25:43'),
(93, 19, 8, 'Cookies', 1, NULL, '2020-04-17 02:25:43', '2020-04-17 02:25:43'),
(94, 19, 8, 'Brownie', 1, NULL, '2020-04-17 02:25:43', '2020-04-17 02:25:43'),
(95, 19, 9, 'Grilled Hamour', 1, NULL, '2020-04-17 02:27:11', '2020-04-17 02:27:11'),
(96, 19, 9, 'White/Brown Rice', 1, NULL, '2020-04-17 02:27:11', '2020-04-17 02:27:11'),
(97, 19, 9, 'Small Salad', 1, NULL, '2020-04-17 02:27:11', '2020-04-17 02:27:11'),
(98, 19, 9, 'Cookies', 1, NULL, '2020-04-17 02:27:11', '2020-04-17 02:27:11'),
(99, 19, 9, 'Brownie', 1, NULL, '2020-04-17 02:27:11', '2020-04-17 02:27:11'),
(100, 19, 10, 'Grilled Salmon', 1, NULL, '2020-04-17 02:28:07', '2020-04-17 02:28:07'),
(101, 19, 10, 'White/Brown Rice', 1, NULL, '2020-04-17 02:28:07', '2020-04-17 02:28:07'),
(102, 19, 10, 'Small Salad', 1, NULL, '2020-04-17 02:28:07', '2020-04-17 02:28:07'),
(103, 19, 10, 'Cookies', 1, NULL, '2020-04-17 02:28:07', '2020-04-17 02:28:07'),
(104, 19, 10, 'Brownie', 1, NULL, '2020-04-17 02:28:07', '2020-04-17 02:28:07'),
(106, 23, 11, 'Grilled Beef', 1, NULL, '2020-04-17 02:57:39', '2020-04-17 02:57:39'),
(107, 23, 11, 'Grilled Salmon', 2, NULL, '2020-04-17 02:57:39', '2020-04-17 02:57:39'),
(108, 23, 11, 'White/Brown Rice', 1, NULL, '2020-04-17 02:57:39', '2020-04-17 02:57:39'),
(109, 23, 11, 'Cookies', 3, NULL, '2020-04-17 02:57:39', '2020-04-17 02:57:39'),
(110, 23, 11, 'Brownie', 3, NULL, '2020-04-17 02:57:39', '2020-04-17 02:57:39'),
(111, 23, 11, 'Small Salad', 2, NULL, '2020-04-17 02:57:39', '2020-04-17 02:57:39'),
(112, 20, 7, 'Grilled Chicken Breast', 1, NULL, '2020-04-17 03:43:29', '2020-04-17 03:43:29'),
(113, 20, 7, 'White or Brown Rice', 1, NULL, '2020-04-17 03:43:29', '2020-04-17 03:43:29'),
(114, 20, 7, 'Small Salad', 1, NULL, '2020-04-17 03:43:29', '2020-04-17 03:43:29'),
(115, 20, 7, 'Cookies', 1, NULL, '2020-04-17 03:43:29', '2020-04-17 03:43:29'),
(116, 20, 7, 'Brownie', 1, NULL, '2020-04-17 03:43:29', '2020-04-17 03:43:29'),
(117, 20, 8, 'Grilled Beef', 1, NULL, '2020-04-17 03:46:44', '2020-04-17 03:46:44'),
(118, 20, 8, 'White or Brown Rice', 1, NULL, '2020-04-17 03:46:44', '2020-04-17 03:46:44'),
(119, 20, 8, 'Small Salad', 1, NULL, '2020-04-17 03:46:44', '2020-04-17 03:46:44'),
(120, 20, 8, 'Cookies', 1, NULL, '2020-04-17 03:46:44', '2020-04-17 03:46:44'),
(121, 20, 8, 'Brownie', 1, NULL, '2020-04-17 03:46:44', '2020-04-17 03:46:44'),
(122, 20, 9, 'Grilled Hamour', 1, NULL, '2020-04-17 14:06:00', '2020-04-17 14:06:00'),
(123, 20, 9, 'White or Brown Rice', 1, NULL, '2020-04-17 14:06:00', '2020-04-17 14:06:00'),
(124, 20, 9, 'Small Salad', 1, NULL, '2020-04-17 14:06:00', '2020-04-17 14:06:00'),
(125, 20, 9, 'Cookies', 1, NULL, '2020-04-17 14:06:00', '2020-04-17 14:06:00'),
(126, 20, 9, 'Brownie', 1, NULL, '2020-04-17 14:06:00', '2020-04-17 14:06:00'),
(127, 20, 10, 'Grilled Salmon', 1, NULL, '2020-04-17 14:07:57', '2020-04-17 14:07:57'),
(128, 20, 10, 'White or Brown Rice', 1, NULL, '2020-04-17 14:07:57', '2020-04-17 14:07:57'),
(129, 20, 10, 'Small Salad', 1, NULL, '2020-04-17 14:07:57', '2020-04-17 14:07:57'),
(130, 20, 10, 'Cookies', 1, NULL, '2020-04-17 14:07:57', '2020-04-17 14:07:57'),
(131, 20, 10, 'Brownie', 1, NULL, '2020-04-17 14:07:57', '2020-04-17 14:07:57'),
(132, 21, 7, 'Grilled Chicken Breast', 1, NULL, '2020-04-17 14:10:28', '2020-04-17 14:10:28'),
(133, 21, 7, 'White or Brown Rice', 1, NULL, '2020-04-17 14:10:28', '2020-04-17 14:10:28'),
(134, 21, 7, 'Small Salad', 1, NULL, '2020-04-17 14:10:28', '2020-04-17 14:10:28'),
(135, 21, 7, 'Cookies', 1, NULL, '2020-04-17 14:10:28', '2020-04-17 14:10:28'),
(136, 21, 7, 'Brownie', 1, NULL, '2020-04-17 14:10:28', '2020-04-17 14:10:28'),
(137, 21, 8, 'Grilled Beef', 1, NULL, '2020-04-17 14:11:23', '2020-04-17 14:11:23'),
(138, 21, 8, 'White or Brown Rice', 1, NULL, '2020-04-17 14:11:23', '2020-04-17 14:11:23'),
(139, 21, 8, 'Small Salad', 1, NULL, '2020-04-17 14:11:23', '2020-04-17 14:11:23'),
(140, 21, 8, 'Cookies', 1, NULL, '2020-04-17 14:11:23', '2020-04-17 14:11:23'),
(141, 21, 8, 'Brownie', 1, NULL, '2020-04-17 14:11:23', '2020-04-17 14:11:23'),
(142, 21, 9, 'Grilled Hamour', 1, NULL, '2020-04-17 14:12:44', '2020-04-17 14:12:44'),
(143, 21, 9, 'White or Brown Rice', 1, NULL, '2020-04-17 14:12:44', '2020-04-17 14:12:44'),
(144, 21, 9, 'Small Salad', 1, NULL, '2020-04-17 14:12:44', '2020-04-17 14:12:44'),
(145, 21, 9, 'Cookies', 1, NULL, '2020-04-17 14:12:44', '2020-04-17 14:12:44'),
(146, 21, 9, 'Brownie', 1, NULL, '2020-04-17 14:12:44', '2020-04-17 14:12:44'),
(147, 21, 10, 'Grilled Salmon', 1, NULL, '2020-04-17 14:14:00', '2020-04-17 14:14:00'),
(148, 21, 10, 'White or Brown Rice', 1, NULL, '2020-04-17 14:14:00', '2020-04-17 14:14:00'),
(149, 21, 10, 'Small Salad', 1, NULL, '2020-04-17 14:14:00', '2020-04-17 14:14:00'),
(150, 21, 10, 'Cookies', 1, NULL, '2020-04-17 14:14:00', '2020-04-17 14:14:00'),
(151, 21, 10, 'Brownie', 1, NULL, '2020-04-17 14:14:00', '2020-04-17 14:14:00'),
(152, 23, 12, 'Grilled Chicken Breast', 1, NULL, '2020-04-17 15:26:17', '2020-04-17 15:26:17'),
(153, 23, 12, 'Grilled Beef', 2, NULL, '2020-04-17 15:26:17', '2020-04-17 15:26:17'),
(154, 23, 12, 'White or Brown Rice', 2, NULL, '2020-04-17 15:26:17', '2020-04-17 15:26:17'),
(155, 23, 12, 'Small Salad', 3, NULL, '2020-04-17 15:26:17', '2020-04-17 15:26:17'),
(156, 23, 12, 'Cookies', 3, NULL, '2020-04-17 15:26:17', '2020-04-17 15:26:17'),
(157, 23, 12, 'Brownie', 3, NULL, '2020-04-17 15:26:17', '2020-04-17 15:26:17'),
(158, 23, 13, 'Grilled Chicken Breast', 1, NULL, '2020-04-17 15:27:46', '2020-04-17 15:27:46'),
(159, 23, 13, 'Grilled Hamour', 2, NULL, '2020-04-17 15:27:46', '2020-04-17 15:27:46'),
(160, 23, 13, 'White or Brown Rice', 2, NULL, '2020-04-17 15:27:46', '2020-04-17 15:27:46'),
(161, 23, 13, 'Small Salad', 1, NULL, '2020-04-17 15:27:46', '2020-04-17 15:27:46'),
(162, 23, 13, 'Cookies', 3, NULL, '2020-04-17 15:27:46', '2020-04-17 15:27:46'),
(163, 23, 13, 'Brownie', 3, NULL, '2020-04-17 15:27:46', '2020-04-17 15:27:46'),
(164, 23, 14, 'Grilled Chicken Breast', 1, NULL, '2020-04-17 15:29:15', '2020-04-17 15:29:15'),
(165, 23, 14, 'Grilled Salmon', 2, NULL, '2020-04-17 15:29:15', '2020-04-17 15:29:15'),
(166, 23, 14, 'White or Brown Rice', 2, NULL, '2020-04-17 15:29:15', '2020-04-17 15:29:15'),
(167, 23, 14, 'Small Salad', 1, NULL, '2020-04-17 15:29:15', '2020-04-17 15:29:15'),
(168, 23, 14, 'Cookies', 3, NULL, '2020-04-17 15:29:15', '2020-04-17 15:29:15'),
(169, 23, 14, 'Brownie', 3, NULL, '2020-04-17 15:29:15', '2020-04-17 15:29:15'),
(170, 23, 15, 'Grilled Beef', 1, NULL, '2020-04-17 15:30:45', '2020-04-17 15:30:45'),
(171, 23, 15, 'Grilled Hamour', 2, NULL, '2020-04-17 15:30:45', '2020-04-17 15:30:45'),
(172, 23, 15, 'White or Brown Rice', 2, NULL, '2020-04-17 15:30:45', '2020-04-17 15:30:45'),
(173, 23, 15, 'Small Salad', 1, NULL, '2020-04-17 15:30:45', '2020-04-17 15:30:45'),
(174, 23, 15, 'Cookies', 3, NULL, '2020-04-17 15:30:45', '2020-04-17 15:30:45'),
(175, 23, 15, 'Brownie', 3, NULL, '2020-04-17 15:30:45', '2020-04-17 15:30:45'),
(176, 23, 16, 'Grilled Salmon', 1, NULL, '2020-04-17 15:31:56', '2020-04-17 15:31:56'),
(177, 23, 16, 'Grilled Hamour', 2, NULL, '2020-04-17 15:31:56', '2020-04-17 15:31:56'),
(178, 23, 16, 'White or Brown Rice', 2, NULL, '2020-04-17 15:31:56', '2020-04-17 15:31:56'),
(179, 23, 16, 'Small Salad', 1, NULL, '2020-04-17 15:31:56', '2020-04-17 15:31:56'),
(180, 23, 16, 'Cookies', 3, NULL, '2020-04-17 15:31:56', '2020-04-17 15:31:56'),
(181, 23, 16, 'Brownie', 3, NULL, '2020-04-17 15:31:56', '2020-04-17 15:31:56'),
(182, 23, 17, 'Grilled Chicken Breast', 1, NULL, '2020-04-17 15:34:08', '2020-04-17 15:34:08'),
(183, 23, 17, 'Grilled Chicken Breast', 2, NULL, '2020-04-17 15:34:08', '2020-04-17 15:34:08'),
(184, 23, 17, 'White or Brown Rice', 2, NULL, '2020-04-17 15:34:08', '2020-04-17 15:34:08'),
(185, 23, 17, 'Small Salad', 1, NULL, '2020-04-17 15:34:08', '2020-04-17 15:34:08'),
(186, 23, 17, 'Cookies', 3, NULL, '2020-04-17 15:34:08', '2020-04-17 15:34:08'),
(187, 23, 17, 'Brownie', 3, NULL, '2020-04-17 15:34:08', '2020-04-17 15:34:08'),
(194, 24, 11, 'Grilled Chicken Breast', 1, NULL, '2020-04-17 15:37:35', '2020-04-17 15:37:35'),
(195, 24, 11, 'Grilled Beef', 2, NULL, '2020-04-17 15:37:35', '2020-04-17 15:37:35'),
(196, 24, 11, 'White or Brown Rice', 2, NULL, '2020-04-17 15:37:35', '2020-04-17 15:37:35'),
(197, 24, 11, 'Small Salad', 1, NULL, '2020-04-17 15:37:35', '2020-04-17 15:37:35'),
(198, 24, 11, 'Cookies', 3, NULL, '2020-04-17 15:37:35', '2020-04-17 15:37:35'),
(199, 24, 11, 'Brownie', 3, NULL, '2020-04-17 15:37:35', '2020-04-17 15:37:35'),
(200, 24, 12, 'Grilled Chicken Breast', 1, NULL, '2020-04-17 15:39:27', '2020-04-17 15:39:27'),
(201, 24, 12, 'Grilled Hamour', 2, NULL, '2020-04-17 15:39:27', '2020-04-17 15:39:27'),
(202, 24, 12, 'White or Brown Rice', 2, NULL, '2020-04-17 15:39:27', '2020-04-17 15:39:27'),
(203, 24, 12, 'Small Salad', 1, NULL, '2020-04-17 15:39:27', '2020-04-17 15:39:27'),
(204, 24, 12, 'Cookies', 3, NULL, '2020-04-17 15:39:27', '2020-04-17 15:39:27'),
(205, 24, 12, 'Brownie', 3, NULL, '2020-04-17 15:39:27', '2020-04-17 15:39:27'),
(206, 24, 13, 'Grilled Chicken Breast', 1, NULL, '2020-04-17 15:40:32', '2020-04-17 15:40:32'),
(207, 24, 13, 'Grilled Salmon', 2, NULL, '2020-04-17 15:40:32', '2020-04-17 15:40:32'),
(208, 24, 13, 'White or Brown Rice', 2, NULL, '2020-04-17 15:40:32', '2020-04-17 15:40:32'),
(209, 24, 13, 'Small Salad', 1, NULL, '2020-04-17 15:40:32', '2020-04-17 15:40:32'),
(210, 24, 13, 'Cookies', 3, NULL, '2020-04-17 15:40:32', '2020-04-17 15:40:32'),
(211, 24, 13, 'Brownie', 3, NULL, '2020-04-17 15:40:32', '2020-04-17 15:40:32'),
(212, 24, 14, 'Grilled Beef', 1, NULL, '2020-04-17 15:42:01', '2020-04-17 15:42:01'),
(213, 24, 14, 'Grilled Salmon', 2, NULL, '2020-04-17 15:42:01', '2020-04-17 15:42:01'),
(214, 24, 14, 'White or Brown Rice', 2, NULL, '2020-04-17 15:42:01', '2020-04-17 15:42:01'),
(215, 24, 14, 'Small Salad', 1, NULL, '2020-04-17 15:42:01', '2020-04-17 15:42:01'),
(216, 24, 14, 'Cookies', 3, NULL, '2020-04-17 15:42:01', '2020-04-17 15:42:01'),
(217, 24, 14, 'Brownie', 3, NULL, '2020-04-17 15:42:01', '2020-04-17 15:42:01'),
(218, 24, 15, 'Grilled Beef', 1, NULL, '2020-04-17 15:42:57', '2020-04-17 15:42:57'),
(219, 24, 15, 'Grilled Hamour', 2, NULL, '2020-04-17 15:42:57', '2020-04-17 15:42:57'),
(220, 24, 15, 'White or Brown Rice', 2, NULL, '2020-04-17 15:42:57', '2020-04-17 15:42:57'),
(221, 24, 15, 'Small Salad', 1, NULL, '2020-04-17 15:42:57', '2020-04-17 15:42:57'),
(222, 24, 15, 'Cookies', 3, NULL, '2020-04-17 15:42:57', '2020-04-17 15:42:57'),
(223, 24, 15, 'Brownie', 3, NULL, '2020-04-17 15:42:57', '2020-04-17 15:42:57'),
(224, 24, 16, 'Grilled Salmon', 1, NULL, '2020-04-17 15:44:04', '2020-04-17 15:44:04'),
(225, 24, 16, 'Grilled Hamour', 2, NULL, '2020-04-17 15:44:04', '2020-04-17 15:44:04'),
(226, 24, 16, 'White or Brown Rice', 2, NULL, '2020-04-17 15:44:04', '2020-04-17 15:44:04'),
(227, 24, 16, 'Small Salad', 1, NULL, '2020-04-17 15:44:04', '2020-04-17 15:44:04'),
(228, 24, 16, 'Cookies', 3, NULL, '2020-04-17 15:44:04', '2020-04-17 15:44:04'),
(229, 24, 16, 'Brownie', 3, NULL, '2020-04-17 15:44:04', '2020-04-17 15:44:04'),
(230, 24, 17, 'Grilled Chicken Breast', 1, NULL, '2020-04-17 15:45:10', '2020-04-17 15:45:10'),
(231, 24, 17, 'Grilled Chicken Breast', 2, NULL, '2020-04-17 15:45:10', '2020-04-17 15:45:10'),
(232, 24, 17, 'White or Brown Rice', 2, NULL, '2020-04-17 15:45:10', '2020-04-17 15:45:10'),
(233, 24, 17, 'Small Salad', 1, NULL, '2020-04-17 15:45:10', '2020-04-17 15:45:10'),
(234, 24, 17, 'Cookies', 3, NULL, '2020-04-17 15:45:10', '2020-04-17 15:45:10'),
(235, 24, 17, 'Brownie', 3, NULL, '2020-04-17 15:45:10', '2020-04-17 15:45:10'),
(236, 25, 11, 'Grilled Chicken Breast', 1, NULL, '2020-04-17 16:01:18', '2020-04-17 16:01:18'),
(237, 25, 11, 'Grilled Beef', 2, NULL, '2020-04-17 16:01:18', '2020-04-17 16:01:18'),
(238, 25, 11, 'White or Brown Rice', 2, NULL, '2020-04-17 16:01:18', '2020-04-17 16:01:18'),
(239, 25, 11, 'Small Salad', 1, NULL, '2020-04-17 16:01:18', '2020-04-17 16:01:18'),
(240, 25, 11, 'Cookies', 3, NULL, '2020-04-17 16:01:18', '2020-04-17 16:01:18'),
(241, 25, 11, 'Brownie', 3, NULL, '2020-04-17 16:01:18', '2020-04-17 16:01:18'),
(242, 25, 12, 'Grilled Chicken Breast', 1, NULL, '2020-04-17 16:02:51', '2020-04-17 16:02:51'),
(243, 25, 12, 'Grilled Hamour', 2, NULL, '2020-04-17 16:02:51', '2020-04-17 16:02:51'),
(244, 25, 12, 'White or Brown Rice', 2, NULL, '2020-04-17 16:02:51', '2020-04-17 16:02:51'),
(245, 25, 12, 'Small Salad', 1, NULL, '2020-04-17 16:02:51', '2020-04-17 16:02:51'),
(246, 25, 12, 'Cookies', 3, NULL, '2020-04-17 16:02:51', '2020-04-17 16:02:51'),
(247, 25, 12, 'Brownie', 3, NULL, '2020-04-17 16:02:51', '2020-04-17 16:02:51'),
(248, 25, 13, 'Grilled Chicken Breast', 1, NULL, '2020-04-17 16:04:09', '2020-04-17 16:04:09'),
(249, 25, 13, 'Grilled Salmon', 2, NULL, '2020-04-17 16:04:09', '2020-04-17 16:04:09'),
(250, 25, 13, 'White or Brown Rice', 2, NULL, '2020-04-17 16:04:09', '2020-04-17 16:04:09'),
(251, 25, 13, 'Small Salad', 1, NULL, '2020-04-17 16:04:09', '2020-04-17 16:04:09'),
(252, 25, 13, 'Cookies', 3, NULL, '2020-04-17 16:04:09', '2020-04-17 16:04:09'),
(253, 25, 13, 'Brownie', 3, NULL, '2020-04-17 16:04:09', '2020-04-17 16:04:09'),
(254, 25, 14, 'Grilled Beef', 1, NULL, '2020-04-17 16:05:19', '2020-04-17 16:05:19'),
(255, 25, 14, 'Grilled Salmon', 2, NULL, '2020-04-17 16:05:19', '2020-04-17 16:05:19'),
(256, 25, 14, 'White or Brown Rice', 2, NULL, '2020-04-17 16:05:19', '2020-04-17 16:05:19'),
(257, 25, 14, 'Small Salad', 1, NULL, '2020-04-17 16:05:19', '2020-04-17 16:05:19'),
(258, 25, 14, 'Cookies', 3, NULL, '2020-04-17 16:05:19', '2020-04-17 16:05:19'),
(259, 25, 14, 'Brownie', 3, NULL, '2020-04-17 16:05:19', '2020-04-17 16:05:19'),
(260, 25, 15, 'Grilled Beef', 1, NULL, '2020-04-17 16:06:21', '2020-04-17 16:06:21'),
(261, 25, 15, 'Grilled Hamour', 2, NULL, '2020-04-17 16:06:21', '2020-04-17 16:06:21'),
(262, 25, 15, 'White or Brown Rice', 2, NULL, '2020-04-17 16:06:21', '2020-04-17 16:06:21'),
(263, 25, 15, 'Small Salad', 1, NULL, '2020-04-17 16:06:21', '2020-04-17 16:06:21'),
(264, 25, 15, 'Cookies', 3, NULL, '2020-04-17 16:06:21', '2020-04-17 16:06:21'),
(265, 25, 15, 'Brownie', 3, NULL, '2020-04-17 16:06:21', '2020-04-17 16:06:21'),
(266, 25, 16, 'Grilled Salmon', 1, NULL, '2020-04-17 16:07:58', '2020-04-17 16:07:58'),
(267, 25, 16, 'Grilled Hamour', 2, NULL, '2020-04-17 16:07:58', '2020-04-17 16:07:58'),
(268, 25, 16, 'White or Brown Rice', 2, NULL, '2020-04-17 16:07:58', '2020-04-17 16:07:58'),
(269, 25, 16, 'Small Salad', 1, NULL, '2020-04-17 16:07:58', '2020-04-17 16:07:58'),
(270, 25, 16, 'Cookies', 3, NULL, '2020-04-17 16:07:58', '2020-04-17 16:07:58'),
(271, 25, 16, 'Brownie', 3, NULL, '2020-04-17 16:07:58', '2020-04-17 16:07:58'),
(272, 25, 17, 'Grilled Chicken Breast', 1, NULL, '2020-04-17 16:08:50', '2020-04-17 16:08:50'),
(273, 25, 17, 'Grilled Chicken Breast', 2, NULL, '2020-04-17 16:08:50', '2020-04-17 16:08:50'),
(274, 25, 17, 'White or Brown Rice', 2, NULL, '2020-04-17 16:08:50', '2020-04-17 16:08:50'),
(275, 25, 17, 'Small Salad', 1, NULL, '2020-04-17 16:08:50', '2020-04-17 16:08:50'),
(276, 25, 17, 'Cookies', 3, NULL, '2020-04-17 16:08:50', '2020-04-17 16:08:50'),
(277, 25, 17, 'Brownie', 3, NULL, '2020-04-17 16:08:50', '2020-04-17 16:08:50'),
(278, 26, 11, 'Grilled Chicken Breast', 1, NULL, '2020-04-17 16:13:44', '2020-04-17 16:13:44'),
(279, 26, 11, 'Grilled Beef', 2, NULL, '2020-04-17 16:13:44', '2020-04-17 16:13:44'),
(280, 26, 11, 'White or Brown Rice', 2, NULL, '2020-04-17 16:13:44', '2020-04-17 16:13:44'),
(281, 26, 11, 'Small Salad', 1, NULL, '2020-04-17 16:13:44', '2020-04-17 16:13:44'),
(282, 26, 11, 'Cookies', 3, NULL, '2020-04-17 16:13:44', '2020-04-17 16:13:44'),
(283, 26, 11, 'Brownie', 3, NULL, '2020-04-17 16:13:44', '2020-04-17 16:13:44'),
(284, 26, 12, 'Grilled Chicken Breast', 1, NULL, '2020-04-17 16:14:35', '2020-04-17 16:14:35'),
(285, 26, 12, 'Grilled Hamour', 2, NULL, '2020-04-17 16:14:35', '2020-04-17 16:14:35'),
(286, 26, 12, 'White or Brown Rice', 2, NULL, '2020-04-17 16:14:35', '2020-04-17 16:14:35'),
(287, 26, 12, 'Small Salad', 1, NULL, '2020-04-17 16:14:35', '2020-04-17 16:14:35'),
(288, 26, 12, 'Cookies', 3, NULL, '2020-04-17 16:14:35', '2020-04-17 16:14:35'),
(289, 26, 12, 'Brownie', 3, NULL, '2020-04-17 16:14:35', '2020-04-17 16:14:35'),
(290, 26, 13, 'Grilled Chicken Breast', 1, NULL, '2020-04-17 16:16:17', '2020-04-17 16:16:17'),
(291, 26, 13, 'Grilled Salmon', 2, NULL, '2020-04-17 16:16:17', '2020-04-17 16:16:17'),
(292, 26, 13, 'White or Brown Rice', 2, NULL, '2020-04-17 16:16:17', '2020-04-17 16:16:17'),
(293, 26, 13, 'Small Salad', 1, NULL, '2020-04-17 16:16:17', '2020-04-17 16:16:17'),
(294, 26, 13, 'Cookies', 3, NULL, '2020-04-17 16:16:17', '2020-04-17 16:16:17'),
(295, 26, 13, 'Brownie', 3, NULL, '2020-04-17 16:16:17', '2020-04-17 16:16:17'),
(296, 26, 14, 'Grilled Beef', 1, NULL, '2020-04-17 16:19:15', '2020-04-17 16:19:15'),
(297, 26, 14, 'Grilled Salmon', 2, NULL, '2020-04-17 16:19:15', '2020-04-17 16:19:15'),
(298, 26, 14, 'White or Brown Rice', 2, NULL, '2020-04-17 16:19:15', '2020-04-17 16:19:15'),
(299, 26, 14, 'Small Salad', 1, NULL, '2020-04-17 16:19:15', '2020-04-17 16:19:15'),
(300, 26, 14, 'Cookies', 3, NULL, '2020-04-17 16:19:15', '2020-04-17 16:19:15'),
(301, 26, 14, 'Brownie', 3, NULL, '2020-04-17 16:19:15', '2020-04-17 16:19:15'),
(302, 26, 15, 'Grilled Beef', 1, NULL, '2020-04-17 16:21:17', '2020-04-17 16:21:17'),
(303, 26, 15, 'Grilled Hamour', 2, NULL, '2020-04-17 16:21:17', '2020-04-17 16:21:17'),
(304, 26, 15, 'White or Brown Rice', 2, NULL, '2020-04-17 16:21:17', '2020-04-17 16:21:17'),
(305, 26, 15, 'Small Salad', 1, NULL, '2020-04-17 16:21:17', '2020-04-17 16:21:17'),
(306, 26, 15, 'Cookies', 3, NULL, '2020-04-17 16:21:17', '2020-04-17 16:21:17'),
(307, 26, 15, 'Brownie', 3, NULL, '2020-04-17 16:21:17', '2020-04-17 16:21:17'),
(308, 26, 16, 'Grilled Salmon', 1, NULL, '2020-04-17 16:22:51', '2020-04-17 16:22:51'),
(309, 26, 16, 'Grilled Hamour', 2, NULL, '2020-04-17 16:22:51', '2020-04-17 16:22:51'),
(310, 26, 16, 'White or Brown Rice', 2, NULL, '2020-04-17 16:22:51', '2020-04-17 16:22:51'),
(311, 26, 16, 'Small Salad', 1, NULL, '2020-04-17 16:22:51', '2020-04-17 16:22:51'),
(312, 26, 16, 'Cookies', 3, NULL, '2020-04-17 16:22:51', '2020-04-17 16:22:51'),
(313, 26, 16, 'Brownie', 3, NULL, '2020-04-17 16:22:51', '2020-04-17 16:22:51'),
(314, 26, 17, 'Grilled Chicken Breast', 1, NULL, '2020-04-17 16:25:03', '2020-04-17 16:25:03'),
(315, 26, 17, 'Grilled Chicken Breast', 2, NULL, '2020-04-17 16:25:03', '2020-04-17 16:25:03'),
(316, 26, 17, 'White or Brown Rice', 2, NULL, '2020-04-17 16:25:03', '2020-04-17 16:25:03'),
(317, 26, 17, 'Small Salad', 1, NULL, '2020-04-17 16:25:03', '2020-04-17 16:25:03'),
(318, 26, 17, 'Cookies', 3, NULL, '2020-04-17 16:25:03', '2020-04-17 16:25:03'),
(319, 26, 17, 'Brownie', 3, NULL, '2020-04-17 16:25:03', '2020-04-17 16:25:03'),
(327, 27, 18, 'Grilled Chicken Breast', 1, NULL, '2020-04-17 16:41:34', '2020-04-17 16:41:34'),
(328, 27, 18, 'Grilled Beef', 2, NULL, '2020-04-17 16:41:34', '2020-04-17 16:41:34'),
(329, 27, 18, 'Grilled Hamour', 4, NULL, '2020-04-17 16:41:34', '2020-04-17 16:41:34'),
(330, 27, 18, 'White or Brown Rice', 2, NULL, '2020-04-17 16:41:34', '2020-04-17 16:41:34'),
(331, 27, 18, 'Small Salad', 1, NULL, '2020-04-17 16:41:34', '2020-04-17 16:41:34'),
(332, 27, 18, 'Cookies', 3, NULL, '2020-04-17 16:41:34', '2020-04-17 16:41:34'),
(333, 27, 18, 'Brownie', 3, NULL, '2020-04-17 16:41:34', '2020-04-17 16:41:34'),
(334, 27, 19, 'Grilled Chicken Breast', 1, NULL, '2020-04-17 16:43:48', '2020-04-17 16:43:48'),
(335, 27, 19, 'Grilled Beef', 2, NULL, '2020-04-17 16:43:48', '2020-04-17 16:43:48'),
(336, 27, 19, 'Grilled Salmon', 4, NULL, '2020-04-17 16:43:48', '2020-04-17 16:43:48'),
(337, 27, 19, 'White or Brown Rice', 2, NULL, '2020-04-17 16:43:48', '2020-04-17 16:43:48'),
(338, 27, 19, 'Small Salad', 1, NULL, '2020-04-17 16:43:48', '2020-04-17 16:43:48'),
(339, 27, 19, 'Cookies', 3, NULL, '2020-04-17 16:43:48', '2020-04-17 16:43:48'),
(340, 27, 19, 'Brownie', 3, NULL, '2020-04-17 16:43:48', '2020-04-17 16:43:48'),
(341, 27, 13, 'Grilled Chicken Breast', 1, NULL, '2020-04-17 16:47:49', '2020-04-17 16:47:49'),
(342, 27, 13, 'Grilled Beef', 2, NULL, '2020-04-17 16:47:49', '2020-04-17 16:47:49'),
(343, 27, 13, 'Grilled Beef', 4, NULL, '2020-04-17 16:47:49', '2020-04-17 16:47:49'),
(344, 27, 13, 'White or Brown Rice', 2, NULL, '2020-04-17 16:47:49', '2020-04-17 16:47:49'),
(345, 27, 13, 'Small Salad', 1, NULL, '2020-04-17 16:47:49', '2020-04-17 16:47:49'),
(346, 27, 13, 'Cookies', 3, NULL, '2020-04-17 16:47:49', '2020-04-17 16:47:49'),
(347, 27, 13, 'Brownie', 3, NULL, '2020-04-17 16:47:49', '2020-04-17 16:47:49'),
(348, 27, 21, 'Grilled Chicken Breast', 1, NULL, '2020-04-17 16:56:26', '2020-04-17 16:56:26'),
(349, 27, 21, 'Grilled Chicken Breast', 2, NULL, '2020-04-17 16:56:26', '2020-04-17 16:56:26'),
(350, 27, 21, 'Grilled Chicken Breast', 4, NULL, '2020-04-17 16:56:26', '2020-04-17 16:56:26'),
(351, 27, 21, 'White or Brown Rice', 2, NULL, '2020-04-17 16:56:26', '2020-04-17 16:56:26'),
(352, 27, 21, 'Small Salad', 1, NULL, '2020-04-17 16:56:26', '2020-04-17 16:56:26'),
(353, 27, 21, 'Cookies', 3, NULL, '2020-04-17 16:56:26', '2020-04-17 16:56:26'),
(354, 27, 21, 'Brownie', 3, NULL, '2020-04-17 16:56:26', '2020-04-17 16:56:26'),
(355, 27, 22, 'Grilled Beef', 1, NULL, '2020-04-17 16:58:24', '2020-04-17 16:58:24'),
(356, 27, 22, 'Grilled Beef', 2, NULL, '2020-04-17 16:58:24', '2020-04-17 16:58:24'),
(357, 27, 22, 'Grilled Beef', 4, NULL, '2020-04-17 16:58:24', '2020-04-17 16:58:24'),
(358, 27, 22, 'White or Brown Rice', 2, NULL, '2020-04-17 16:58:24', '2020-04-17 16:58:24'),
(359, 27, 22, 'Small Salad', 1, NULL, '2020-04-17 16:58:24', '2020-04-17 16:58:24'),
(360, 27, 22, 'Cookies', 3, NULL, '2020-04-17 16:58:24', '2020-04-17 16:58:24'),
(361, 27, 22, 'Brownie', 3, NULL, '2020-04-17 16:58:24', '2020-04-17 16:58:24'),
(362, 27, 23, 'Grilled Chicken Breast', 1, NULL, '2020-04-17 17:00:04', '2020-04-17 17:00:04'),
(363, 27, 23, 'Grilled Chicken Breast', 2, NULL, '2020-04-17 17:00:04', '2020-04-17 17:00:04'),
(364, 27, 23, 'Grilled Salmon', 4, NULL, '2020-04-17 17:00:04', '2020-04-17 17:00:04'),
(365, 27, 23, 'White or Brown Rice', 2, NULL, '2020-04-17 17:00:04', '2020-04-17 17:00:04'),
(366, 27, 23, 'Small Salad', 1, NULL, '2020-04-17 17:00:04', '2020-04-17 17:00:04'),
(367, 27, 23, 'Cookies', 3, NULL, '2020-04-17 17:00:04', '2020-04-17 17:00:04'),
(368, 27, 23, 'Brownie', 3, NULL, '2020-04-17 17:00:04', '2020-04-17 17:00:04'),
(369, 27, 24, 'Grilled Chicken Breast', 1, NULL, '2020-04-17 17:01:43', '2020-04-17 17:01:43'),
(370, 27, 24, 'Grilled Chicken Breast', 2, NULL, '2020-04-17 17:01:43', '2020-04-17 17:01:43'),
(371, 27, 24, 'Grilled Hamour', 4, NULL, '2020-04-17 17:01:43', '2020-04-17 17:01:43'),
(372, 27, 24, 'White or Brown Rice', 2, NULL, '2020-04-17 17:01:43', '2020-04-17 17:01:43'),
(373, 27, 24, 'Small Salad', 1, NULL, '2020-04-17 17:01:43', '2020-04-17 17:01:43'),
(374, 27, 24, 'Cookies', 3, NULL, '2020-04-17 17:01:43', '2020-04-17 17:01:43'),
(375, 27, 24, 'Brownie', 3, NULL, '2020-04-17 17:01:43', '2020-04-17 17:01:43'),
(376, 28, 18, 'Grilled Chicken Breast', 1, NULL, '2020-04-17 17:08:58', '2020-04-17 17:08:58'),
(377, 28, 18, 'Grilled Beef', 2, NULL, '2020-04-17 17:08:58', '2020-04-17 17:08:58'),
(378, 28, 18, 'Grilled Hamour', 4, NULL, '2020-04-17 17:08:58', '2020-04-17 17:08:58'),
(379, 28, 18, 'White or Brown Rice', 2, NULL, '2020-04-17 17:08:58', '2020-04-17 17:08:58'),
(380, 28, 18, 'Small Salad', 1, NULL, '2020-04-17 17:08:58', '2020-04-17 17:08:58'),
(381, 28, 18, 'Cookies', 3, NULL, '2020-04-17 17:08:58', '2020-04-17 17:08:58'),
(382, 28, 18, 'Brownie', 3, NULL, '2020-04-17 17:08:58', '2020-04-17 17:08:58'),
(383, 28, 19, 'Grilled Chicken Breast', 1, NULL, '2020-04-17 17:10:43', '2020-04-17 17:10:43'),
(384, 28, 19, 'Grilled Beef', 2, NULL, '2020-04-17 17:10:43', '2020-04-17 17:10:43'),
(385, 28, 19, 'Grilled Salmon', 4, NULL, '2020-04-17 17:10:43', '2020-04-17 17:10:43'),
(386, 28, 19, 'White or Brown Rice', 2, NULL, '2020-04-17 17:10:43', '2020-04-17 17:10:43'),
(387, 28, 19, 'Small Salad', 1, NULL, '2020-04-17 17:10:43', '2020-04-17 17:10:43'),
(388, 28, 19, 'Cookies', 3, NULL, '2020-04-17 17:10:43', '2020-04-17 17:10:43'),
(389, 28, 19, 'Brownie', 3, NULL, '2020-04-17 17:10:43', '2020-04-17 17:10:43'),
(390, 28, 20, 'Grilled Chicken Breast', 1, NULL, '2020-04-17 17:13:53', '2020-04-17 17:13:53'),
(391, 28, 20, 'Grilled Beef', 2, NULL, '2020-04-17 17:13:53', '2020-04-17 17:13:53'),
(392, 28, 20, 'Grilled Beef', 4, NULL, '2020-04-17 17:13:53', '2020-04-17 17:13:53'),
(393, 28, 20, 'White or Brown Rice', 2, NULL, '2020-04-17 17:13:53', '2020-04-17 17:13:53'),
(394, 28, 20, 'Small Salad', 1, NULL, '2020-04-17 17:13:53', '2020-04-17 17:13:53'),
(395, 28, 20, 'Cookies', 3, NULL, '2020-04-17 17:13:53', '2020-04-17 17:13:53'),
(396, 28, 20, 'Brownie', 3, NULL, '2020-04-17 17:13:53', '2020-04-17 17:13:53'),
(397, 28, 21, 'Grilled Chicken Breast', 1, NULL, '2020-04-17 17:15:15', '2020-04-17 17:15:15'),
(398, 28, 21, 'Grilled Chicken Breast', 2, NULL, '2020-04-17 17:15:15', '2020-04-17 17:15:15'),
(399, 28, 21, 'Grilled Chicken Breast', 4, NULL, '2020-04-17 17:15:15', '2020-04-17 17:15:15'),
(400, 28, 21, 'White or Brown Rice', 2, NULL, '2020-04-17 17:15:15', '2020-04-17 17:15:15'),
(401, 28, 21, 'Small Salad', 1, NULL, '2020-04-17 17:15:15', '2020-04-17 17:15:15'),
(402, 28, 21, 'Cookies', 3, NULL, '2020-04-17 17:15:15', '2020-04-17 17:15:15'),
(403, 28, 21, 'Brownie', 3, NULL, '2020-04-17 17:15:15', '2020-04-17 17:15:15'),
(404, 28, 22, 'Grilled Beef', 1, NULL, '2020-04-17 17:16:46', '2020-04-17 17:16:46'),
(405, 28, 22, 'Grilled Beef', 2, NULL, '2020-04-17 17:16:46', '2020-04-17 17:16:46'),
(406, 28, 22, 'Grilled Beef', 4, NULL, '2020-04-17 17:16:46', '2020-04-17 17:16:46'),
(407, 28, 22, 'White or Brown Rice', 2, NULL, '2020-04-17 17:16:46', '2020-04-17 17:16:46'),
(408, 28, 22, 'Small Salad', 1, NULL, '2020-04-17 17:16:46', '2020-04-17 17:16:46'),
(409, 28, 22, 'Cookies', 3, NULL, '2020-04-17 17:16:46', '2020-04-17 17:16:46'),
(410, 28, 22, 'Brownie', 3, NULL, '2020-04-17 17:16:46', '2020-04-17 17:16:46'),
(411, 28, 23, 'Grilled Chicken Breast', 1, NULL, '2020-04-17 17:18:11', '2020-04-17 17:18:11'),
(412, 28, 23, 'Grilled Chicken Breast', 2, NULL, '2020-04-17 17:18:11', '2020-04-17 17:18:11'),
(413, 28, 23, 'Grilled Salmon', 4, NULL, '2020-04-17 17:18:11', '2020-04-17 17:18:11'),
(414, 28, 23, 'White or Brown Rice', 2, NULL, '2020-04-17 17:18:11', '2020-04-17 17:18:11'),
(415, 28, 23, 'Small Salad', 1, NULL, '2020-04-17 17:18:11', '2020-04-17 17:18:11'),
(416, 28, 23, 'Cookies', 3, NULL, '2020-04-17 17:18:11', '2020-04-17 17:18:11'),
(417, 28, 23, 'Brownie', 3, NULL, '2020-04-17 17:18:11', '2020-04-17 17:18:11'),
(418, 28, 24, 'Grilled Chicken Breast', 1, NULL, '2020-04-17 17:19:38', '2020-04-17 17:19:38'),
(419, 28, 24, 'Grilled Chicken Breast', 2, NULL, '2020-04-17 17:19:38', '2020-04-17 17:19:38'),
(420, 28, 24, 'Grilled Hamour', 4, NULL, '2020-04-17 17:19:38', '2020-04-17 17:19:38'),
(421, 28, 24, 'White or Brown Rice', 2, NULL, '2020-04-17 17:19:38', '2020-04-17 17:19:38'),
(422, 28, 24, 'Small Salad', 1, NULL, '2020-04-17 17:19:38', '2020-04-17 17:19:38'),
(423, 28, 24, 'Cookies', 3, NULL, '2020-04-17 17:19:38', '2020-04-17 17:19:38'),
(424, 28, 24, 'Brownie', 3, NULL, '2020-04-17 17:19:38', '2020-04-17 17:19:38'),
(425, 29, 18, 'Grilled Chicken Breast', 1, NULL, '2020-04-17 17:57:33', '2020-04-17 17:57:33'),
(426, 29, 18, 'Grilled Beef', 2, NULL, '2020-04-17 17:57:33', '2020-04-17 17:57:33'),
(427, 29, 18, 'Grilled Hamour', 4, NULL, '2020-04-17 17:57:33', '2020-04-17 17:57:33'),
(428, 29, 18, 'White or Brown Rice', 2, NULL, '2020-04-17 17:57:33', '2020-04-17 17:57:33'),
(429, 29, 18, 'Small Salad', 1, NULL, '2020-04-17 17:57:33', '2020-04-17 17:57:33'),
(430, 29, 18, 'Cookies', 3, NULL, '2020-04-17 17:57:33', '2020-04-17 17:57:33'),
(431, 29, 18, 'Brownie', 3, NULL, '2020-04-17 17:57:33', '2020-04-17 17:57:33'),
(432, 29, 19, 'Grilled Chicken Breast', 1, NULL, '2020-04-17 18:01:31', '2020-04-17 18:01:31'),
(433, 29, 19, 'Grilled Beef', 2, NULL, '2020-04-17 18:01:31', '2020-04-17 18:01:31'),
(434, 29, 19, 'Grilled Salmon', 4, NULL, '2020-04-17 18:01:31', '2020-04-17 18:01:31'),
(435, 29, 19, 'White or Brown Rice', 2, NULL, '2020-04-17 18:01:31', '2020-04-17 18:01:31'),
(436, 29, 19, 'Small Salad', 1, NULL, '2020-04-17 18:01:31', '2020-04-17 18:01:31'),
(437, 29, 19, 'Cookies', 3, NULL, '2020-04-17 18:01:31', '2020-04-17 18:01:31'),
(438, 29, 19, 'Brownie', 3, NULL, '2020-04-17 18:01:31', '2020-04-17 18:01:31'),
(439, 29, 20, 'Grilled Chicken Breast', 1, NULL, '2020-04-17 18:02:54', '2020-04-17 18:02:54'),
(440, 29, 20, 'Grilled Beef', 2, NULL, '2020-04-17 18:02:54', '2020-04-17 18:02:54'),
(441, 29, 20, 'Grilled Beef', 4, NULL, '2020-04-17 18:02:54', '2020-04-17 18:02:54'),
(442, 29, 20, 'White or Brown Rice', 2, NULL, '2020-04-17 18:02:54', '2020-04-17 18:02:54'),
(443, 29, 20, 'Small Salad', 1, NULL, '2020-04-17 18:02:54', '2020-04-17 18:02:54'),
(444, 29, 20, 'Cookies', 3, NULL, '2020-04-17 18:02:54', '2020-04-17 18:02:54'),
(445, 29, 20, 'Brownie', 3, NULL, '2020-04-17 18:02:54', '2020-04-17 18:02:54'),
(446, 29, 21, 'Grilled Chicken Breast', 1, NULL, '2020-04-17 18:04:20', '2020-04-17 18:04:20'),
(447, 29, 21, 'Grilled Chicken Breast', 2, NULL, '2020-04-17 18:04:20', '2020-04-17 18:04:20'),
(448, 29, 21, 'Grilled Chicken Breast', 4, NULL, '2020-04-17 18:04:20', '2020-04-17 18:04:20'),
(449, 29, 21, 'White or Brown Rice', 2, NULL, '2020-04-17 18:04:20', '2020-04-17 18:04:20'),
(450, 29, 21, 'Small Salad', 1, NULL, '2020-04-17 18:04:20', '2020-04-17 18:04:20'),
(451, 29, 21, 'Cookies', 3, NULL, '2020-04-17 18:04:20', '2020-04-17 18:04:20'),
(452, 29, 21, 'Brownie', 3, NULL, '2020-04-17 18:04:20', '2020-04-17 18:04:20'),
(460, 29, 22, 'Grilled Beef', 1, NULL, '2020-04-17 18:05:48', '2020-04-17 18:05:48'),
(461, 29, 22, 'Grilled Beef', 2, NULL, '2020-04-17 18:05:48', '2020-04-17 18:05:48'),
(462, 29, 22, 'Grilled Beef', 4, NULL, '2020-04-17 18:05:48', '2020-04-17 18:05:48'),
(463, 29, 22, 'White or Brown Rice', 2, NULL, '2020-04-17 18:05:48', '2020-04-17 18:05:48'),
(464, 29, 22, 'Small Salad', 1, NULL, '2020-04-17 18:05:48', '2020-04-17 18:05:48'),
(465, 29, 22, 'Cookies', 3, NULL, '2020-04-17 18:05:48', '2020-04-17 18:05:48'),
(466, 29, 22, 'Brownie', 3, NULL, '2020-04-17 18:05:48', '2020-04-17 18:05:48'),
(467, 29, 23, 'Grilled Chicken Breast', 1, NULL, '2020-04-17 18:07:23', '2020-04-17 18:07:23'),
(468, 29, 23, 'Grilled Chicken Breast', 2, NULL, '2020-04-17 18:07:23', '2020-04-17 18:07:23'),
(469, 29, 23, 'Grilled Salmon', 4, NULL, '2020-04-17 18:07:23', '2020-04-17 18:07:23'),
(470, 29, 23, 'White or Brown Rice', 2, NULL, '2020-04-17 18:07:23', '2020-04-17 18:07:23'),
(471, 29, 23, 'Small Salad', 1, NULL, '2020-04-17 18:07:23', '2020-04-17 18:07:23'),
(472, 29, 23, 'Cookies', 3, NULL, '2020-04-17 18:07:23', '2020-04-17 18:07:23'),
(473, 29, 23, 'Brownie', 3, NULL, '2020-04-17 18:07:23', '2020-04-17 18:07:23'),
(474, 29, 24, 'Grilled Chicken Breast', 1, NULL, '2020-04-17 18:08:20', '2020-04-17 18:08:20'),
(475, 29, 24, 'Grilled Chicken Breast', 2, NULL, '2020-04-17 18:08:20', '2020-04-17 18:08:20'),
(476, 29, 24, 'Grilled Hamour', 4, NULL, '2020-04-17 18:08:20', '2020-04-17 18:08:20'),
(477, 29, 24, 'White or Brown Rice', 2, NULL, '2020-04-17 18:08:20', '2020-04-17 18:08:20'),
(478, 29, 24, 'Small Salad', 1, NULL, '2020-04-17 18:08:20', '2020-04-17 18:08:20'),
(479, 29, 24, 'Cookies', 3, NULL, '2020-04-17 18:08:20', '2020-04-17 18:08:20'),
(480, 29, 24, 'Brownie', 3, NULL, '2020-04-17 18:08:20', '2020-04-17 18:08:20'),
(481, 30, 18, 'Grilled Chicken Breast', 1, NULL, '2020-04-17 18:11:12', '2020-04-17 18:11:12'),
(482, 30, 18, 'Grilled Beef', 2, NULL, '2020-04-17 18:11:12', '2020-04-17 18:11:12'),
(483, 30, 18, 'Grilled Hamour', 4, NULL, '2020-04-17 18:11:12', '2020-04-17 18:11:12'),
(484, 30, 18, 'White or Brown Rice', 2, NULL, '2020-04-17 18:11:12', '2020-04-17 18:11:12'),
(485, 30, 18, 'Small Salad', 1, NULL, '2020-04-17 18:11:12', '2020-04-17 18:11:12'),
(486, 30, 18, 'Cookies', 3, NULL, '2020-04-17 18:11:12', '2020-04-17 18:11:12'),
(487, 30, 18, 'Brownie', 3, NULL, '2020-04-17 18:11:12', '2020-04-17 18:11:12'),
(488, 30, 19, 'Grilled Chicken Breast', 1, NULL, '2020-04-17 18:14:08', '2020-04-17 18:14:08'),
(489, 30, 19, 'Grilled Beef', 2, NULL, '2020-04-17 18:14:08', '2020-04-17 18:14:08'),
(490, 30, 19, 'Grilled Salmon', 4, NULL, '2020-04-17 18:14:08', '2020-04-17 18:14:08'),
(491, 30, 19, 'White or Brown Rice', 2, NULL, '2020-04-17 18:14:08', '2020-04-17 18:14:08'),
(492, 30, 19, 'Small Salad', 1, NULL, '2020-04-17 18:14:08', '2020-04-17 18:14:08'),
(493, 30, 19, 'Cookies', 3, NULL, '2020-04-17 18:14:08', '2020-04-17 18:14:08'),
(494, 30, 19, 'Brownie', 3, NULL, '2020-04-17 18:14:08', '2020-04-17 18:14:08'),
(495, 30, 20, 'Grilled Chicken Breast', 1, NULL, '2020-04-17 18:15:32', '2020-04-17 18:15:32'),
(496, 30, 20, 'Grilled Beef', 2, NULL, '2020-04-17 18:15:32', '2020-04-17 18:15:32'),
(497, 30, 20, 'Grilled Beef', 4, NULL, '2020-04-17 18:15:32', '2020-04-17 18:15:32'),
(498, 30, 20, 'White or Brown Rice', 2, NULL, '2020-04-17 18:15:32', '2020-04-17 18:15:32'),
(499, 30, 20, 'Small Salad', 1, NULL, '2020-04-17 18:15:32', '2020-04-17 18:15:32'),
(500, 30, 20, 'Cookies', 3, NULL, '2020-04-17 18:15:32', '2020-04-17 18:15:32'),
(501, 30, 20, 'Brownie', 3, NULL, '2020-04-17 18:15:32', '2020-04-17 18:15:32'),
(502, 30, 21, 'Grilled Chicken Breast', 1, NULL, '2020-04-17 18:16:33', '2020-04-17 18:16:33'),
(503, 30, 21, 'Grilled Chicken Breast', 2, NULL, '2020-04-17 18:16:33', '2020-04-17 18:16:33'),
(504, 30, 21, 'Grilled Chicken Breast', 4, NULL, '2020-04-17 18:16:33', '2020-04-17 18:16:33'),
(505, 30, 21, 'White or Brown Rice', 2, NULL, '2020-04-17 18:16:33', '2020-04-17 18:16:33'),
(506, 30, 21, 'Small Salad', 1, NULL, '2020-04-17 18:16:33', '2020-04-17 18:16:33'),
(507, 30, 21, 'Cookies', 3, NULL, '2020-04-17 18:16:33', '2020-04-17 18:16:33'),
(508, 30, 21, 'Brownie', 3, NULL, '2020-04-17 18:16:33', '2020-04-17 18:16:33'),
(509, 30, 22, 'Grilled Beef', 1, NULL, '2020-04-17 18:17:42', '2020-04-17 18:17:42'),
(510, 30, 22, 'Grilled Beef', 2, NULL, '2020-04-17 18:17:42', '2020-04-17 18:17:42'),
(511, 30, 22, 'Grilled Beef', 4, NULL, '2020-04-17 18:17:42', '2020-04-17 18:17:42'),
(512, 30, 22, 'White or Brown Rice', 2, NULL, '2020-04-17 18:17:42', '2020-04-17 18:17:42'),
(513, 30, 22, 'Small Salad', 1, NULL, '2020-04-17 18:17:42', '2020-04-17 18:17:42'),
(514, 30, 22, 'Cookies', 3, NULL, '2020-04-17 18:17:42', '2020-04-17 18:17:42'),
(515, 30, 22, 'Brownie', 3, NULL, '2020-04-17 18:17:42', '2020-04-17 18:17:42'),
(516, 30, 23, 'Grilled Chicken Breast', 1, NULL, '2020-04-17 18:19:01', '2020-04-17 18:19:01'),
(517, 30, 23, 'Grilled Chicken Breast', 2, NULL, '2020-04-17 18:19:01', '2020-04-17 18:19:01'),
(518, 30, 23, 'Grilled Salmon', 4, NULL, '2020-04-17 18:19:01', '2020-04-17 18:19:01'),
(519, 30, 23, 'White or Brown Rice', 2, NULL, '2020-04-17 18:19:01', '2020-04-17 18:19:01'),
(520, 30, 23, 'Small Salad', 1, NULL, '2020-04-17 18:19:01', '2020-04-17 18:19:01'),
(521, 30, 23, 'Cookies', 3, NULL, '2020-04-17 18:19:01', '2020-04-17 18:19:01'),
(522, 30, 23, 'Brownie', 3, NULL, '2020-04-17 18:19:01', '2020-04-17 18:19:01'),
(523, 30, 24, 'Grilled Chicken Breast', 1, NULL, '2020-04-17 18:20:42', '2020-04-17 18:20:42'),
(524, 30, 24, 'Grilled Chicken Breast', 2, NULL, '2020-04-17 18:20:42', '2020-04-17 18:20:42'),
(525, 30, 24, 'Grilled Hamour', 4, NULL, '2020-04-17 18:20:42', '2020-04-17 18:20:42'),
(526, 30, 24, 'White or Brown Rice', 2, NULL, '2020-04-17 18:20:42', '2020-04-17 18:20:42'),
(527, 30, 24, 'Small Salad', 1, NULL, '2020-04-17 18:20:42', '2020-04-17 18:20:42'),
(528, 30, 24, 'Cookies', 3, NULL, '2020-04-17 18:20:42', '2020-04-17 18:20:42'),
(529, 30, 24, 'Brownie', 3, NULL, '2020-04-17 18:20:42', '2020-04-17 18:20:42'),
(530, 18, 25, 'Grilled Chicken Skewer', 1, NULL, '2020-04-17 18:37:54', '2020-04-17 18:37:54'),
(531, 18, 25, 'White or Brown Rice', 1, NULL, '2020-04-17 18:37:54', '2020-04-17 18:37:54'),
(532, 18, 25, 'Small Salad', 1, NULL, '2020-04-17 18:37:54', '2020-04-17 18:37:54'),
(533, 18, 25, 'Cookies', 1, NULL, '2020-04-17 18:37:54', '2020-04-17 18:37:54'),
(534, 18, 25, 'Brownie', 1, NULL, '2020-04-17 18:37:54', '2020-04-17 18:37:54'),
(535, 18, 26, 'Grilled Beef Skewer', 1, NULL, '2020-04-17 18:40:12', '2020-04-17 18:40:12'),
(536, 18, 26, 'White or Brown Rice', 1, NULL, '2020-04-17 18:40:12', '2020-04-17 18:40:12'),
(537, 18, 26, 'Small Salad', 1, NULL, '2020-04-17 18:40:12', '2020-04-17 18:40:12'),
(538, 18, 26, 'Cookies', 1, NULL, '2020-04-17 18:40:12', '2020-04-17 18:40:12'),
(539, 18, 26, 'Brownie', 1, NULL, '2020-04-17 18:40:12', '2020-04-17 18:40:12'),
(540, 18, 27, 'Grilled Salmon & Artichoke Heart', 1, NULL, '2020-04-17 18:41:24', '2020-04-17 18:41:24'),
(541, 18, 27, 'White or Brown Rice', 1, NULL, '2020-04-17 18:41:24', '2020-04-17 18:41:24'),
(542, 18, 27, 'Small Salad', 1, NULL, '2020-04-17 18:41:24', '2020-04-17 18:41:24'),
(543, 18, 27, 'Cookies', 1, NULL, '2020-04-17 18:41:24', '2020-04-17 18:41:24'),
(544, 18, 27, 'Brownie', 1, NULL, '2020-04-17 18:41:24', '2020-04-17 18:41:24'),
(545, 18, 28, 'Grilled Hamour & Spinach', 1, NULL, '2020-04-17 18:42:11', '2020-04-17 18:42:11'),
(546, 18, 28, 'White or Brown Rice', 1, NULL, '2020-04-17 18:42:11', '2020-04-17 18:42:11'),
(547, 18, 28, 'Small Salad', 1, NULL, '2020-04-17 18:42:11', '2020-04-17 18:42:11'),
(548, 18, 28, 'Cookies', 1, NULL, '2020-04-17 18:42:11', '2020-04-17 18:42:11'),
(549, 18, 28, 'Brownie', 1, NULL, '2020-04-17 18:42:11', '2020-04-17 18:42:11'),
(550, 18, 29, 'Cajun Jambo Shrimp', 1, NULL, '2020-04-17 18:43:38', '2020-04-17 18:43:38'),
(551, 18, 29, 'White or Brown Rice', 1, NULL, '2020-04-17 18:43:38', '2020-04-17 18:43:38'),
(552, 18, 29, 'Small Salad', 1, NULL, '2020-04-17 18:43:38', '2020-04-17 18:43:38'),
(553, 18, 29, 'Cookies', 1, NULL, '2020-04-17 18:43:38', '2020-04-17 18:43:38'),
(554, 18, 29, 'Brownie', 1, NULL, '2020-04-17 18:43:38', '2020-04-17 18:43:38'),
(555, 18, 30, 'Grilled Beef Steak With Mushroom', 1, NULL, '2020-04-17 18:44:20', '2020-04-17 18:44:20'),
(556, 18, 30, 'White or Brown Rice', 1, NULL, '2020-04-17 18:44:20', '2020-04-17 18:44:20'),
(557, 18, 30, 'Small Salad', 1, NULL, '2020-04-17 18:44:20', '2020-04-17 18:44:20'),
(558, 18, 30, 'Cookies', 1, NULL, '2020-04-17 18:44:20', '2020-04-17 18:44:20'),
(559, 18, 30, 'Brownie', 1, NULL, '2020-04-17 18:44:20', '2020-04-17 18:44:20'),
(560, 18, 31, 'Chicken With Lemon Sauce', 1, NULL, '2020-04-17 18:45:04', '2020-04-17 18:45:04'),
(561, 18, 31, 'White or Brown Rice', 1, NULL, '2020-04-17 18:45:04', '2020-04-17 18:45:04'),
(562, 18, 31, 'Small Salad', 1, NULL, '2020-04-17 18:45:04', '2020-04-17 18:45:04'),
(563, 18, 31, 'Cookies', 1, NULL, '2020-04-17 18:45:04', '2020-04-17 18:45:04'),
(564, 18, 31, 'Brownie', 1, NULL, '2020-04-17 18:45:04', '2020-04-17 18:45:04'),
(565, 18, 32, 'Beef Stroganoff', 1, NULL, '2020-04-17 18:47:07', '2020-04-17 18:47:07'),
(566, 18, 32, 'Tagliatelle Pasta', 1, NULL, '2020-04-17 18:47:07', '2020-04-17 18:47:07'),
(567, 18, 32, 'Small Salad', 1, NULL, '2020-04-17 18:47:07', '2020-04-17 18:47:07'),
(568, 18, 32, 'Cookies', 1, NULL, '2020-04-17 18:47:07', '2020-04-17 18:47:07'),
(569, 18, 32, 'Brownie', 1, NULL, '2020-04-17 18:47:07', '2020-04-17 18:47:07'),
(570, 19, 25, 'Grilled Chicken Skewer', 1, NULL, '2020-04-17 18:48:29', '2020-04-17 18:48:29'),
(571, 19, 25, 'White or Brown Rice', 1, NULL, '2020-04-17 18:48:29', '2020-04-17 18:48:29'),
(572, 19, 25, 'Small Salad', 1, NULL, '2020-04-17 18:48:29', '2020-04-17 18:48:29'),
(573, 19, 25, 'Cookies', 1, NULL, '2020-04-17 18:48:29', '2020-04-17 18:48:29'),
(574, 19, 25, 'Brownie', 1, NULL, '2020-04-17 18:48:29', '2020-04-17 18:48:29'),
(575, 19, 26, 'Grilled Beef Skewer', 1, NULL, '2020-04-17 18:49:16', '2020-04-17 18:49:16'),
(576, 19, 26, 'White or Brown Rice', 1, NULL, '2020-04-17 18:49:16', '2020-04-17 18:49:16'),
(577, 19, 26, 'Small Salad', 1, NULL, '2020-04-17 18:49:16', '2020-04-17 18:49:16'),
(578, 19, 26, 'Cookies', 1, NULL, '2020-04-17 18:49:16', '2020-04-17 18:49:16'),
(579, 19, 26, 'Brownie', 1, NULL, '2020-04-17 18:49:16', '2020-04-17 18:49:16'),
(580, 19, 27, 'Grilled Salmon & Artichoke Heart', 1, NULL, '2020-04-17 18:50:17', '2020-04-17 18:50:17'),
(581, 19, 27, 'White or Brown Rice', 1, NULL, '2020-04-17 18:50:17', '2020-04-17 18:50:17'),
(582, 19, 27, 'Small Salad', 1, NULL, '2020-04-17 18:50:17', '2020-04-17 18:50:17'),
(583, 19, 27, 'Cookies', 1, NULL, '2020-04-17 18:50:17', '2020-04-17 18:50:17'),
(584, 19, 27, 'Brownie', 1, NULL, '2020-04-17 18:50:17', '2020-04-17 18:50:17'),
(585, 19, 28, 'Cajun Jambo Shrimp', 1, NULL, '2020-04-17 18:52:06', '2020-04-17 18:52:06'),
(586, 19, 28, 'White or Brown Rice', 1, NULL, '2020-04-17 18:52:06', '2020-04-17 18:52:06'),
(587, 19, 28, 'Small Salad', 1, NULL, '2020-04-17 18:52:06', '2020-04-17 18:52:06'),
(588, 19, 28, 'Cookies', 1, NULL, '2020-04-17 18:52:06', '2020-04-17 18:52:06'),
(589, 19, 28, 'Brownie', 1, NULL, '2020-04-17 18:52:06', '2020-04-17 18:52:06'),
(590, 19, 29, 'Grilled Beef Steak with Mushroom Sauce', 1, NULL, '2020-04-17 18:53:01', '2020-04-17 18:53:01'),
(591, 19, 29, 'White or Brown Rice', 1, NULL, '2020-04-17 18:53:01', '2020-04-17 18:53:01'),
(592, 19, 29, 'Small Salad', 1, NULL, '2020-04-17 18:53:01', '2020-04-17 18:53:01'),
(593, 19, 29, 'Cookies', 1, NULL, '2020-04-17 18:53:01', '2020-04-17 18:53:01'),
(594, 19, 29, 'Brownie', 1, NULL, '2020-04-17 18:53:01', '2020-04-17 18:53:01'),
(595, 19, 30, 'Chicken With Lemon Sauce', 1, NULL, '2020-04-17 18:53:35', '2020-04-17 18:53:35'),
(596, 19, 30, 'White or Brown Rice', 1, NULL, '2020-04-17 18:53:35', '2020-04-17 18:53:35'),
(597, 19, 30, 'Small Salad', 1, NULL, '2020-04-17 18:53:35', '2020-04-17 18:53:35'),
(598, 19, 30, 'Cookies', 1, NULL, '2020-04-17 18:53:35', '2020-04-17 18:53:35'),
(599, 19, 30, 'Brownie', 1, NULL, '2020-04-17 18:53:35', '2020-04-17 18:53:35'),
(600, 19, 31, 'Beef Stroganoff', 1, NULL, '2020-04-17 18:54:29', '2020-04-17 18:54:29'),
(601, 19, 31, 'Tagliatelle Pasta', 1, NULL, '2020-04-17 18:54:29', '2020-04-17 18:54:29'),
(602, 19, 31, 'Small Salad', 1, NULL, '2020-04-17 18:54:29', '2020-04-17 18:54:29'),
(603, 19, 31, 'Cookies', 1, NULL, '2020-04-17 18:54:29', '2020-04-17 18:54:29'),
(604, 19, 31, 'Brownie', 1, NULL, '2020-04-17 18:54:29', '2020-04-17 18:54:29'),
(605, 19, 32, 'Grilled Hamour & Spinach', 1, NULL, '2020-04-17 18:59:35', '2020-04-17 18:59:35'),
(606, 19, 32, 'White or Brown Rice', 1, NULL, '2020-04-17 18:59:35', '2020-04-17 18:59:35'),
(607, 19, 32, 'Small Salad', 1, NULL, '2020-04-17 18:59:35', '2020-04-17 18:59:35'),
(608, 19, 32, 'Cookies', 1, NULL, '2020-04-17 18:59:35', '2020-04-17 18:59:35'),
(609, 19, 32, 'Brownie', 1, NULL, '2020-04-17 18:59:35', '2020-04-17 18:59:35'),
(610, 20, 25, 'Grilled Chicken Skewer', 1, NULL, '2020-04-17 19:01:28', '2020-04-17 19:01:28'),
(611, 20, 25, 'White or Brown Rice', 1, NULL, '2020-04-17 19:01:28', '2020-04-17 19:01:28'),
(612, 20, 25, 'Small Salad', 1, NULL, '2020-04-17 19:01:28', '2020-04-17 19:01:28'),
(613, 20, 25, 'Cookies', 1, NULL, '2020-04-17 19:01:28', '2020-04-17 19:01:28'),
(614, 20, 25, 'Brownie', 1, NULL, '2020-04-17 19:01:28', '2020-04-17 19:01:28'),
(615, 20, 26, 'Grilled Beef Skewer', 1, NULL, '2020-04-17 19:02:11', '2020-04-17 19:02:11'),
(616, 20, 26, 'White or Brown Rice', 1, NULL, '2020-04-17 19:02:11', '2020-04-17 19:02:11'),
(617, 20, 26, 'Small Salad', 1, NULL, '2020-04-17 19:02:11', '2020-04-17 19:02:11'),
(618, 20, 26, 'Cookies', 1, NULL, '2020-04-17 19:02:11', '2020-04-17 19:02:11'),
(619, 20, 26, 'Brownie', 1, NULL, '2020-04-17 19:02:11', '2020-04-17 19:02:11'),
(620, 20, 27, 'Grilled Salmon & Artichoke Heart', 1, NULL, '2020-04-17 19:03:04', '2020-04-17 19:03:04'),
(621, 20, 27, 'White or Brown Rice', 1, NULL, '2020-04-17 19:03:04', '2020-04-17 19:03:04'),
(622, 20, 27, 'Small Salad', 1, NULL, '2020-04-17 19:03:04', '2020-04-17 19:03:04'),
(623, 20, 27, 'Cookies', 1, NULL, '2020-04-17 19:03:04', '2020-04-17 19:03:04'),
(624, 20, 27, 'Brownie', 1, NULL, '2020-04-17 19:03:04', '2020-04-17 19:03:04'),
(625, 20, 28, 'Grilled Hamour & Spinach', 1, NULL, '2020-04-17 19:04:01', '2020-04-17 19:04:01'),
(626, 20, 28, 'White or Brown Rice', 1, NULL, '2020-04-17 19:04:01', '2020-04-17 19:04:01'),
(627, 20, 28, 'Small Salad', 1, NULL, '2020-04-17 19:04:01', '2020-04-17 19:04:01'),
(628, 20, 28, 'Cookies', 1, NULL, '2020-04-17 19:04:01', '2020-04-17 19:04:01'),
(629, 20, 28, 'Brownie', 1, NULL, '2020-04-17 19:04:01', '2020-04-17 19:04:01'),
(630, 20, 29, 'Cajun Jambo Shrimp', 1, NULL, '2020-04-17 19:05:45', '2020-04-17 19:05:45'),
(631, 20, 29, 'White or Brown Rice', 1, NULL, '2020-04-17 19:05:45', '2020-04-17 19:05:45'),
(632, 20, 29, 'Small Salad', 1, NULL, '2020-04-17 19:05:45', '2020-04-17 19:05:45'),
(633, 20, 29, 'Cookies', 1, NULL, '2020-04-17 19:05:45', '2020-04-17 19:05:45'),
(634, 20, 29, 'Brownie', 1, NULL, '2020-04-17 19:05:45', '2020-04-17 19:05:45'),
(635, 20, 30, 'Grilled Beef Steak with Mushroom Sauce', 1, NULL, '2020-04-17 19:06:21', '2020-04-17 19:06:21'),
(636, 20, 30, 'White or Brown Rice', 1, NULL, '2020-04-17 19:06:21', '2020-04-17 19:06:21'),
(637, 20, 30, 'Small Salad', 1, NULL, '2020-04-17 19:06:21', '2020-04-17 19:06:21'),
(638, 20, 30, 'Cookies', 1, NULL, '2020-04-17 19:06:21', '2020-04-17 19:06:21'),
(639, 20, 30, 'Brownie', 1, NULL, '2020-04-17 19:06:21', '2020-04-17 19:06:21'),
(640, 20, 31, 'Chicken With Lemon Sauce', 1, NULL, '2020-04-17 19:07:02', '2020-04-17 19:07:02'),
(641, 20, 31, 'White or Brown Rice', 1, NULL, '2020-04-17 19:07:02', '2020-04-17 19:07:02'),
(642, 20, 31, 'Small Salad', 1, NULL, '2020-04-17 19:07:02', '2020-04-17 19:07:02'),
(643, 20, 31, 'Cookies', 1, NULL, '2020-04-17 19:07:02', '2020-04-17 19:07:02'),
(644, 20, 31, 'Brownie', 1, NULL, '2020-04-17 19:07:02', '2020-04-17 19:07:02'),
(645, 20, 32, 'Beef Stroganoff', 1, NULL, '2020-04-17 19:07:42', '2020-04-17 19:07:42'),
(646, 20, 32, 'Tagliatelle Pasta', 1, NULL, '2020-04-17 19:07:42', '2020-04-17 19:07:42'),
(647, 20, 32, 'Small Salad', 1, NULL, '2020-04-17 19:07:42', '2020-04-17 19:07:42'),
(648, 20, 32, 'Cookies', 1, NULL, '2020-04-17 19:07:42', '2020-04-17 19:07:42'),
(649, 20, 32, 'Brownie', 1, NULL, '2020-04-17 19:07:42', '2020-04-17 19:07:42'),
(650, 21, 25, 'Grilled Chicken Skewer', 1, NULL, '2020-04-17 19:08:50', '2020-04-17 19:08:50'),
(651, 21, 25, 'White or Brown Rice', 1, NULL, '2020-04-17 19:08:50', '2020-04-17 19:08:50'),
(652, 21, 25, 'Small Salad', 1, NULL, '2020-04-17 19:08:50', '2020-04-17 19:08:50'),
(653, 21, 25, 'Cookies', 1, NULL, '2020-04-17 19:08:50', '2020-04-17 19:08:50'),
(654, 21, 25, 'Brownie', 1, NULL, '2020-04-17 19:08:50', '2020-04-17 19:08:50'),
(655, 21, 26, 'Grilled Beef Skewer', 1, NULL, '2020-04-17 19:10:05', '2020-04-17 19:10:05'),
(656, 21, 26, 'White or Brown Rice', 1, NULL, '2020-04-17 19:10:05', '2020-04-17 19:10:05'),
(657, 21, 26, 'Small Salad', 1, NULL, '2020-04-17 19:10:05', '2020-04-17 19:10:05'),
(658, 21, 26, 'Cookies', 1, NULL, '2020-04-17 19:10:05', '2020-04-17 19:10:05'),
(659, 21, 26, 'Brownie', 1, NULL, '2020-04-17 19:10:05', '2020-04-17 19:10:05'),
(660, 21, 27, 'Grilled Salmon & Artichoke Heart', 1, NULL, '2020-04-17 19:10:38', '2020-04-17 19:10:38'),
(661, 21, 27, 'White or Brown Rice', 1, NULL, '2020-04-17 19:10:38', '2020-04-17 19:10:38'),
(662, 21, 27, 'Small Salad', 1, NULL, '2020-04-17 19:10:38', '2020-04-17 19:10:38'),
(663, 21, 27, 'Cookies', 1, NULL, '2020-04-17 19:10:38', '2020-04-17 19:10:38'),
(664, 21, 27, 'Brownie', 1, NULL, '2020-04-17 19:10:38', '2020-04-17 19:10:38'),
(665, 21, 28, 'Grilled Hamour & Spinach', 1, NULL, '2020-04-17 19:11:26', '2020-04-17 19:11:26'),
(666, 21, 28, 'White or Brown Rice', 1, NULL, '2020-04-17 19:11:26', '2020-04-17 19:11:26'),
(667, 21, 28, 'Small Salad', 1, NULL, '2020-04-17 19:11:26', '2020-04-17 19:11:26'),
(668, 21, 28, 'Cookies', 1, NULL, '2020-04-17 19:11:26', '2020-04-17 19:11:26'),
(669, 21, 28, 'Brownie', 1, NULL, '2020-04-17 19:11:26', '2020-04-17 19:11:26'),
(670, 21, 29, 'Cajun Jambo Shrimp', 1, NULL, '2020-04-17 19:12:06', '2020-04-17 19:12:06'),
(671, 21, 29, 'White or Brown Rice', 1, NULL, '2020-04-17 19:12:06', '2020-04-17 19:12:06');
INSERT INTO `planoptdetails` (`id`, `planoptions_id`, `meal_type`, `food_name`, `food_type`, `food_image`, `created_at`, `updated_at`) VALUES
(672, 21, 29, 'Small Salad', 1, NULL, '2020-04-17 19:12:06', '2020-04-17 19:12:06'),
(673, 21, 29, 'Cookies', 1, NULL, '2020-04-17 19:12:06', '2020-04-17 19:12:06'),
(674, 21, 29, 'Brownie', 1, NULL, '2020-04-17 19:12:06', '2020-04-17 19:12:06'),
(675, 21, 30, 'Grilled Beef Steak with Mushroom Sauce', 1, NULL, '2020-04-17 19:12:42', '2020-04-17 19:12:42'),
(676, 21, 30, 'White or Brown Rice', 1, NULL, '2020-04-17 19:12:42', '2020-04-17 19:12:42'),
(677, 21, 30, 'Small Salad', 1, NULL, '2020-04-17 19:12:42', '2020-04-17 19:12:42'),
(678, 21, 30, 'Cookies', 1, NULL, '2020-04-17 19:12:42', '2020-04-17 19:12:42'),
(679, 21, 30, 'Brownie', 1, NULL, '2020-04-17 19:12:42', '2020-04-17 19:12:42'),
(680, 21, 31, 'Chicken With Lemon Sauce', 1, NULL, '2020-04-17 19:13:32', '2020-04-17 19:13:32'),
(681, 21, 31, 'White or Brown Rice', 1, NULL, '2020-04-17 19:13:32', '2020-04-17 19:13:32'),
(682, 21, 31, 'Small Salad', 1, NULL, '2020-04-17 19:13:32', '2020-04-17 19:13:32'),
(683, 21, 31, 'Cookies', 1, NULL, '2020-04-17 19:13:32', '2020-04-17 19:13:32'),
(684, 21, 31, 'Brownie', 1, NULL, '2020-04-17 19:13:32', '2020-04-17 19:13:32'),
(685, 21, 32, 'Beef Stroganoff', 1, NULL, '2020-04-17 19:14:14', '2020-04-17 19:14:14'),
(686, 21, 32, 'Tagliatelle Pasta', 1, NULL, '2020-04-17 19:14:14', '2020-04-17 19:14:14'),
(687, 21, 32, 'Small Salad', 1, NULL, '2020-04-17 19:14:14', '2020-04-17 19:14:14'),
(688, 21, 32, 'Cookies', 1, NULL, '2020-04-17 19:14:14', '2020-04-17 19:14:14'),
(689, 21, 32, 'Brownie', 1, NULL, '2020-04-17 19:14:14', '2020-04-17 19:14:14');

-- --------------------------------------------------------

--
-- Table structure for table `planoptionmeals`
--

CREATE TABLE `planoptionmeals` (
  `id` int(11) NOT NULL,
  `category_name` varchar(255) NOT NULL,
  `created_at` timestamp NOT NULL DEFAULT CURRENT_TIMESTAMP,
  `updated_at` timestamp NOT NULL DEFAULT CURRENT_TIMESTAMP ON UPDATE CURRENT_TIMESTAMP
) ENGINE=InnoDB DEFAULT CHARSET=utf8mb4;

--
-- Dumping data for table `planoptionmeals`
--

INSERT INTO `planoptionmeals` (`id`, `category_name`, `created_at`, `updated_at`) VALUES
(7, '1 Meal Per Day: Option 1', '2020-04-16 20:53:57', '2020-04-16 20:53:57'),
(8, '1 Meal Per Day: Option 2', '2020-04-16 20:54:21', '2020-04-16 20:54:21'),
(9, '1 Meal Per Day: Option 3', '2020-04-16 20:54:37', '2020-04-16 20:54:37'),
(10, '1 Meal Per Day: Option 4', '2020-04-16 20:55:01', '2020-04-16 20:55:09'),
(11, '2 Meals Per Day: Option 1', '2020-04-16 21:52:15', '2020-04-16 21:52:15'),
(12, '2 Meals Per Day: Option 2', '2020-04-16 21:52:31', '2020-04-16 21:52:31'),
(13, '2 Meals Per Day: Option 3', '2020-04-16 21:52:45', '2020-04-16 21:52:45'),
(14, '2 Meals Per Day: Option 4', '2020-04-16 21:52:55', '2020-04-16 21:52:55'),
(15, '2 Meals Per Day: Option 5', '2020-04-16 21:53:25', '2020-04-16 21:53:25'),
(16, '2 Meals Per Day: Option 6', '2020-04-16 21:53:33', '2020-04-16 21:53:33'),
(17, '2 Meals Per Day: Option 7', '2020-04-16 21:53:47', '2020-04-16 21:53:47'),
(18, '3 Meals Per Day: Option 1', '2020-04-17 11:37:05', '2020-04-17 11:37:05'),
(19, '3 Meals Per Day: Option 2', '2020-04-17 11:37:34', '2020-04-17 11:37:34'),
(20, '3 Meals Per Day: Option 3', '2020-04-17 11:37:41', '2020-04-17 11:37:41'),
(21, '3 Meals Per Day: Option 4', '2020-04-17 11:37:49', '2020-04-17 11:37:49'),
(22, '3 Meals Per Day: Option 5', '2020-04-17 11:37:55', '2020-04-17 11:37:55'),
(23, '3 Meals Per Day: Option 6', '2020-04-17 11:38:02', '2020-04-17 11:38:02'),
(24, '3 Meals Per Day: Option 7', '2020-04-17 11:38:10', '2020-04-17 11:38:10'),
(25, '1 Meal Per Day: Option 5', '2020-04-17 13:35:20', '2020-04-17 13:35:20'),
(26, '1 Meal Per Day: Option 6', '2020-04-17 13:35:26', '2020-04-17 13:35:26'),
(27, '1 Meal Per Day: Option 7', '2020-04-17 13:35:33', '2020-04-17 13:35:33'),
(28, '1 Meal Per Day: Option 8', '2020-04-17 13:35:38', '2020-04-17 13:35:38'),
(29, '1 Meal Per Day: Option 9', '2020-04-17 13:35:46', '2020-04-17 13:35:46'),
(30, '1 Meal Per Day: Option 10', '2020-04-17 13:36:01', '2020-04-17 13:36:01'),
(31, '1 Meal Per Day: Option 11', '2020-04-17 13:36:10', '2020-04-17 13:36:10'),
(32, '1 Meal Per Day: Option 12', '2020-04-17 13:36:17', '2020-04-17 13:36:17');

-- --------------------------------------------------------

--
-- Table structure for table `planoptions`
--

CREATE TABLE `planoptions` (
  `id` int(11) NOT NULL,
  `plan_name` text NOT NULL,
  `category_id` int(11) NOT NULL,
  `plan_calories` int(11) NOT NULL DEFAULT '0',
  `plan_image` text NOT NULL,
  `plan_detail_image` text,
  `plan_description` text NOT NULL,
  `created_at` timestamp NOT NULL DEFAULT CURRENT_TIMESTAMP,
  `updated_at` timestamp NOT NULL DEFAULT CURRENT_TIMESTAMP ON UPDATE CURRENT_TIMESTAMP
) ENGINE=InnoDB DEFAULT CHARSET=utf8mb4;

--
-- Dumping data for table `planoptions`
--

INSERT INTO `planoptions` (`id`, `plan_name`, `category_id`, `plan_calories`, `plan_image`, `plan_detail_image`, `plan_description`, `created_at`, `updated_at`) VALUES
(18, '1 Meal Per Day for 7 Days', 4, 981, '202004162152_c_img8-1024x768.jpeg', '202006202051_footer-logo.png', 'One Meal Per Day', '2020-04-17 01:56:50', '2020-06-21 14:10:42'),
(19, '1 Meal Per Day for 14 Days', 4, 0, '202004162120_c_img4-1024x768.jpeg', NULL, '1 Meal Per Day for 14 Days', '2020-04-17 02:14:20', '2020-04-17 02:14:20'),
(20, '1 Meal Per Day for 21 Days', 4, 0, '202004162149_c_img8-1024x768.jpeg', NULL, '1 Meal Per Day for 21 Days', '2020-04-17 02:14:49', '2020-04-17 02:15:12'),
(21, '1 Meal Per Day for 28 Days', 4, 0, '202004162143_c_img8-1024x768.jpeg', NULL, '1 Meal Per Day for 28 Days', '2020-04-17 02:15:43', '2020-04-17 02:15:43'),
(23, '2 Meals Per Day for 7 Days', 6, 0, '202004162143_c_img8-1024x768.jpeg', NULL, '2 Meals Per Day for 7 Days', '2020-04-17 02:54:43', '2020-04-17 02:54:43'),
(24, '2 Meals Per Day for 14 Days', 6, 0, '202004171026_BLT_sandwich_on_toast.jpg', NULL, 'Two Meals Per Day', '2020-04-17 15:23:26', '2020-04-17 15:23:26'),
(25, '2 Meals Per Day for 21 Days', 6, 0, '202004171005_BLT_sandwich_on_toast.jpg', NULL, '2 Meals Per Day for 21 Days', '2020-04-17 15:46:05', '2020-04-17 15:46:05'),
(26, '2 Meals Per Day for 28 Days', 6, 0, '202004171122_BLT_sandwich_on_toast.jpg', NULL, '2 Meals Per Day for 28 Days', '2020-04-17 16:10:22', '2020-04-17 16:10:22'),
(27, '3 Meals Per Day for 7 Days', 7, 0, '202004171103_BLT_sandwich_on_toast.jpg', NULL, '3 Meals Per Day for 7 Days', '2020-04-17 16:36:03', '2020-04-17 16:36:03'),
(28, '3 Meals Per Day for 14 Days', 7, 0, '202004171241_BLT_sandwich_on_toast.jpg', NULL, '3 Meals Per Day for 14 Days', '2020-04-17 17:05:41', '2020-04-17 17:05:41'),
(29, '3 Meals Per Day for 21 Days', 7, 0, '202004171248_BLT_sandwich_on_toast.jpg', NULL, '3 Meals Per Day for 21 Days', '2020-04-17 17:55:48', '2020-04-17 17:55:48'),
(30, '3 Meals Per Day for 28 Days', 7, 23, '202006201812_images.jpg', '202006201812_download.jpg', '3 Meals Per Day for 28 Days', '2020-04-17 18:09:27', '2020-06-20 23:05:12');

-- --------------------------------------------------------

--
-- Table structure for table `planoptlistmeals`
--

CREATE TABLE `planoptlistmeals` (
  `id` int(11) NOT NULL,
  `planopt_id` int(11) NOT NULL,
  `meal_type` int(11) NOT NULL,
  `price` double DEFAULT '0',
  `single_img` text,
  `created_at` timestamp NOT NULL DEFAULT CURRENT_TIMESTAMP ON UPDATE CURRENT_TIMESTAMP,
  `updated_at` timestamp NOT NULL DEFAULT CURRENT_TIMESTAMP ON UPDATE CURRENT_TIMESTAMP
) ENGINE=InnoDB DEFAULT CHARSET=utf8mb4;

--
-- Dumping data for table `planoptlistmeals`
--

INSERT INTO `planoptlistmeals` (`id`, `planopt_id`, `meal_type`, `price`, `single_img`, `created_at`, `updated_at`) VALUES
(20, 18, 7, 37, '202006231045_light option salad.png', '2020-06-23 10:24:46', '2020-06-23 10:24:46'),
(21, 18, 8, 51, NULL, '2020-04-17 01:59:13', '2020-04-17 01:59:13'),
(22, 18, 9, 44, NULL, '2020-04-17 02:04:13', '2020-04-17 02:04:13'),
(23, 18, 10, 53, NULL, '2020-04-17 02:05:32', '2020-04-17 02:05:32'),
(24, 19, 7, 74, NULL, '2020-04-17 02:24:24', '2020-04-17 02:24:24'),
(25, 19, 8, 102, NULL, '2020-04-17 02:25:43', '2020-04-17 02:25:43'),
(26, 19, 9, 88, NULL, '2020-04-17 02:27:11', '2020-04-17 02:27:11'),
(27, 19, 10, 106, NULL, '2020-04-17 02:28:07', '2020-04-17 02:28:07'),
(28, 23, 11, 84, NULL, '2020-04-17 02:55:33', '2020-04-17 02:55:33'),
(29, 20, 7, 111, NULL, '2020-04-17 03:43:29', '2020-04-17 03:43:29'),
(30, 20, 8, 153, NULL, '2020-04-17 03:46:44', '2020-04-17 03:46:44'),
(31, 20, 9, 132, NULL, '2020-04-17 14:06:00', '2020-04-17 14:06:00'),
(32, 20, 10, 158, NULL, '2020-04-17 14:07:57', '2020-04-17 14:07:57'),
(33, 21, 7, 147, NULL, '2020-04-17 14:10:28', '2020-04-17 14:10:28'),
(34, 21, 8, 203, NULL, '2020-04-17 14:11:23', '2020-04-17 14:11:23'),
(35, 21, 9, 175, NULL, '2020-04-17 14:12:44', '2020-04-17 14:12:44'),
(36, 21, 10, 210, NULL, '2020-04-17 14:14:00', '2020-04-17 14:14:00'),
(37, 23, 12, 69, NULL, '2020-04-17 15:26:17', '2020-04-17 15:26:17'),
(38, 23, 13, 62, NULL, '2020-04-17 15:27:46', '2020-04-17 15:27:46'),
(39, 23, 14, 70, NULL, '2020-04-17 15:29:15', '2020-04-17 15:29:15'),
(40, 23, 15, 76, NULL, '2020-04-17 15:30:45', '2020-04-17 15:30:45'),
(41, 23, 16, 77, NULL, '2020-04-17 15:31:56', '2020-04-17 15:31:56'),
(42, 23, 17, 55, NULL, '2020-04-17 15:34:08', '2020-04-17 15:34:08'),
(43, 24, 11, 137, NULL, '2020-04-17 10:37:35', '2020-04-17 10:37:35'),
(44, 24, 12, 123, NULL, '2020-04-17 15:39:27', '2020-04-17 15:39:27'),
(45, 24, 13, 140, NULL, '2020-04-17 15:40:32', '2020-04-17 15:40:32'),
(46, 24, 14, 168, NULL, '2020-04-17 15:42:01', '2020-04-17 15:42:01'),
(47, 24, 15, 151, NULL, '2020-04-17 15:42:57', '2020-04-17 15:42:57'),
(48, 24, 16, 154, NULL, '2020-04-17 15:44:04', '2020-04-17 15:44:04'),
(49, 24, 17, 109, NULL, '2020-04-17 15:45:10', '2020-04-17 15:45:10'),
(50, 25, 11, 205, NULL, '2020-04-17 16:01:18', '2020-04-17 16:01:18'),
(51, 25, 12, 184, NULL, '2020-04-17 16:02:51', '2020-04-17 16:02:51'),
(52, 25, 13, 210, NULL, '2020-04-17 16:04:09', '2020-04-17 16:04:09'),
(53, 25, 14, 252, NULL, '2020-04-17 16:05:19', '2020-04-17 16:05:19'),
(54, 25, 15, 226, NULL, '2020-04-17 16:06:21', '2020-04-17 16:06:21'),
(55, 25, 16, 231, NULL, '2020-04-17 16:07:58', '2020-04-17 16:07:58'),
(56, 25, 17, 163, NULL, '2020-04-17 16:08:50', '2020-04-17 16:08:50'),
(57, 26, 11, 273, NULL, '2020-04-17 16:13:44', '2020-04-17 16:13:44'),
(58, 26, 12, 245, NULL, '2020-04-17 16:14:35', '2020-04-17 16:14:35'),
(59, 26, 13, 280, NULL, '2020-04-17 16:16:17', '2020-04-17 16:16:17'),
(60, 26, 14, 336, NULL, '2020-04-17 16:19:15', '2020-04-17 16:19:15'),
(61, 26, 15, 301, NULL, '2020-04-17 16:21:17', '2020-04-17 16:21:17'),
(62, 26, 16, 308, NULL, '2020-04-17 16:22:51', '2020-04-17 16:22:51'),
(63, 26, 17, 217, NULL, '2020-04-17 16:25:03', '2020-04-17 16:25:03'),
(64, 27, 18, 93, NULL, '2020-04-17 11:41:34', '2020-04-17 11:41:34'),
(65, 27, 19, 102, NULL, '2020-04-17 16:43:48', '2020-04-17 16:43:48'),
(66, 27, 13, 100, NULL, '2020-04-17 16:47:49', '2020-04-17 16:47:49'),
(67, 27, 21, 72, NULL, '2020-04-17 16:56:26', '2020-04-17 16:56:26'),
(68, 27, 22, 114, NULL, '2020-04-17 16:58:24', '2020-04-17 16:58:24'),
(69, 27, 23, 88, NULL, '2020-04-17 17:00:04', '2020-04-17 17:00:04'),
(70, 27, 24, 79, NULL, '2020-04-17 17:01:43', '2020-04-17 17:01:43'),
(71, 28, 18, 186, NULL, '2020-04-17 17:08:58', '2020-04-17 17:08:58'),
(72, 28, 19, 203, NULL, '2020-04-17 17:10:43', '2020-04-17 17:10:43'),
(73, 28, 20, 200, NULL, '2020-04-17 17:13:53', '2020-04-17 17:13:53'),
(74, 28, 21, 144, NULL, '2020-04-17 17:15:15', '2020-04-17 17:15:15'),
(75, 28, 22, 228, NULL, '2020-04-17 17:16:46', '2020-04-17 17:16:46'),
(76, 28, 23, 175, NULL, '2020-04-17 17:18:11', '2020-04-17 17:18:11'),
(77, 28, 24, 158, NULL, '2020-04-17 17:19:38', '2020-04-17 17:19:38'),
(78, 29, 18, 279, NULL, '2020-04-17 17:57:33', '2020-04-17 17:57:33'),
(79, 29, 19, 305, NULL, '2020-04-17 18:01:31', '2020-04-17 18:01:31'),
(80, 29, 20, 300, NULL, '2020-04-17 18:02:54', '2020-04-17 18:02:54'),
(81, 29, 21, 216, NULL, '2020-04-17 18:04:20', '2020-04-17 18:04:20'),
(82, 29, 22, 342, NULL, '2020-04-17 13:05:48', '2020-04-17 13:05:48'),
(83, 29, 23, 263, NULL, '2020-04-17 18:07:23', '2020-04-17 18:07:23'),
(84, 29, 24, 237, NULL, '2020-04-17 18:08:20', '2020-04-17 18:08:20'),
(85, 30, 18, 371, NULL, '2020-04-17 18:11:12', '2020-04-17 18:11:12'),
(86, 30, 19, 406, NULL, '2020-04-17 18:14:08', '2020-04-17 18:14:08'),
(87, 30, 20, 399, NULL, '2020-04-17 18:15:32', '2020-04-17 18:15:32'),
(88, 30, 21, 287, NULL, '2020-04-17 18:16:33', '2020-04-17 18:16:33'),
(89, 30, 22, 455, NULL, '2020-04-17 18:17:42', '2020-04-17 18:17:42'),
(90, 30, 23, 350, NULL, '2020-04-17 18:19:01', '2020-04-17 18:19:01'),
(91, 30, 24, 315, NULL, '2020-04-17 18:20:42', '2020-04-17 18:20:42'),
(92, 18, 25, 44, NULL, '2020-04-17 18:37:54', '2020-04-17 18:37:54'),
(93, 18, 26, 49, NULL, '2020-04-17 18:40:12', '2020-04-17 18:40:12'),
(94, 18, 27, 56, NULL, '2020-04-17 18:41:24', '2020-04-17 18:41:24'),
(95, 18, 28, 46, NULL, '2020-04-17 18:42:11', '2020-04-17 18:42:11'),
(96, 18, 29, 58, NULL, '2020-04-17 18:43:38', '2020-04-17 18:43:38'),
(97, 18, 30, 56, NULL, '2020-04-17 18:44:20', '2020-04-17 18:44:20'),
(98, 18, 31, 44, NULL, '2020-04-17 18:45:04', '2020-04-17 18:45:04'),
(99, 18, 32, 53, NULL, '2020-04-17 18:47:07', '2020-04-17 18:47:07'),
(100, 19, 25, 88, NULL, '2020-04-17 18:48:29', '2020-04-17 18:48:29'),
(101, 19, 26, 98, NULL, '2020-04-17 18:49:16', '2020-04-17 18:49:16'),
(102, 19, 27, 112, NULL, '2020-04-17 18:50:17', '2020-04-17 18:50:17'),
(103, 19, 28, 116, NULL, '2020-04-17 18:52:06', '2020-04-17 18:52:06'),
(104, 19, 29, 112, NULL, '2020-04-17 18:53:01', '2020-04-17 18:53:01'),
(105, 19, 30, 88, NULL, '2020-04-17 18:53:35', '2020-04-17 18:53:35'),
(106, 19, 31, 105, NULL, '2020-04-17 18:54:29', '2020-04-17 18:54:29'),
(107, 19, 32, 84, NULL, '2020-04-17 18:59:35', '2020-04-17 18:59:35'),
(108, 20, 25, 132, NULL, '2020-04-17 19:01:28', '2020-04-17 19:01:28'),
(109, 20, 26, 147, NULL, '2020-04-17 19:02:11', '2020-04-17 19:02:11'),
(110, 20, 27, 168, NULL, '2020-04-17 19:03:04', '2020-04-17 19:03:04'),
(111, 20, 28, 126, NULL, '2020-04-17 19:04:01', '2020-04-17 19:04:01'),
(112, 20, 29, 174, NULL, '2020-04-17 19:05:45', '2020-04-17 19:05:45'),
(113, 20, 30, 168, NULL, '2020-04-17 19:06:21', '2020-04-17 19:06:21'),
(114, 20, 31, 132, NULL, '2020-04-17 19:07:02', '2020-04-17 19:07:02'),
(115, 20, 32, 158, NULL, '2020-04-17 19:07:42', '2020-04-17 19:07:42'),
(116, 21, 25, 175, NULL, '2020-04-17 19:08:50', '2020-04-17 19:08:50'),
(117, 21, 26, 196, NULL, '2020-04-17 19:10:05', '2020-04-17 19:10:05'),
(118, 21, 27, 224, NULL, '2020-04-17 19:10:38', '2020-04-17 19:10:38'),
(119, 21, 28, 168, NULL, '2020-04-17 19:11:26', '2020-04-17 19:11:26'),
(120, 21, 29, 231, NULL, '2020-04-17 19:12:06', '2020-04-17 19:12:06'),
(121, 21, 30, 224, NULL, '2020-04-17 19:12:42', '2020-04-17 19:12:42'),
(122, 21, 31, 175, NULL, '2020-04-17 19:13:32', '2020-04-17 19:13:32'),
(123, 21, 32, 210, NULL, '2020-04-17 19:14:14', '2020-04-17 19:14:14');

-- --------------------------------------------------------

--
-- Table structure for table `reservations`
--

CREATE TABLE `reservations` (
  `id` bigint(20) UNSIGNED NOT NULL,
  `status` int(50) DEFAULT '0',
  `name` varchar(191) COLLATE utf8mb4_unicode_ci NOT NULL,
  `email` varchar(191) COLLATE utf8mb4_unicode_ci NOT NULL,
  `phone` varchar(191) COLLATE utf8mb4_unicode_ci NOT NULL,
  `person_quantity` int(11) NOT NULL,
  `date` varchar(191) COLLATE utf8mb4_unicode_ci NOT NULL,
  `time` varchar(191) COLLATE utf8mb4_unicode_ci NOT NULL,
  `message` text COLLATE utf8mb4_unicode_ci NOT NULL,
  `created_at` timestamp NULL DEFAULT NULL,
  `updated_at` timestamp NULL DEFAULT NULL
) ENGINE=InnoDB DEFAULT CHARSET=utf8mb4 COLLATE=utf8mb4_unicode_ci;

-- --------------------------------------------------------

--
-- Table structure for table `reviews`
--

CREATE TABLE `reviews` (
  `id` int(11) NOT NULL,
  `user_id` int(11) DEFAULT NULL,
  `food_id` int(11) NOT NULL,
  `ratings` int(11) DEFAULT NULL,
  `comments` text NOT NULL,
  `created_at` datetime NOT NULL DEFAULT CURRENT_TIMESTAMP,
  `updated_at` datetime NOT NULL DEFAULT CURRENT_TIMESTAMP
) ENGINE=InnoDB DEFAULT CHARSET=utf8mb4;

--
-- Dumping data for table `reviews`
--

INSERT INTO `reviews` (`id`, `user_id`, `food_id`, `ratings`, `comments`, `created_at`, `updated_at`) VALUES
(1, 8, 2, 2, 'i love to eat this type of food', '2020-04-17 05:48:39', '2020-04-17 05:48:39'),
(2, 1, 2, 4, 'ha g good one', '2020-04-17 05:54:29', '2020-04-17 05:54:29'),
(3, 8, 5, 5, 'jkjksda', '2020-04-17 07:18:23', '2020-04-17 07:18:23'),
(4, 8, 7, 3, 'i love this maa hungry food panada', '2020-04-17 07:23:40', '2020-04-17 07:23:40'),
(5, 8, 20, 3, 'hi its very fantastic dish eager to eat too much', '2020-04-19 15:49:23', '2020-04-19 15:49:23');

-- --------------------------------------------------------

--
-- Table structure for table `roles`
--

CREATE TABLE `roles` (
  `id` int(11) NOT NULL,
  `name` varchar(30) NOT NULL,
  `created_at` timestamp NOT NULL DEFAULT CURRENT_TIMESTAMP,
  `updated_at` timestamp NOT NULL DEFAULT CURRENT_TIMESTAMP
) ENGINE=InnoDB DEFAULT CHARSET=utf8mb4;

--
-- Dumping data for table `roles`
--

INSERT INTO `roles` (`id`, `name`, `created_at`, `updated_at`) VALUES
(1, 'Admin', '2020-06-16 19:00:00', '2020-06-16 19:00:00'),
(2, 'Kitchen', '2020-06-16 19:00:00', '2020-06-16 19:00:00'),
(3, 'Manager', '2020-06-16 19:00:00', '2020-06-16 19:00:00');

-- --------------------------------------------------------

--
-- Table structure for table `sliders`
--

CREATE TABLE `sliders` (
  `id` int(11) NOT NULL,
  `heading` varchar(100) NOT NULL,
  `paragraph` varchar(255) NOT NULL,
  `image` text NOT NULL,
  `created_at` datetime NOT NULL DEFAULT CURRENT_TIMESTAMP,
  `updated_at` datetime NOT NULL DEFAULT CURRENT_TIMESTAMP
) ENGINE=InnoDB DEFAULT CHARSET=utf8mb4;

--
-- Dumping data for table `sliders`
--

INSERT INTO `sliders` (`id`, `heading`, `paragraph`, `image`, `created_at`, `updated_at`) VALUES
(11, 'Healthy. Tasty. Fresh.', 'Light Options Restaurant. Healthy Food Company', '202006081152_slider.jpg', '2020-06-08 11:55:52', '2020-06-08 17:55:29'),
(12, 'Healthy Food', 'We deliver healthy food at your doorstep.', '202006142340_EatHealthy.png', '2020-06-08 12:25:22', '2020-06-14 23:44:40'),
(13, 'Healthy. Pure. Nutritious', 'Your health comes first.', '202006142310_plateandlogo.png', '2020-06-08 12:26:05', '2020-06-14 23:51:11'),
(14, 'Organic Food', 'Healthy Food Healthy Life', '202006081403_slider4.jpg', '2020-06-08 14:15:03', '2020-06-08 14:16:21');

-- --------------------------------------------------------

--
-- Table structure for table `social_settings`
--

CREATE TABLE `social_settings` (
  `id` bigint(20) UNSIGNED NOT NULL,
  `name` varchar(191) COLLATE utf8mb4_unicode_ci NOT NULL,
  `icon` varchar(191) COLLATE utf8mb4_unicode_ci NOT NULL,
  `link` varchar(191) COLLATE utf8mb4_unicode_ci NOT NULL,
  `created_at` timestamp NULL DEFAULT NULL,
  `updated_at` timestamp NULL DEFAULT NULL
) ENGINE=InnoDB DEFAULT CHARSET=utf8mb4 COLLATE=utf8mb4_unicode_ci;

--
-- Dumping data for table `social_settings`
--

INSERT INTO `social_settings` (`id`, `name`, `icon`, `link`, `created_at`, `updated_at`) VALUES
(1, 'facebook', 'fab fa-facebook', 'https://www.facebook.com/lightoptions.kuw', '2019-07-02 03:12:08', '2020-06-07 16:56:06'),
(5, 'instagram', 'fab fa-instagram', 'https://www.instagram.com/lightoptions.kw/', '2020-05-01 04:19:54', '2020-05-01 04:21:29'),
(6, 'twitter', 'fab fa-twitter', 'https://twitter.com/lightoptions', '2020-05-01 04:23:59', '2020-05-01 04:24:16');

-- --------------------------------------------------------

--
-- Table structure for table `testimonials`
--

CREATE TABLE `testimonials` (
  `id` bigint(20) UNSIGNED NOT NULL,
  `name` varchar(191) COLLATE utf8mb4_unicode_ci NOT NULL,
  `designation` varchar(191) COLLATE utf8mb4_unicode_ci NOT NULL,
  `profile_photo` varchar(191) COLLATE utf8mb4_unicode_ci NOT NULL,
  `message` text COLLATE utf8mb4_unicode_ci NOT NULL,
  `created_at` timestamp NULL DEFAULT NULL,
  `updated_at` timestamp NULL DEFAULT NULL
) ENGINE=InnoDB DEFAULT CHARSET=utf8mb4 COLLATE=utf8mb4_unicode_ci;

-- --------------------------------------------------------

--
-- Table structure for table `users`
--

CREATE TABLE `users` (
  `id` bigint(20) UNSIGNED NOT NULL,
  `name` varchar(191) COLLATE utf8mb4_unicode_ci NOT NULL,
  `ul_name` varchar(191) COLLATE utf8mb4_unicode_ci DEFAULT NULL,
  `profile_pic` text COLLATE utf8mb4_unicode_ci,
  `email` varchar(80) COLLATE utf8mb4_unicode_ci NOT NULL,
  `phone` varchar(30) COLLATE utf8mb4_unicode_ci DEFAULT NULL,
  `email_verified_at` timestamp NULL DEFAULT NULL,
  `password` varchar(191) COLLATE utf8mb4_unicode_ci NOT NULL,
  `remember_token` varchar(100) COLLATE utf8mb4_unicode_ci DEFAULT NULL,
  `shipping_address` text COLLATE utf8mb4_unicode_ci,
  `billing_address` text COLLATE utf8mb4_unicode_ci,
  `city` varchar(30) COLLATE utf8mb4_unicode_ci DEFAULT NULL,
  `postcode` varchar(50) COLLATE utf8mb4_unicode_ci DEFAULT NULL,
  `created_at` timestamp NULL DEFAULT NULL,
  `updated_at` timestamp NULL DEFAULT NULL
) ENGINE=InnoDB DEFAULT CHARSET=utf8mb4 COLLATE=utf8mb4_unicode_ci;

--
-- Dumping data for table `users`
--

INSERT INTO `users` (`id`, `name`, `ul_name`, `profile_pic`, `email`, `phone`, `email_verified_at`, `password`, `remember_token`, `shipping_address`, `billing_address`, `city`, `postcode`, `created_at`, `updated_at`) VALUES
(6, 'haseb', 'khan', NULL, 'haseb12@yahoo.com', '03214184521', NULL, '$2y$10$.E1YkDRn.oAKyX/AHZnlnurHSEfWrVo1DlNIvXhiV8qSBDhQqNQAO', '2lcbLkVUsr4NNTMfYgL3JT8MUuOwHgovfOvsPoPgILVI6aio4c10gnPfoDsD', NULL, NULL, NULL, NULL, NULL, NULL),
(8, 'bilal', 'azhar', NULL, 'bilalazhar125@gmail.com', '031445', NULL, '$2y$10$8RJUYxzepE6Ep5UuV6wwHeCJXMxtegJmYQbZ4wj7aaCiskPnPEfBa', NULL, NULL, '13098 Safat', 'salwa', '536378', NULL, '2020-06-13 00:52:04'),
(9, 'nawab', 'khan', NULL, 'ali@gmail.com', '9072873378979', NULL, '$2y$12$1JzgVqFZKlS.jGA2Ih8ycupL3TIwsCJtVM4O.Q4v2OQmLN1K58vTy', NULL, NULL, NULL, NULL, NULL, NULL, NULL),
(10, 'hsy', 'Anwar', NULL, 'haseebanwar022@gmail.com', '0300123456', NULL, '$2y$10$5xSt2Q7chHPOW.TvXZzVI.mQML6krWa4vu90kbJ1Ts4BhyNNjDxnS', NULL, 'Shipping Address', 'my Billing adress', 'Lahore', '123456', NULL, '2020-06-19 01:37:14'),
(11, 'ali', 'ali', NULL, 'aliahmed@gmail.com', '03001234567', NULL, '$2y$10$D6LzCfTpJjvB25vDWtzuEuYDj5CSk5bBeEaelr8igbqE987fvtIp.', NULL, NULL, NULL, NULL, NULL, NULL, NULL),
(12, 'yaqoob', 'Ali', NULL, 'yaqoob@gmail.com', '03001234567', NULL, '$2y$10$cPGj8FQNeC.ZkO2BiUFimu7GUO4jtx.w4lpKnuyRmC6kbmHbOy6cq', NULL, NULL, NULL, NULL, NULL, NULL, NULL),
(13, 'bilal', 'azhar', NULL, 'bilal.azhar@ivylabtech.com', '03314101718', NULL, '$2y$10$wagV7BlmybmhHTtD9Xo8nOwILNcmWghrDIWsXpX.UuHTbgD9Is6lW', NULL, NULL, NULL, NULL, NULL, NULL, NULL),
(15, 'bilal', 'azhar', NULL, 'bilal18@yahoo.com', '03314101718', NULL, '$2y$10$LKSxUuJxPPUnElHLk7eO/e4IFurzWtT5KW/3iKgmbqmbXRDsr6LCK', NULL, NULL, NULL, NULL, NULL, NULL, NULL),
(16, 'aftab', 'khan', NULL, 'aftab12@yahoo.com', '03144567891', NULL, '$2y$10$Uwq.Gg1DIhgCo.Yf79jMH.Kryzu.8F5TCEuvpJDsr7soSKB14wvSi', NULL, NULL, NULL, NULL, NULL, NULL, NULL),
(18, 'Hasaan', 'Malik', NULL, 'hasaan.malik10@gmail.com', '03211234567', NULL, '$2y$10$79gffkasRO9Me0AXHAQPnuiX38/nNzM2xQkvqDEiQUez8bjeORhua', NULL, NULL, NULL, NULL, NULL, NULL, NULL),
(20, 'Syed', 'Burhan Ahmad', NULL, 'br.wala@hotmail.com', '+3451406006', NULL, '$2y$10$JL12dvOe.csJV6qrPnEv1uPIrcGBVzBMveqhid4eNny43PLoCLC/y', NULL, NULL, NULL, NULL, NULL, NULL, NULL),
(22, 'Syed Waqas', 'Ahmad', NULL, 'waqgsii@gmail.com', '65040385', NULL, '$2y$10$MMlWashLvKJX/5V7uRASdeYuo2FfsjaI31jingyV02O0WrqVYchDO', NULL, NULL, 'Block 1, Building # 5, Floor 1, Flat 3', 'Hawalli', '25400', NULL, '2020-06-23 20:47:25'),
(24, 'Earlene Schuppe', 'Earlene Schuppe', NULL, 'cbuchanan10@hotmail.co.uk', '19775086024', NULL, '$2y$10$lgtQTDc65I5Q4pH0pouVoe7FS0Vwko67ELj2KcfW35e/vLGUAsaSC', NULL, NULL, NULL, NULL, NULL, NULL, NULL),
(25, 'Juana Goodwin', 'Juana Goodwin', NULL, 'yvette.p.pereira@bankofamerica.com', '16631006325', NULL, '$2y$10$ZCeMzKKRGvoh/CEFmivjDOQsyhyVrtMPxdB7NXpsMXPLUio9gQIW2', NULL, NULL, NULL, NULL, NULL, NULL, NULL),
(26, 'Catharine Dicki', 'Catharine Dicki', NULL, 'megan-lee@live.com', '14150420498', NULL, '$2y$10$hQBpxzZLQAIufxCIhmfs8.1n7XB6LzhBKzEYGiix7awlqIaNQWc1a', NULL, NULL, NULL, NULL, NULL, NULL, NULL),
(27, 'Sadie Carter', 'Sadie Carter', NULL, 'daveyhazel@aol.co.uk', '10850511118', NULL, '$2y$10$9.mD5dmX6jeDAhocKC.s1e58n2SaJcdCEmIfe6nrtL9eUHNC8yJmG', NULL, NULL, NULL, NULL, NULL, NULL, NULL),
(31, 'karim', 'mourad', NULL, 'krmmourad@gmail.com', '05343277584', NULL, '$2y$10$4BoLcIQGIubWaZYf6dUmC.iF8/08pkcJOZKsUMmgTy99jqTMKesRC', NULL, NULL, 'İnönü Mah. Halkalı Cad. No:206 Atakent Küçükçekmece / İstanbul', NULL, NULL, NULL, '2020-06-23 17:20:53'),
(32, 'Maribel', 'Legatis', NULL, 'maribel_lightoptions@yahoo.com', '60624440', NULL, '$2y$10$2d.WXIPLdqwm8KdEm8hcfu.9.udX347mX/3kU8jflMm2CA2sQ0iCW', NULL, 'Jabriya, Block 1a, Street 6, Building 181', 'Jabriya, Block 1a,Street 6,Building 181', NULL, NULL, NULL, '2020-06-09 13:10:46'),
(33, 'Maribel', 'Legatis', NULL, 'maribel_lightoptions@yahoo.com.ph', '60624440', NULL, '$2y$10$2WNm0lmnyG5FzOQr/dNOVuaJZleZFGGeY8u8TpyCt36OxMAPtlOsO', NULL, 'Jabriya, Block 1A ,Street 6, Building 181', 'Jabriya, Block 1A ,Street 6, Building 181', NULL, NULL, NULL, '2020-06-10 11:32:08'),
(34, 'Haseeb', 'Anwar', NULL, 'huk@gmail.com', '030027656898`', NULL, '$2y$10$zV/HyxJKxeFAwgD6chF2QOziQFtKz4phW3XvTGROhJLWbDZtYKMRW', NULL, NULL, NULL, NULL, NULL, NULL, NULL),
(36, 'M Haseeb', 'Anwar', NULL, 'jcs@gmail.com', '039879899898', NULL, '$2y$10$CT5YPQP3C7fBHfk3LidK4OuoCDJ6CuQQhtRqZ3wAX5Sof3JlcKnAK', NULL, NULL, NULL, NULL, NULL, NULL, NULL),
(39, 'Syed Waqas', 'Ahmad', NULL, 'waqdiamond@gmail.com', '50358848', NULL, '$2y$10$s0av3nchpsBTQPtczeuO1ehx6YqR6aKgw5rRQrei0v8k63q0RK3hm', NULL, NULL, NULL, NULL, NULL, NULL, NULL),
(40, 'Jailyn Boehm', 'Jailyn Boehm', NULL, 'nilsamignano@yahoo.com', '11885869322', NULL, '$2y$10$rkyJn/hYBUDRH4w2jr4rou8YV5MtlYc9gjTEot7sNrkYZGWlCOlvm', NULL, NULL, NULL, NULL, NULL, NULL, NULL),
(41, 'Flavie Lowe', 'Flavie Lowe', NULL, 'sarahrhall83@gmail.com', '17016924328', NULL, '$2y$10$0.clLqvfiO8l6AgyEELkx.oj3dsPBFMnk0gOf8Npd1uDDpiiZbyqS', NULL, NULL, NULL, NULL, NULL, NULL, NULL),
(42, 'Jaylan Schulist', 'Jaylan Schulist', NULL, 'sarayanmahesh2851@yahoo.com', '16235239667', NULL, '$2y$10$fKOBd3cSMEeu3in1Ic4Q8.YeoABpv/XW1aqXNUDWyyKodhWJBXhR.', NULL, NULL, NULL, NULL, NULL, NULL, NULL),
(43, 'Aida Johnston', 'Aida Johnston', NULL, 'th3l3fty@gmail.com', '15521205402', NULL, '$2y$10$KakafnrKW/SnTK8Wqpbm6ODczn2cySstZXunYkX4TuU7mCNUamNVq', NULL, NULL, NULL, NULL, NULL, NULL, NULL),
(44, 'Kayley Leffler', 'Kayley Leffler', NULL, 'charlesmartin@adidam.org', '15239751977', NULL, '$2y$10$It8ta4J1wMzaW/GpdwfneeoCRnLiy64W5OFQcg01EO2QNsfhvt2sS', NULL, NULL, NULL, NULL, NULL, NULL, NULL),
(45, 'Timmy Sauer', 'Timmy Sauer', NULL, 'sami.estafanous@gmail.com', '17665195888', NULL, '$2y$10$GHmxunD4Z6YmczaOJ1fPEOh2ZrkDcQ3lEV60VqmJFRAZ/Olq7V0R6', NULL, NULL, NULL, NULL, NULL, NULL, NULL),
(46, 'Stella D\'Amore Sr.', 'Stella D\'Amore Sr.', NULL, 'harborrat2003@yahoo.com', '14871128284', NULL, '$2y$10$DB/iDW/k00GfDuSAVbPLQuVIQZuHkPz5ABgUzAWItOAAoGyNAkBfW', NULL, NULL, NULL, NULL, NULL, NULL, NULL),
(47, 'monir', 'samir', NULL, 'monirsamir123456@gmail.com', '66910690', NULL, '$2y$10$qfu/Udyl9dmgWsNFMptqae98qXjJ94QDSjkz2K22qLJRKpgVaQp2m', NULL, NULL, NULL, NULL, NULL, NULL, NULL),
(48, 'MARIA', 'Asesor', NULL, 'teng_54@yahoo.com', '60640011', NULL, '$2y$10$k3i624vm3UqifOgct13iiu8Ra3xKDxHuGFxBQPVqsPT50j4Ii/SdW', NULL, NULL, NULL, NULL, NULL, NULL, NULL),
(49, 'IVY', 'RAMOS', NULL, 'Secreatarycvc@gmail.com', '66062127', NULL, '$2y$10$FELx5OuSk7.p40oep8dIkuDy3oIN/irgdq86T5mMlntBSzEneJ2yO', NULL, NULL, NULL, NULL, NULL, NULL, NULL),
(50, 'Fahad', 'Almuthfar', NULL, 'fmn2234@gmail.com', '50603633', NULL, '$2y$10$ncUkGXp18MH/e7/UfXXX/e4F8j7nKDNA0g37Ut4W9ppP9kb45p7D6', NULL, NULL, NULL, NULL, NULL, NULL, NULL),
(51, 'ahmed', 'elshazly', NULL, 'admin', '3103413730', NULL, '$2y$10$nvDQKlsw0llv/BMTaEx8ZOlOemyv39Z9PsLdek4pFqlgae5wx8txa', NULL, NULL, NULL, NULL, NULL, NULL, NULL),
(52, 'Mohammad', 'Ramadhan', NULL, 'someone@gmail.com', '55006504', NULL, '$2y$10$pHHVg5bL2t1V5L2O7dayK.sj3ys.oL3jBt8gv1tZGufkJ.Bk2gCqq', NULL, NULL, NULL, NULL, NULL, NULL, NULL),
(53, 'Reilly Mann', 'Reilly Mann', NULL, 'kaylasepe81@gmail.com', '15096890802', NULL, '$2y$10$cmJ8bNbDo/cPZkqP2O1eDOnzSFqGnSMGYVyALrkXDXDjdzPLC95yu', NULL, NULL, NULL, NULL, NULL, NULL, NULL),
(54, 'Jesus Mohr', 'Jesus Mohr', NULL, 'info@sea-kind.com', '12438877526', NULL, '$2y$10$XAs1RQIrrbZaZrdZF1ZLpezYDpE3XINfFOm4/jPlZ4eCV2vAMOxei', NULL, NULL, NULL, NULL, NULL, NULL, NULL),
(55, 'Araceli Deckow', 'Araceli Deckow', NULL, 'addsmith7@windstream.net', '13271226588', NULL, '$2y$10$cKKgSej1PSf5b3h9DeCzt.uqLs9h0HEindorqot11N/hddWWa61fq', NULL, NULL, NULL, NULL, NULL, NULL, NULL),
(56, 'Vivian Goldner', 'Vivian Goldner', NULL, '15125684548@mms.cricketwireless.net', '12472771460', NULL, '$2y$10$fLF1qwvdnhoOpzWcAsSR0OxCdMwwXs4L1xRWkAF9.K0qrZlAFhDRa', NULL, NULL, NULL, NULL, NULL, NULL, NULL),
(57, 'Bradley Osinski', 'Bradley Osinski', NULL, 'brickbyboringbrick@live.dk', '15987180448', NULL, '$2y$10$mTMrkTMSTilcQ3AcQYyda.jTG5Ljbta6BCd/CAu/kVEFh/0u5Poju', NULL, NULL, NULL, NULL, NULL, NULL, NULL),
(58, 'Anastacio Waelchi', 'Anastacio Waelchi', NULL, 'jonathanlamont1999@gmail.com', '17284522181', NULL, '$2y$10$AhvVaoNmecwIdKGNgQgZmO8ZdEdHPSFedTZTi9gQwIZGxsdg4PcEa', NULL, NULL, NULL, NULL, NULL, NULL, NULL);

--
-- Indexes for dumped tables
--

--
-- Indexes for table `about_settings`
--
ALTER TABLE `about_settings`
  ADD PRIMARY KEY (`id`);

--
-- Indexes for table `addons`
--
ALTER TABLE `addons`
  ADD PRIMARY KEY (`id`);

--
-- Indexes for table `addon_cats`
--
ALTER TABLE `addon_cats`
  ADD PRIMARY KEY (`id`);

--
-- Indexes for table `admins`
--
ALTER TABLE `admins`
  ADD PRIMARY KEY (`id`),
  ADD UNIQUE KEY `admins_email_unique` (`email`);

--
-- Indexes for table `assignaddons`
--
ALTER TABLE `assignaddons`
  ADD PRIMARY KEY (`id`);

--
-- Indexes for table `banners`
--
ALTER TABLE `banners`
  ADD PRIMARY KEY (`id`);

--
-- Indexes for table `blog_categories`
--
ALTER TABLE `blog_categories`
  ADD PRIMARY KEY (`id`);

--
-- Indexes for table `blog_posts`
--
ALTER TABLE `blog_posts`
  ADD PRIMARY KEY (`id`),
  ADD UNIQUE KEY `blog_posts_blog_slug_unique` (`blog_slug`),
  ADD KEY `blog_posts_blog_category_id_foreign` (`blog_category_id`);

--
-- Indexes for table `catoptionplans`
--
ALTER TABLE `catoptionplans`
  ADD PRIMARY KEY (`id`);

--
-- Indexes for table `catplans`
--
ALTER TABLE `catplans`
  ADD PRIMARY KEY (`id`);

--
-- Indexes for table `compostions`
--
ALTER TABLE `compostions`
  ADD PRIMARY KEY (`id`);

--
-- Indexes for table `contacts`
--
ALTER TABLE `contacts`
  ADD PRIMARY KEY (`id`);

--
-- Indexes for table `counters`
--
ALTER TABLE `counters`
  ADD PRIMARY KEY (`id`);

--
-- Indexes for table `customers`
--
ALTER TABLE `customers`
  ADD PRIMARY KEY (`id`);

--
-- Indexes for table `events`
--
ALTER TABLE `events`
  ADD PRIMARY KEY (`id`);

--
-- Indexes for table `foodplans`
--
ALTER TABLE `foodplans`
  ADD PRIMARY KEY (`id`);

--
-- Indexes for table `food_categories`
--
ALTER TABLE `food_categories`
  ADD PRIMARY KEY (`id`);

--
-- Indexes for table `food_galleries`
--
ALTER TABLE `food_galleries`
  ADD PRIMARY KEY (`id`),
  ADD KEY `food_galleries_food_category_id_foreign` (`food_category_id`);

--
-- Indexes for table `food_items`
--
ALTER TABLE `food_items`
  ADD PRIMARY KEY (`id`),
  ADD KEY `food_items_food_category_id_foreign` (`food_category_id`);

--
-- Indexes for table `front_end_settings`
--
ALTER TABLE `front_end_settings`
  ADD PRIMARY KEY (`id`);

--
-- Indexes for table `general_settings`
--
ALTER TABLE `general_settings`
  ADD PRIMARY KEY (`id`);

--
-- Indexes for table `languages`
--
ALTER TABLE `languages`
  ADD PRIMARY KEY (`id`);

--
-- Indexes for table `mealdetails`
--
ALTER TABLE `mealdetails`
  ADD PRIMARY KEY (`id`);

--
-- Indexes for table `mealplans`
--
ALTER TABLE `mealplans`
  ADD PRIMARY KEY (`id`);

--
-- Indexes for table `migrations`
--
ALTER TABLE `migrations`
  ADD PRIMARY KEY (`id`);

--
-- Indexes for table `orderplans`
--
ALTER TABLE `orderplans`
  ADD PRIMARY KEY (`id`);

--
-- Indexes for table `orderplansoptions`
--
ALTER TABLE `orderplansoptions`
  ADD PRIMARY KEY (`id`);

--
-- Indexes for table `orders`
--
ALTER TABLE `orders`
  ADD PRIMARY KEY (`id`);

--
-- Indexes for table `our_chefs`
--
ALTER TABLE `our_chefs`
  ADD PRIMARY KEY (`id`);

--
-- Indexes for table `password_resets`
--
ALTER TABLE `password_resets`
  ADD KEY `password_resets_email_index` (`email`);

--
-- Indexes for table `plancomposes`
--
ALTER TABLE `plancomposes`
  ADD PRIMARY KEY (`id`);

--
-- Indexes for table `plancompostions`
--
ALTER TABLE `plancompostions`
  ADD PRIMARY KEY (`id`);

--
-- Indexes for table `plandays`
--
ALTER TABLE `plandays`
  ADD PRIMARY KEY (`id`);

--
-- Indexes for table `plandetails`
--
ALTER TABLE `plandetails`
  ADD PRIMARY KEY (`id`);

--
-- Indexes for table `planoptdetails`
--
ALTER TABLE `planoptdetails`
  ADD PRIMARY KEY (`id`);

--
-- Indexes for table `planoptionmeals`
--
ALTER TABLE `planoptionmeals`
  ADD PRIMARY KEY (`id`);

--
-- Indexes for table `planoptions`
--
ALTER TABLE `planoptions`
  ADD PRIMARY KEY (`id`);

--
-- Indexes for table `planoptlistmeals`
--
ALTER TABLE `planoptlistmeals`
  ADD PRIMARY KEY (`id`);

--
-- Indexes for table `reservations`
--
ALTER TABLE `reservations`
  ADD PRIMARY KEY (`id`);

--
-- Indexes for table `reviews`
--
ALTER TABLE `reviews`
  ADD PRIMARY KEY (`id`);

--
-- Indexes for table `roles`
--
ALTER TABLE `roles`
  ADD PRIMARY KEY (`id`);

--
-- Indexes for table `sliders`
--
ALTER TABLE `sliders`
  ADD PRIMARY KEY (`id`);

--
-- Indexes for table `social_settings`
--
ALTER TABLE `social_settings`
  ADD PRIMARY KEY (`id`);

--
-- Indexes for table `testimonials`
--
ALTER TABLE `testimonials`
  ADD PRIMARY KEY (`id`);

--
-- Indexes for table `users`
--
ALTER TABLE `users`
  ADD PRIMARY KEY (`id`),
  ADD UNIQUE KEY `users_email_unique` (`email`);

--
-- AUTO_INCREMENT for dumped tables
--

--
-- AUTO_INCREMENT for table `about_settings`
--
ALTER TABLE `about_settings`
  MODIFY `id` bigint(20) UNSIGNED NOT NULL AUTO_INCREMENT, AUTO_INCREMENT=2;

--
-- AUTO_INCREMENT for table `addons`
--
ALTER TABLE `addons`
  MODIFY `id` int(11) NOT NULL AUTO_INCREMENT, AUTO_INCREMENT=39;

--
-- AUTO_INCREMENT for table `addon_cats`
--
ALTER TABLE `addon_cats`
  MODIFY `id` int(11) NOT NULL AUTO_INCREMENT, AUTO_INCREMENT=4;

--
-- AUTO_INCREMENT for table `admins`
--
ALTER TABLE `admins`
  MODIFY `id` bigint(20) UNSIGNED NOT NULL AUTO_INCREMENT, AUTO_INCREMENT=9;

--
-- AUTO_INCREMENT for table `assignaddons`
--
ALTER TABLE `assignaddons`
  MODIFY `id` int(11) NOT NULL AUTO_INCREMENT, AUTO_INCREMENT=620;

--
-- AUTO_INCREMENT for table `banners`
--
ALTER TABLE `banners`
  MODIFY `id` int(11) NOT NULL AUTO_INCREMENT, AUTO_INCREMENT=8;

--
-- AUTO_INCREMENT for table `blog_categories`
--
ALTER TABLE `blog_categories`
  MODIFY `id` bigint(20) UNSIGNED NOT NULL AUTO_INCREMENT, AUTO_INCREMENT=3;

--
-- AUTO_INCREMENT for table `blog_posts`
--
ALTER TABLE `blog_posts`
  MODIFY `id` bigint(20) UNSIGNED NOT NULL AUTO_INCREMENT, AUTO_INCREMENT=6;

--
-- AUTO_INCREMENT for table `catoptionplans`
--
ALTER TABLE `catoptionplans`
  MODIFY `id` int(11) NOT NULL AUTO_INCREMENT, AUTO_INCREMENT=8;

--
-- AUTO_INCREMENT for table `catplans`
--
ALTER TABLE `catplans`
  MODIFY `id` int(11) NOT NULL AUTO_INCREMENT, AUTO_INCREMENT=17;

--
-- AUTO_INCREMENT for table `compostions`
--
ALTER TABLE `compostions`
  MODIFY `id` int(11) NOT NULL AUTO_INCREMENT, AUTO_INCREMENT=815;

--
-- AUTO_INCREMENT for table `contacts`
--
ALTER TABLE `contacts`
  MODIFY `id` bigint(20) UNSIGNED NOT NULL AUTO_INCREMENT, AUTO_INCREMENT=2;

--
-- AUTO_INCREMENT for table `counters`
--
ALTER TABLE `counters`
  MODIFY `id` bigint(20) UNSIGNED NOT NULL AUTO_INCREMENT, AUTO_INCREMENT=5;

--
-- AUTO_INCREMENT for table `customers`
--
ALTER TABLE `customers`
  MODIFY `id` int(11) NOT NULL AUTO_INCREMENT, AUTO_INCREMENT=21;

--
-- AUTO_INCREMENT for table `events`
--
ALTER TABLE `events`
  MODIFY `id` bigint(20) UNSIGNED NOT NULL AUTO_INCREMENT;

--
-- AUTO_INCREMENT for table `foodplans`
--
ALTER TABLE `foodplans`
  MODIFY `id` int(11) NOT NULL AUTO_INCREMENT, AUTO_INCREMENT=24;

--
-- AUTO_INCREMENT for table `food_categories`
--
ALTER TABLE `food_categories`
  MODIFY `id` bigint(20) UNSIGNED NOT NULL AUTO_INCREMENT, AUTO_INCREMENT=19;

--
-- AUTO_INCREMENT for table `food_galleries`
--
ALTER TABLE `food_galleries`
  MODIFY `id` bigint(20) UNSIGNED NOT NULL AUTO_INCREMENT, AUTO_INCREMENT=2;

--
-- AUTO_INCREMENT for table `food_items`
--
ALTER TABLE `food_items`
  MODIFY `id` bigint(20) UNSIGNED NOT NULL AUTO_INCREMENT, AUTO_INCREMENT=144;

--
-- AUTO_INCREMENT for table `front_end_settings`
--
ALTER TABLE `front_end_settings`
  MODIFY `id` bigint(20) UNSIGNED NOT NULL AUTO_INCREMENT, AUTO_INCREMENT=2;

--
-- AUTO_INCREMENT for table `general_settings`
--
ALTER TABLE `general_settings`
  MODIFY `id` bigint(20) UNSIGNED NOT NULL AUTO_INCREMENT, AUTO_INCREMENT=2;

--
-- AUTO_INCREMENT for table `languages`
--
ALTER TABLE `languages`
  MODIFY `id` bigint(20) UNSIGNED NOT NULL AUTO_INCREMENT, AUTO_INCREMENT=2;

--
-- AUTO_INCREMENT for table `mealdetails`
--
ALTER TABLE `mealdetails`
  MODIFY `id` int(11) NOT NULL AUTO_INCREMENT, AUTO_INCREMENT=724;

--
-- AUTO_INCREMENT for table `mealplans`
--
ALTER TABLE `mealplans`
  MODIFY `id` int(11) NOT NULL AUTO_INCREMENT, AUTO_INCREMENT=115;

--
-- AUTO_INCREMENT for table `migrations`
--
ALTER TABLE `migrations`
  MODIFY `id` int(10) UNSIGNED NOT NULL AUTO_INCREMENT, AUTO_INCREMENT=21;

--
-- AUTO_INCREMENT for table `orderplans`
--
ALTER TABLE `orderplans`
  MODIFY `id` int(11) NOT NULL AUTO_INCREMENT, AUTO_INCREMENT=162;

--
-- AUTO_INCREMENT for table `orderplansoptions`
--
ALTER TABLE `orderplansoptions`
  MODIFY `id` int(11) NOT NULL AUTO_INCREMENT, AUTO_INCREMENT=125;

--
-- AUTO_INCREMENT for table `orders`
--
ALTER TABLE `orders`
  MODIFY `id` bigint(20) UNSIGNED NOT NULL AUTO_INCREMENT, AUTO_INCREMENT=345;

--
-- AUTO_INCREMENT for table `our_chefs`
--
ALTER TABLE `our_chefs`
  MODIFY `id` bigint(20) UNSIGNED NOT NULL AUTO_INCREMENT;

--
-- AUTO_INCREMENT for table `plancomposes`
--
ALTER TABLE `plancomposes`
  MODIFY `id` int(11) NOT NULL AUTO_INCREMENT, AUTO_INCREMENT=7;

--
-- AUTO_INCREMENT for table `plancompostions`
--
ALTER TABLE `plancompostions`
  MODIFY `id` int(11) NOT NULL AUTO_INCREMENT, AUTO_INCREMENT=37;

--
-- AUTO_INCREMENT for table `plandays`
--
ALTER TABLE `plandays`
  MODIFY `id` int(11) NOT NULL AUTO_INCREMENT, AUTO_INCREMENT=43;

--
-- AUTO_INCREMENT for table `plandetails`
--
ALTER TABLE `plandetails`
  MODIFY `id` int(11) NOT NULL AUTO_INCREMENT, AUTO_INCREMENT=147;

--
-- AUTO_INCREMENT for table `planoptdetails`
--
ALTER TABLE `planoptdetails`
  MODIFY `id` int(11) NOT NULL AUTO_INCREMENT, AUTO_INCREMENT=690;

--
-- AUTO_INCREMENT for table `planoptionmeals`
--
ALTER TABLE `planoptionmeals`
  MODIFY `id` int(11) NOT NULL AUTO_INCREMENT, AUTO_INCREMENT=33;

--
-- AUTO_INCREMENT for table `planoptions`
--
ALTER TABLE `planoptions`
  MODIFY `id` int(11) NOT NULL AUTO_INCREMENT, AUTO_INCREMENT=31;

--
-- AUTO_INCREMENT for table `planoptlistmeals`
--
ALTER TABLE `planoptlistmeals`
  MODIFY `id` int(11) NOT NULL AUTO_INCREMENT, AUTO_INCREMENT=124;

--
-- AUTO_INCREMENT for table `reservations`
--
ALTER TABLE `reservations`
  MODIFY `id` bigint(20) UNSIGNED NOT NULL AUTO_INCREMENT;

--
-- AUTO_INCREMENT for table `reviews`
--
ALTER TABLE `reviews`
  MODIFY `id` int(11) NOT NULL AUTO_INCREMENT, AUTO_INCREMENT=6;

--
-- AUTO_INCREMENT for table `roles`
--
ALTER TABLE `roles`
  MODIFY `id` int(11) NOT NULL AUTO_INCREMENT, AUTO_INCREMENT=4;

--
-- AUTO_INCREMENT for table `sliders`
--
ALTER TABLE `sliders`
  MODIFY `id` int(11) NOT NULL AUTO_INCREMENT, AUTO_INCREMENT=15;

--
-- AUTO_INCREMENT for table `social_settings`
--
ALTER TABLE `social_settings`
  MODIFY `id` bigint(20) UNSIGNED NOT NULL AUTO_INCREMENT, AUTO_INCREMENT=7;

--
-- AUTO_INCREMENT for table `testimonials`
--
ALTER TABLE `testimonials`
  MODIFY `id` bigint(20) UNSIGNED NOT NULL AUTO_INCREMENT;

--
-- AUTO_INCREMENT for table `users`
--
ALTER TABLE `users`
  MODIFY `id` bigint(20) UNSIGNED NOT NULL AUTO_INCREMENT, AUTO_INCREMENT=59;

--
-- Constraints for dumped tables
--

--
-- Constraints for table `blog_posts`
--
ALTER TABLE `blog_posts`
  ADD CONSTRAINT `blog_posts_blog_category_id_foreign` FOREIGN KEY (`blog_category_id`) REFERENCES `blog_categories` (`id`) ON DELETE CASCADE;

--
-- Constraints for table `food_galleries`
--
ALTER TABLE `food_galleries`
  ADD CONSTRAINT `food_galleries_food_category_id_foreign` FOREIGN KEY (`food_category_id`) REFERENCES `food_categories` (`id`) ON DELETE CASCADE;

--
-- Constraints for table `food_items`
--
ALTER TABLE `food_items`
  ADD CONSTRAINT `food_items_food_category_id_foreign` FOREIGN KEY (`food_category_id`) REFERENCES `food_categories` (`id`) ON DELETE CASCADE;
COMMIT;

/*!40101 SET CHARACTER_SET_CLIENT=@OLD_CHARACTER_SET_CLIENT */;
/*!40101 SET CHARACTER_SET_RESULTS=@OLD_CHARACTER_SET_RESULTS */;
/*!40101 SET COLLATION_CONNECTION=@OLD_COLLATION_CONNECTION */;
